id,Date,Time,Location,Crime
1,04/02/2023,11:53,CLB,Sexual Incident Reports
2,23/08/2023,12:34,CLB,Sexual Incident Reports
3,15/05/2023,12:31,M&D,stolen items
4,15/09/2023,22:02,CDE,cases of emergency
5,21/02/2023,19:42,RCs,stolen items
6,15/12/2022,5:21,FOS,Sexual Incident Reports
7,19/12/2022,16:44,Halls,stolen items
8,26/10/2022,9:17,M&D,stolen items
9,18/03/2023,19:51,UTown,Sexual Incident Reports
10,26/05/2023,12:52,CLB,stolen items
11,17/09/2023,18:12,FOS,damaged properties
12,19/12/2022,4:21,UTown,cases of emergency
13,29/01/2023,19:39,FASS,stolen items
14,03/03/2023,12:37,CLB,Lost and Found
15,23/02/2023,20:15,M&D,cases of emergency
16,26/01/2023,16:28,FASS,Lost and Found
17,06/12/2022,0:39,CDE,stolen items
18,03/08/2023,11:53,FASS,cases of emergency
19,06/01/2023,14:15,FOS,cases of emergency
20,19/02/2023,2:33,Sports Complex,Sexual Incident Reports
21,03/01/2023,22:33,CDE,stolen items
22,02/01/2023,16:10,RCs,cases of emergency
23,10/02/2023,1:17,Halls,Sexual Incident Reports
24,21/01/2023,18:13,CLB,damaged properties
25,24/05/2023,21:17,FOS,stolen items
26,12/05/2023,17:24,FOC,stolen items
27,18/04/2023,14:32,Halls,stolen items
28,11/05/2023,13:24,Buisness,Sexual Incident Reports
29,19/01/2023,18:19,Sports Complex,cases of emergency
30,28/10/2022,11:48,M&D,stolen items
31,05/02/2023,1:11,FOC,Lost and Found
32,16/05/2023,16:30,FOS,cases of emergency
33,15/09/2023,5:12,FOC,Lost and Found
34,04/10/2023,11:56,Buisness,Sexual Incident Reports
35,03/11/2022,9:35,FOS,damaged properties
36,16/02/2023,22:10,FASS,damaged properties
37,24/01/2023,6:34,Buisness,stolen items
38,13/04/2023,15:55,FOC,damaged properties
39,03/07/2023,8:55,RCs,Lost and Found
40,10/08/2023,8:08,FOS,stolen items
41,13/06/2023,12:34,FASS,damaged properties
42,15/08/2023,6:55,FOS,cases of emergency
43,16/12/2022,7:41,FOC,Lost and Found
44,29/01/2023,13:01,RCs,cases of emergency
45,03/10/2023,1:20,UTown,Sexual Incident Reports
46,25/04/2023,7:48,UTown,stolen items
47,06/10/2023,23:11,Buisness,stolen items
48,03/09/2023,2:35,M&D,Lost and Found
49,24/11/2022,10:13,CDE,stolen items
50,02/04/2023,12:43,Halls,cases of emergency
51,07/03/2023,6:11,FASS,stolen items
52,03/10/2023,21:38,Halls,Lost and Found
53,15/03/2023,19:38,CDE,Sexual Incident Reports
54,12/11/2022,8:16,FOC,cases of emergency
55,20/12/2022,21:11,FASS,Sexual Incident Reports
56,29/12/2022,6:56,M&D,cases of emergency
57,08/05/2023,23:22,UTown,cases of emergency
58,15/07/2023,12:18,Buisness,cases of emergency
59,06/05/2023,15:19,FOS,Lost and Found
60,27/06/2023,0:20,FASS,stolen items
61,26/09/2023,3:36,FOS,cases of emergency
62,26/09/2023,20:16,CDE,stolen items
63,16/07/2023,8:09,CDE,stolen items
64,30/09/2023,22:31,Sports Complex,Sexual Incident Reports
65,28/10/2022,12:05,CDE,Lost and Found
66,01/06/2023,16:04,M&D,damaged properties
67,29/06/2023,18:53,Buisness,stolen items
68,25/06/2023,4:35,FOS,Sexual Incident Reports
69,31/10/2022,20:51,FOC,Sexual Incident Reports
70,18/12/2022,13:44,M&D,cases of emergency
71,07/01/2023,21:05,Halls,Sexual Incident Reports
72,10/03/2023,4:51,UTown,stolen items
73,24/01/2023,9:32,M&D,cases of emergency
74,04/04/2023,10:51,CLB,Lost and Found
75,05/07/2023,19:34,CDE,Lost and Found
76,27/11/2022,23:41,UTown,Lost and Found
77,14/12/2022,18:42,Halls,cases of emergency
78,16/07/2023,8:09,CDE,damaged properties
79,21/09/2023,10:53,FOS,Sexual Incident Reports
80,27/11/2022,10:23,Buisness,damaged properties
81,23/03/2023,11:19,CDE,Sexual Incident Reports
82,10/09/2023,8:09,Buisness,cases of emergency
83,26/08/2023,16:07,Sports Complex,cases of emergency
84,02/03/2023,2:47,UTown,Sexual Incident Reports
85,05/08/2023,18:26,Halls,Lost and Found
86,04/03/2023,4:25,Halls,Lost and Found
87,28/01/2023,19:46,FOC,stolen items
88,18/10/2022,23:40,RCs,damaged properties
89,17/05/2023,11:42,RCs,Sexual Incident Reports
90,17/08/2023,14:06,UTown,cases of emergency
91,22/04/2023,11:40,FOC,Lost and Found
92,02/01/2023,5:57,FOS,stolen items
93,29/10/2022,21:43,CDE,Lost and Found
94,29/06/2023,22:15,Halls,cases of emergency
95,08/11/2022,2:15,RCs,cases of emergency
96,08/02/2023,10:21,UTown,Lost and Found
97,27/11/2022,2:17,Buisness,Lost and Found
98,11/02/2023,9:58,FOS,stolen items
99,16/06/2023,1:39,M&D,Lost and Found
100,26/02/2023,1:35,Buisness,stolen items
101,05/02/2023,11:30,RCs,Sexual Incident Reports
102,26/01/2023,18:38,CLB,Sexual Incident Reports
103,07/03/2023,13:13,M&D,Sexual Incident Reports
104,02/10/2023,17:27,CDE,Sexual Incident Reports
105,30/11/2022,7:11,UTown,damaged properties
106,28/02/2023,12:34,UTown,Sexual Incident Reports
107,07/12/2022,5:47,Buisness,damaged properties
108,16/11/2022,11:32,CDE,stolen items
109,27/06/2023,12:47,CLB,Lost and Found
110,05/12/2022,11:55,Halls,Sexual Incident Reports
111,16/03/2023,22:05,CDE,Sexual Incident Reports
112,21/04/2023,23:03,M&D,stolen items
113,01/02/2023,14:04,FASS,Sexual Incident Reports
114,24/04/2023,14:48,Buisness,damaged properties
115,17/08/2023,9:42,UTown,stolen items
116,30/04/2023,1:57,UTown,Lost and Found
117,10/03/2023,5:07,RCs,Lost and Found
118,12/03/2023,17:47,FOS,stolen items
119,01/12/2022,20:01,Halls,Sexual Incident Reports
120,15/08/2023,20:58,FOS,damaged properties
121,09/03/2023,11:10,FOS,stolen items
122,18/04/2023,18:22,Sports Complex,damaged properties
123,14/08/2023,2:46,M&D,stolen items
124,23/11/2022,13:26,Buisness,Sexual Incident Reports
125,27/11/2022,0:24,Buisness,Lost and Found
126,06/09/2023,17:37,FOS,Lost and Found
127,17/01/2023,1:41,Buisness,Lost and Found
128,14/10/2023,22:43,FOC,stolen items
129,28/12/2022,15:21,FASS,Sexual Incident Reports
130,08/04/2023,15:47,RCs,damaged properties
131,28/12/2022,2:23,Buisness,stolen items
132,16/02/2023,23:06,FOC,stolen items
133,28/05/2023,20:33,Buisness,Sexual Incident Reports
134,15/07/2023,5:53,CLB,stolen items
135,18/09/2023,11:55,Sports Complex,stolen items
136,19/10/2022,12:13,Sports Complex,cases of emergency
137,19/03/2023,11:41,UTown,cases of emergency
138,26/05/2023,22:27,FOS,Sexual Incident Reports
139,13/06/2023,22:56,Halls,cases of emergency
140,15/07/2023,21:51,Halls,Lost and Found
141,18/11/2022,23:55,RCs,damaged properties
142,17/10/2022,19:17,CLB,damaged properties
143,12/11/2022,3:55,RCs,cases of emergency
144,22/08/2023,19:55,FOS,Sexual Incident Reports
145,19/12/2022,15:52,FOS,Lost and Found
146,16/12/2022,0:31,RCs,damaged properties
147,18/01/2023,9:49,RCs,damaged properties
148,05/11/2022,12:24,FOS,damaged properties
149,01/04/2023,10:17,FOS,stolen items
150,24/11/2022,8:26,M&D,Lost and Found
151,10/04/2023,13:07,UTown,damaged properties
152,28/06/2023,21:55,Buisness,Sexual Incident Reports
153,17/05/2023,12:24,UTown,cases of emergency
154,05/10/2023,4:54,FASS,Lost and Found
155,26/03/2023,6:05,FOC,cases of emergency
156,06/02/2023,10:29,Halls,cases of emergency
157,01/01/2023,16:48,FASS,stolen items
158,10/09/2023,0:24,CLB,Lost and Found
159,01/03/2023,17:40,CDE,damaged properties
160,07/07/2023,1:08,Buisness,Sexual Incident Reports
161,18/07/2023,14:29,CLB,damaged properties
162,11/06/2023,8:29,UTown,Lost and Found
163,08/01/2023,5:25,Halls,stolen items
164,29/09/2023,23:20,FASS,damaged properties
165,12/06/2023,22:19,Buisness,cases of emergency
166,18/01/2023,20:32,Buisness,damaged properties
167,10/03/2023,19:32,FASS,Lost and Found
168,19/08/2023,15:32,Halls,cases of emergency
169,16/02/2023,6:08,RCs,damaged properties
170,16/10/2023,1:54,M&D,Lost and Found
171,12/04/2023,5:55,FOS,Lost and Found
172,05/11/2022,22:30,Halls,Sexual Incident Reports
173,31/12/2022,13:28,CDE,stolen items
174,17/04/2023,10:40,Halls,damaged properties
175,01/10/2023,16:31,FASS,Sexual Incident Reports
176,09/10/2023,6:06,UTown,stolen items
177,12/03/2023,10:31,FOC,stolen items
178,28/06/2023,19:27,M&D,stolen items
179,03/10/2023,6:43,FOS,stolen items
180,16/04/2023,22:51,UTown,Sexual Incident Reports
181,02/03/2023,22:10,CLB,stolen items
182,21/10/2022,10:45,FASS,cases of emergency
183,31/01/2023,14:23,Sports Complex,Lost and Found
184,27/07/2023,22:02,Buisness,damaged properties
185,09/02/2023,19:08,Halls,Lost and Found
186,05/09/2023,8:13,CDE,Sexual Incident Reports
187,02/08/2023,18:03,FASS,Lost and Found
188,09/12/2022,2:32,UTown,damaged properties
189,06/12/2022,4:02,FOS,Lost and Found
190,15/05/2023,0:21,M&D,stolen items
191,10/07/2023,6:47,CLB,cases of emergency
192,28/06/2023,21:26,M&D,Sexual Incident Reports
193,15/07/2023,12:46,Halls,damaged properties
194,04/03/2023,0:05,Halls,damaged properties
195,21/12/2022,18:24,M&D,Sexual Incident Reports
196,28/03/2023,7:30,Sports Complex,Sexual Incident Reports
197,14/04/2023,20:47,CDE,Lost and Found
198,18/05/2023,16:34,CDE,damaged properties
199,23/04/2023,21:08,FOS,stolen items
200,18/01/2023,14:13,FOS,cases of emergency
201,21/10/2022,14:57,UTown,stolen items
202,16/11/2022,22:27,CLB,stolen items
203,08/12/2022,20:12,FOS,stolen items
204,07/06/2023,2:42,UTown,stolen items
205,14/02/2023,10:33,FASS,stolen items
206,17/04/2023,12:00,UTown,Sexual Incident Reports
207,21/01/2023,19:18,Sports Complex,stolen items
208,18/04/2023,2:10,Buisness,cases of emergency
209,19/06/2023,18:10,RCs,Sexual Incident Reports
210,19/04/2023,6:16,Halls,damaged properties
211,17/11/2022,6:39,M&D,Lost and Found
212,11/01/2023,3:54,Buisness,stolen items
213,08/01/2023,11:55,Sports Complex,Sexual Incident Reports
214,11/09/2023,3:51,CLB,Sexual Incident Reports
215,14/01/2023,19:41,UTown,Lost and Found
216,16/08/2023,20:40,Sports Complex,Lost and Found
217,21/06/2023,6:33,Sports Complex,stolen items
218,10/05/2023,17:41,FOC,stolen items
219,20/06/2023,4:04,UTown,Lost and Found
220,10/09/2023,18:19,Sports Complex,Sexual Incident Reports
221,24/02/2023,7:12,Buisness,cases of emergency
222,21/07/2023,21:37,Sports Complex,cases of emergency
223,18/01/2023,11:18,FOS,Lost and Found
224,06/04/2023,6:16,CLB,cases of emergency
225,28/10/2022,2:44,Buisness,Lost and Found
226,13/12/2022,16:37,UTown,Lost and Found
227,21/12/2022,12:27,CLB,Lost and Found
228,01/05/2023,11:45,CLB,damaged properties
229,27/12/2022,9:21,Halls,Sexual Incident Reports
230,28/04/2023,22:39,Buisness,damaged properties
231,05/06/2023,4:56,FASS,stolen items
232,25/11/2022,17:10,CDE,Lost and Found
233,09/10/2023,7:25,RCs,stolen items
234,26/06/2023,23:49,CLB,cases of emergency
235,07/05/2023,9:06,FOS,cases of emergency
236,25/12/2022,11:30,M&D,cases of emergency
237,28/03/2023,23:30,CLB,cases of emergency
238,26/04/2023,12:15,M&D,Sexual Incident Reports
239,26/12/2022,11:32,Halls,stolen items
240,02/10/2023,20:49,FOS,cases of emergency
241,09/12/2022,5:10,CLB,stolen items
242,18/01/2023,5:20,M&D,stolen items
243,14/05/2023,18:24,FASS,cases of emergency
244,14/06/2023,11:27,M&D,stolen items
245,08/05/2023,19:18,Halls,Sexual Incident Reports
246,24/01/2023,6:23,FOS,stolen items
247,16/01/2023,0:11,FASS,stolen items
248,03/11/2022,15:04,CDE,Sexual Incident Reports
249,18/10/2022,3:17,FOC,Sexual Incident Reports
250,17/03/2023,20:50,M&D,Sexual Incident Reports
251,19/07/2023,18:41,Halls,Sexual Incident Reports
252,19/11/2022,10:39,Buisness,cases of emergency
253,24/11/2022,21:03,RCs,stolen items
254,14/11/2022,11:16,CLB,stolen items
255,19/04/2023,20:15,M&D,Sexual Incident Reports
256,11/08/2023,8:01,Sports Complex,stolen items
257,25/04/2023,4:26,FOC,Sexual Incident Reports
258,29/04/2023,1:16,FOC,Sexual Incident Reports
259,25/07/2023,21:07,FASS,Lost and Found
260,21/01/2023,19:07,CLB,stolen items
261,04/07/2023,0:18,UTown,Sexual Incident Reports
262,20/02/2023,0:52,FASS,Sexual Incident Reports
263,03/02/2023,19:22,FOC,stolen items
264,05/02/2023,11:15,RCs,Lost and Found
265,08/04/2023,14:14,CLB,Lost and Found
266,08/05/2023,4:21,M&D,Sexual Incident Reports
267,15/06/2023,17:56,Buisness,Sexual Incident Reports
268,30/04/2023,3:06,RCs,cases of emergency
269,01/05/2023,3:52,Buisness,stolen items
270,19/09/2023,17:03,Sports Complex,stolen items
271,05/04/2023,12:58,FOS,stolen items
272,25/02/2023,13:59,Sports Complex,damaged properties
273,22/09/2023,2:11,Halls,Lost and Found
274,09/05/2023,22:01,Halls,stolen items
275,23/10/2022,4:45,RCs,Sexual Incident Reports
276,31/03/2023,8:28,RCs,damaged properties
277,17/02/2023,22:25,CLB,Sexual Incident Reports
278,13/04/2023,0:55,RCs,cases of emergency
279,23/07/2023,10:36,FASS,damaged properties
280,20/04/2023,5:11,CLB,cases of emergency
281,17/03/2023,18:57,FASS,Sexual Incident Reports
282,27/08/2023,18:36,Sports Complex,stolen items
283,23/12/2022,10:33,FOC,cases of emergency
284,19/12/2022,22:15,Buisness,cases of emergency
285,29/10/2022,15:43,RCs,Lost and Found
286,03/09/2023,23:52,Sports Complex,Lost and Found
287,23/01/2023,7:03,CLB,Sexual Incident Reports
288,24/04/2023,23:10,RCs,cases of emergency
289,10/06/2023,20:24,UTown,Sexual Incident Reports
290,25/09/2023,2:13,FOC,cases of emergency
291,10/07/2023,18:24,Buisness,stolen items
292,04/02/2023,16:13,Buisness,Lost and Found
293,22/06/2023,12:58,FOS,cases of emergency
294,15/11/2022,12:37,RCs,Sexual Incident Reports
295,08/03/2023,4:19,FOC,Lost and Found
296,23/11/2022,17:17,Halls,stolen items
297,11/04/2023,22:02,FOC,stolen items
298,11/01/2023,13:52,Buisness,stolen items
299,21/02/2023,16:26,RCs,stolen items
300,26/04/2023,17:22,UTown,damaged properties
301,06/05/2023,20:24,FOS,stolen items
302,04/11/2022,12:02,UTown,Lost and Found
303,21/02/2023,9:20,RCs,Lost and Found
304,18/12/2022,16:55,FOC,stolen items
305,25/11/2022,18:57,RCs,cases of emergency
306,28/09/2023,3:45,Sports Complex,cases of emergency
307,29/12/2022,8:51,Buisness,damaged properties
308,27/12/2022,13:53,Sports Complex,Lost and Found
309,13/03/2023,6:52,FOS,Lost and Found
310,10/11/2022,15:06,RCs,stolen items
311,29/09/2023,18:35,CLB,damaged properties
312,18/09/2023,14:05,M&D,stolen items
313,09/07/2023,11:14,M&D,Lost and Found
314,15/07/2023,5:12,CDE,cases of emergency
315,18/12/2022,10:00,CDE,damaged properties
316,17/02/2023,4:01,CDE,damaged properties
317,18/12/2022,5:59,FOS,damaged properties
318,26/08/2023,10:11,FOC,damaged properties
319,12/09/2023,12:39,RCs,damaged properties
320,06/05/2023,22:18,Buisness,stolen items
321,10/07/2023,17:45,FOC,cases of emergency
322,16/02/2023,15:59,CDE,stolen items
323,29/08/2023,20:02,FASS,cases of emergency
324,04/07/2023,5:34,CLB,stolen items
325,21/12/2022,8:09,Sports Complex,stolen items
326,30/10/2022,8:49,Buisness,Sexual Incident Reports
327,07/05/2023,21:42,Buisness,cases of emergency
328,05/11/2022,3:42,CDE,cases of emergency
329,13/03/2023,0:49,Buisness,cases of emergency
330,31/05/2023,7:11,CLB,Lost and Found
331,14/11/2022,15:08,Sports Complex,damaged properties
332,20/04/2023,3:28,Buisness,Sexual Incident Reports
333,28/11/2022,7:41,FASS,Sexual Incident Reports
334,23/03/2023,3:15,FOS,cases of emergency
335,18/07/2023,22:28,FASS,cases of emergency
336,20/09/2023,3:26,FASS,stolen items
337,03/07/2023,3:20,Halls,Sexual Incident Reports
338,11/06/2023,7:28,Buisness,damaged properties
339,04/03/2023,7:36,Sports Complex,damaged properties
340,05/02/2023,20:54,Sports Complex,cases of emergency
341,07/07/2023,21:59,CDE,damaged properties
342,09/11/2022,13:03,RCs,Sexual Incident Reports
343,14/08/2023,11:28,UTown,Lost and Found
344,29/07/2023,20:08,FOC,Lost and Found
345,19/06/2023,12:57,Halls,Sexual Incident Reports
346,31/05/2023,9:39,Sports Complex,damaged properties
347,02/08/2023,3:15,Buisness,Lost and Found
348,07/03/2023,6:28,UTown,Lost and Found
349,17/09/2023,15:37,CDE,Lost and Found
350,04/05/2023,12:12,Buisness,Lost and Found
351,24/08/2023,5:16,CDE,stolen items
352,28/10/2022,9:50,FASS,stolen items
353,12/03/2023,0:57,CDE,stolen items
354,24/01/2023,9:57,UTown,cases of emergency
355,15/06/2023,2:49,Buisness,cases of emergency
356,28/03/2023,6:48,CLB,cases of emergency
357,02/01/2023,10:05,Sports Complex,Lost and Found
358,21/09/2023,8:24,FOS,Sexual Incident Reports
359,22/08/2023,0:29,CDE,cases of emergency
360,16/04/2023,22:02,CDE,stolen items
361,02/05/2023,11:53,CLB,cases of emergency
362,08/07/2023,20:25,Halls,stolen items
363,10/12/2022,9:50,RCs,cases of emergency
364,06/06/2023,2:21,CLB,Sexual Incident Reports
365,16/05/2023,21:05,CDE,Lost and Found
366,03/09/2023,14:25,FASS,damaged properties
367,27/09/2023,22:47,Halls,damaged properties
368,22/01/2023,14:11,M&D,Sexual Incident Reports
369,25/12/2022,14:50,Buisness,Lost and Found
370,25/05/2023,11:16,FOC,cases of emergency
371,27/12/2022,10:39,M&D,cases of emergency
372,25/01/2023,0:42,Buisness,Lost and Found
373,20/02/2023,15:47,CDE,stolen items
374,24/07/2023,16:15,Halls,Lost and Found
375,12/09/2023,21:02,UTown,stolen items
376,17/01/2023,20:00,Buisness,cases of emergency
377,02/12/2022,10:42,M&D,damaged properties
378,13/09/2023,0:28,FOS,damaged properties
379,09/03/2023,13:55,M&D,damaged properties
380,06/11/2022,15:19,UTown,Lost and Found
381,10/07/2023,12:35,CDE,stolen items
382,19/11/2022,4:56,FASS,Lost and Found
383,20/06/2023,10:08,RCs,cases of emergency
384,24/08/2023,18:18,RCs,Lost and Found
385,09/01/2023,22:06,FOC,stolen items
386,06/06/2023,23:52,FASS,damaged properties
387,24/02/2023,12:12,M&D,stolen items
388,14/11/2022,9:41,FOC,cases of emergency
389,27/03/2023,11:00,M&D,Sexual Incident Reports
390,05/12/2022,10:51,Buisness,cases of emergency
391,16/06/2023,13:17,Buisness,damaged properties
392,25/02/2023,18:45,FOC,Sexual Incident Reports
393,26/08/2023,14:55,Halls,damaged properties
394,16/02/2023,13:10,RCs,stolen items
395,24/02/2023,17:22,FASS,stolen items
396,29/09/2023,12:55,FOS,Lost and Found
397,28/03/2023,23:16,Buisness,Lost and Found
398,04/02/2023,23:05,CLB,Lost and Found
399,05/01/2023,22:48,Sports Complex,damaged properties
400,17/03/2023,13:10,UTown,damaged properties
401,26/03/2023,2:21,CLB,stolen items
402,29/06/2023,23:31,CLB,stolen items
403,18/10/2022,4:49,UTown,Sexual Incident Reports
404,26/04/2023,15:30,FOC,Lost and Found
405,11/10/2023,14:34,FOS,Lost and Found
406,08/05/2023,8:14,FOC,stolen items
407,23/12/2022,8:20,Sports Complex,stolen items
408,07/08/2023,3:04,Sports Complex,stolen items
409,03/06/2023,19:24,M&D,stolen items
410,23/12/2022,4:25,CDE,Lost and Found
411,01/02/2023,6:31,Halls,cases of emergency
412,06/03/2023,20:26,UTown,cases of emergency
413,07/01/2023,6:04,UTown,Sexual Incident Reports
414,12/05/2023,7:09,Buisness,Sexual Incident Reports
415,10/07/2023,5:59,CLB,damaged properties
416,30/09/2023,15:33,UTown,damaged properties
417,30/10/2022,16:32,UTown,damaged properties
418,10/05/2023,4:16,CDE,cases of emergency
419,23/11/2022,6:06,FASS,damaged properties
420,14/05/2023,19:45,Sports Complex,Lost and Found
421,20/06/2023,21:03,UTown,cases of emergency
422,27/04/2023,9:04,CDE,Sexual Incident Reports
423,29/12/2022,15:03,FOC,Lost and Found
424,04/12/2022,20:44,CLB,stolen items
425,01/04/2023,1:19,Halls,Sexual Incident Reports
426,06/02/2023,16:54,UTown,cases of emergency
427,13/08/2023,8:26,FOC,stolen items
428,12/11/2022,10:01,Sports Complex,Lost and Found
429,26/02/2023,11:13,UTown,Sexual Incident Reports
430,30/12/2022,1:45,FOS,damaged properties
431,06/04/2023,14:20,RCs,Lost and Found
432,26/10/2022,10:46,FOC,Lost and Found
433,21/07/2023,23:08,RCs,Lost and Found
434,07/01/2023,19:43,Sports Complex,stolen items
435,05/01/2023,9:13,FASS,stolen items
436,07/10/2023,15:24,M&D,Sexual Incident Reports
437,30/05/2023,2:56,FOS,stolen items
438,06/06/2023,12:27,RCs,Lost and Found
439,08/08/2023,7:49,Halls,Lost and Found
440,28/01/2023,4:37,Sports Complex,Lost and Found
441,10/12/2022,14:41,Sports Complex,cases of emergency
442,13/06/2023,23:17,Buisness,Sexual Incident Reports
443,19/04/2023,10:54,CLB,stolen items
444,03/04/2023,5:10,UTown,Lost and Found
445,05/10/2023,5:54,Halls,stolen items
446,12/04/2023,0:18,UTown,Lost and Found
447,05/05/2023,12:16,UTown,Sexual Incident Reports
448,28/02/2023,0:32,FOS,Sexual Incident Reports
449,29/10/2022,18:50,Buisness,damaged properties
450,29/03/2023,7:00,Halls,Sexual Incident Reports
451,31/10/2022,2:08,RCs,cases of emergency
452,02/04/2023,0:08,M&D,stolen items
453,07/02/2023,14:04,Buisness,stolen items
454,10/10/2023,20:06,CDE,stolen items
455,18/10/2022,5:40,M&D,cases of emergency
456,06/07/2023,22:43,FOS,Sexual Incident Reports
457,20/11/2022,5:06,M&D,damaged properties
458,18/08/2023,23:51,Halls,stolen items
459,09/06/2023,6:27,RCs,cases of emergency
460,25/07/2023,5:15,UTown,damaged properties
461,13/11/2022,22:24,Sports Complex,Sexual Incident Reports
462,18/01/2023,20:07,CLB,damaged properties
463,18/04/2023,22:24,CLB,damaged properties
464,11/07/2023,21:43,FOC,Sexual Incident Reports
465,22/03/2023,15:00,Sports Complex,damaged properties
466,10/04/2023,20:24,RCs,Lost and Found
467,31/08/2023,9:10,Halls,damaged properties
468,19/10/2022,14:38,UTown,Sexual Incident Reports
469,21/02/2023,2:37,FOS,cases of emergency
470,29/07/2023,22:03,CDE,stolen items
471,17/05/2023,13:43,FOC,Sexual Incident Reports
472,19/10/2022,23:53,Sports Complex,Sexual Incident Reports
473,14/06/2023,19:39,RCs,damaged properties
474,27/11/2022,0:04,FASS,Sexual Incident Reports
475,26/09/2023,21:38,RCs,stolen items
476,06/09/2023,16:22,Halls,stolen items
477,05/01/2023,15:25,Halls,cases of emergency
478,29/12/2022,0:41,RCs,cases of emergency
479,10/02/2023,22:32,Halls,damaged properties
480,14/10/2023,13:06,Buisness,stolen items
481,14/04/2023,22:48,M&D,damaged properties
482,31/10/2022,12:56,FOC,stolen items
483,12/07/2023,2:39,Halls,cases of emergency
484,04/08/2023,1:50,FASS,Sexual Incident Reports
485,26/02/2023,13:07,CDE,Sexual Incident Reports
486,15/12/2022,15:57,Halls,damaged properties
487,06/01/2023,7:48,M&D,Sexual Incident Reports
488,10/02/2023,12:49,CDE,cases of emergency
489,14/06/2023,15:27,Halls,cases of emergency
490,06/02/2023,7:12,Halls,damaged properties
491,19/06/2023,4:45,FASS,stolen items
492,27/01/2023,14:14,M&D,damaged properties
493,03/11/2022,4:38,RCs,stolen items
494,08/07/2023,20:31,FASS,damaged properties
495,10/11/2022,1:30,CDE,cases of emergency
496,28/04/2023,6:35,M&D,cases of emergency
497,24/07/2023,10:04,M&D,cases of emergency
498,10/01/2023,5:24,CLB,stolen items
499,18/12/2022,23:00,Buisness,stolen items
500,27/12/2022,15:07,FOC,Lost and Found
501,07/04/2023,23:19,Buisness,Sexual Incident Reports
502,14/08/2023,10:20,CLB,stolen items
503,15/04/2023,2:10,RCs,cases of emergency
504,18/09/2023,16:56,CDE,Lost and Found
505,08/04/2023,11:49,FOC,cases of emergency
506,16/12/2022,20:14,FASS,cases of emergency
507,31/01/2023,5:45,CLB,damaged properties
508,30/01/2023,11:19,CDE,Lost and Found
509,22/05/2023,9:15,RCs,cases of emergency
510,19/11/2022,19:17,Buisness,stolen items
511,04/08/2023,23:56,UTown,stolen items
512,09/04/2023,21:42,FOS,cases of emergency
513,19/01/2023,7:10,FOS,Sexual Incident Reports
514,19/03/2023,15:36,FOS,stolen items
515,29/07/2023,16:44,Buisness,Lost and Found
516,02/08/2023,3:17,CLB,cases of emergency
517,13/01/2023,18:28,CDE,Lost and Found
518,10/02/2023,2:54,M&D,damaged properties
519,28/02/2023,21:43,Buisness,stolen items
520,03/01/2023,15:41,Buisness,damaged properties
521,20/09/2023,7:36,FASS,Lost and Found
522,03/08/2023,15:05,CDE,cases of emergency
523,08/02/2023,8:21,CDE,damaged properties
524,04/07/2023,0:57,FASS,stolen items
525,10/07/2023,11:31,FASS,Lost and Found
526,30/01/2023,15:42,FASS,Sexual Incident Reports
527,07/08/2023,22:22,Sports Complex,Sexual Incident Reports
528,28/03/2023,8:56,Buisness,Sexual Incident Reports
529,31/05/2023,3:21,UTown,Lost and Found
530,21/08/2023,9:40,Buisness,Sexual Incident Reports
531,05/05/2023,1:14,Halls,damaged properties
532,03/03/2023,15:12,FOC,cases of emergency
533,21/08/2023,16:04,FASS,damaged properties
534,11/04/2023,18:03,FOC,damaged properties
535,10/06/2023,22:21,CLB,Sexual Incident Reports
536,04/09/2023,4:08,M&D,damaged properties
537,13/05/2023,9:19,Sports Complex,stolen items
538,16/06/2023,5:17,Buisness,Sexual Incident Reports
539,23/03/2023,14:25,FASS,cases of emergency
540,24/09/2023,11:26,RCs,damaged properties
541,14/05/2023,20:09,FASS,Sexual Incident Reports
542,10/09/2023,17:16,CDE,stolen items
543,06/07/2023,10:16,Halls,damaged properties
544,21/09/2023,17:19,Sports Complex,damaged properties
545,14/07/2023,21:52,RCs,stolen items
546,11/04/2023,5:08,Buisness,stolen items
547,10/12/2022,15:47,Sports Complex,stolen items
548,19/07/2023,11:22,Halls,cases of emergency
549,19/09/2023,8:55,FOS,cases of emergency
550,14/05/2023,20:05,CLB,damaged properties
551,18/04/2023,6:31,CLB,Sexual Incident Reports
552,28/11/2022,9:54,UTown,Lost and Found
553,02/07/2023,9:53,CLB,Lost and Found
554,04/12/2022,4:25,RCs,Sexual Incident Reports
555,25/11/2022,6:33,M&D,damaged properties
556,29/04/2023,1:55,RCs,stolen items
557,22/07/2023,23:23,FOS,Lost and Found
558,22/07/2023,10:34,FOS,stolen items
559,17/12/2022,17:47,FASS,stolen items
560,27/08/2023,2:19,FOS,stolen items
561,18/12/2022,1:28,FOS,cases of emergency
562,29/12/2022,5:48,Sports Complex,stolen items
563,18/06/2023,3:16,FOS,cases of emergency
564,26/06/2023,20:30,CDE,damaged properties
565,09/03/2023,19:48,FOC,stolen items
566,17/10/2022,3:31,Halls,Sexual Incident Reports
567,02/03/2023,21:36,CLB,damaged properties
568,02/11/2022,10:51,RCs,stolen items
569,01/07/2023,10:52,UTown,stolen items
570,21/04/2023,11:27,FASS,Sexual Incident Reports
571,10/04/2023,10:47,M&D,cases of emergency
572,28/08/2023,22:27,FASS,Lost and Found
573,07/11/2022,6:35,CDE,damaged properties
574,14/05/2023,10:18,Halls,Sexual Incident Reports
575,09/06/2023,15:29,Halls,stolen items
576,14/01/2023,22:56,UTown,cases of emergency
577,28/01/2023,6:32,FOC,damaged properties
578,07/01/2023,19:24,RCs,Lost and Found
579,13/03/2023,0:54,FOC,cases of emergency
580,14/06/2023,3:31,FASS,Lost and Found
581,14/01/2023,16:31,Buisness,cases of emergency
582,12/02/2023,9:15,Buisness,Sexual Incident Reports
583,27/10/2022,6:11,CLB,damaged properties
584,30/10/2022,1:24,CLB,stolen items
585,23/06/2023,2:32,Buisness,damaged properties
586,23/07/2023,9:04,CDE,damaged properties
587,03/05/2023,16:32,UTown,Sexual Incident Reports
588,18/06/2023,13:07,FASS,Sexual Incident Reports
589,01/06/2023,12:35,Buisness,cases of emergency
590,08/04/2023,19:25,FOS,Lost and Found
591,27/12/2022,13:19,Sports Complex,cases of emergency
592,10/03/2023,0:26,Sports Complex,damaged properties
593,12/02/2023,18:51,UTown,stolen items
594,27/09/2023,20:57,RCs,cases of emergency
595,06/08/2023,6:46,FOS,Lost and Found
596,12/10/2023,13:44,FOS,Sexual Incident Reports
597,07/05/2023,6:12,UTown,Lost and Found
598,05/05/2023,20:15,Buisness,cases of emergency
599,16/10/2023,0:13,RCs,Lost and Found
600,10/02/2023,10:17,Buisness,Sexual Incident Reports
601,26/06/2023,9:23,UTown,damaged properties
602,16/11/2022,17:12,Sports Complex,cases of emergency
603,04/12/2022,20:49,RCs,cases of emergency
604,26/07/2023,3:35,FASS,cases of emergency
605,16/10/2023,0:47,M&D,cases of emergency
606,03/07/2023,12:26,RCs,cases of emergency
607,30/06/2023,13:49,Buisness,damaged properties
608,10/01/2023,12:11,FASS,Lost and Found
609,02/08/2023,13:16,FOS,damaged properties
610,27/06/2023,2:51,FOC,Lost and Found
611,04/02/2023,20:45,FASS,Lost and Found
612,16/03/2023,17:46,M&D,stolen items
613,22/03/2023,20:37,Sports Complex,Lost and Found
614,15/01/2023,22:51,Halls,Lost and Found
615,01/11/2022,21:32,CLB,damaged properties
616,22/10/2022,17:20,FOC,Sexual Incident Reports
617,27/04/2023,13:57,UTown,stolen items
618,06/07/2023,4:55,M&D,damaged properties
619,24/05/2023,5:16,RCs,Sexual Incident Reports
620,12/05/2023,7:24,FOC,cases of emergency
621,15/10/2023,4:59,Halls,stolen items
622,09/01/2023,11:24,FOS,Sexual Incident Reports
623,19/03/2023,21:35,CDE,damaged properties
624,06/03/2023,18:32,M&D,Lost and Found
625,22/03/2023,14:23,RCs,stolen items
626,27/03/2023,7:08,CLB,stolen items
627,26/04/2023,3:42,UTown,stolen items
628,17/01/2023,21:27,CLB,Sexual Incident Reports
629,01/12/2022,17:39,Buisness,cases of emergency
630,07/01/2023,2:50,FASS,Sexual Incident Reports
631,09/08/2023,22:52,FASS,Sexual Incident Reports
632,09/07/2023,21:14,Halls,damaged properties
633,12/07/2023,15:01,Halls,stolen items
634,20/07/2023,13:32,UTown,Lost and Found
635,18/02/2023,7:21,FASS,cases of emergency
636,31/05/2023,21:43,Sports Complex,Lost and Found
637,12/01/2023,12:01,Buisness,Sexual Incident Reports
638,15/05/2023,18:07,CLB,Sexual Incident Reports
639,26/04/2023,2:50,FOC,stolen items
640,24/09/2023,15:21,FOS,Lost and Found
641,28/05/2023,22:34,FOC,stolen items
642,15/08/2023,12:18,CDE,stolen items
643,05/07/2023,17:36,UTown,damaged properties
644,26/09/2023,12:59,RCs,Lost and Found
645,26/07/2023,5:46,CLB,damaged properties
646,30/09/2023,1:09,FOC,Lost and Found
647,11/04/2023,17:36,FOC,Lost and Found
648,10/01/2023,4:47,Halls,Sexual Incident Reports
649,18/02/2023,20:39,FOS,damaged properties
650,18/11/2022,10:18,FOC,cases of emergency
651,24/06/2023,18:50,Sports Complex,Sexual Incident Reports
652,21/07/2023,14:38,CLB,cases of emergency
653,11/05/2023,16:54,RCs,Sexual Incident Reports
654,07/11/2022,3:43,Halls,cases of emergency
655,03/08/2023,8:50,CLB,Sexual Incident Reports
656,16/09/2023,22:05,CLB,damaged properties
657,17/11/2022,12:59,Halls,damaged properties
658,02/02/2023,17:24,Halls,damaged properties
659,18/12/2022,8:10,M&D,Sexual Incident Reports
660,09/03/2023,2:54,Halls,Sexual Incident Reports
661,07/05/2023,20:34,Sports Complex,cases of emergency
662,19/10/2022,2:20,M&D,stolen items
663,01/04/2023,0:25,FOC,Sexual Incident Reports
664,18/10/2022,21:40,RCs,Lost and Found
665,29/08/2023,23:13,UTown,Lost and Found
666,25/08/2023,21:37,M&D,Sexual Incident Reports
667,01/12/2022,18:04,Buisness,cases of emergency
668,17/10/2022,23:55,FASS,Lost and Found
669,16/02/2023,22:03,Buisness,stolen items
670,13/12/2022,12:27,Halls,stolen items
671,31/12/2022,23:10,RCs,damaged properties
672,14/05/2023,9:11,FASS,Lost and Found
673,26/05/2023,11:24,CDE,Lost and Found
674,28/02/2023,17:40,Halls,Lost and Found
675,26/04/2023,16:57,FOC,cases of emergency
676,02/09/2023,11:22,M&D,damaged properties
677,15/01/2023,22:37,FOC,stolen items
678,18/01/2023,8:44,FOS,Sexual Incident Reports
679,12/06/2023,16:28,M&D,cases of emergency
680,15/04/2023,16:34,Halls,Lost and Found
681,28/10/2022,4:08,FOC,damaged properties
682,09/06/2023,0:58,FOC,Lost and Found
683,29/01/2023,3:43,Halls,Lost and Found
684,24/05/2023,4:08,UTown,stolen items
685,08/02/2023,20:33,CLB,stolen items
686,10/02/2023,10:09,CDE,Sexual Incident Reports
687,17/06/2023,17:50,UTown,stolen items
688,08/05/2023,2:08,Buisness,damaged properties
689,24/01/2023,9:24,CLB,stolen items
690,06/02/2023,7:18,CDE,cases of emergency
691,16/12/2022,21:00,CDE,Lost and Found
692,22/04/2023,11:19,M&D,Lost and Found
693,02/07/2023,4:32,Halls,cases of emergency
694,18/07/2023,4:43,UTown,Lost and Found
695,27/11/2022,11:16,Buisness,stolen items
696,28/02/2023,23:30,Halls,cases of emergency
697,02/01/2023,1:40,RCs,stolen items
698,02/06/2023,7:24,FOC,damaged properties
699,30/09/2023,19:21,Buisness,cases of emergency
700,09/04/2023,10:24,CLB,damaged properties
701,28/06/2023,5:50,CDE,Sexual Incident Reports
702,28/05/2023,4:30,CDE,cases of emergency
703,26/08/2023,17:35,FOS,damaged properties
704,03/10/2023,10:01,Halls,damaged properties
705,03/03/2023,22:55,CLB,cases of emergency
706,08/12/2022,8:12,Buisness,Lost and Found
707,28/08/2023,6:24,M&D,damaged properties
708,15/06/2023,14:52,UTown,damaged properties
709,16/02/2023,1:07,Buisness,stolen items
710,26/08/2023,21:41,CDE,damaged properties
711,13/09/2023,17:07,RCs,damaged properties
712,23/01/2023,4:06,CDE,Sexual Incident Reports
713,13/02/2023,22:05,UTown,Lost and Found
714,29/07/2023,13:45,FOS,damaged properties
715,02/02/2023,8:59,RCs,cases of emergency
716,25/08/2023,0:54,FOC,damaged properties
717,27/12/2022,8:07,FOS,stolen items
718,24/08/2023,0:30,Buisness,cases of emergency
719,13/05/2023,23:16,Halls,Lost and Found
720,20/09/2023,4:12,M&D,damaged properties
721,07/07/2023,4:03,FASS,Sexual Incident Reports
722,23/03/2023,3:18,Buisness,Lost and Found
723,07/10/2023,12:28,UTown,cases of emergency
724,12/02/2023,2:47,Sports Complex,Sexual Incident Reports
725,01/04/2023,11:41,M&D,damaged properties
726,07/02/2023,4:01,FOS,Sexual Incident Reports
727,06/12/2022,13:27,RCs,cases of emergency
728,23/06/2023,1:47,FOC,stolen items
729,28/03/2023,13:43,UTown,Lost and Found
730,11/07/2023,20:18,Sports Complex,cases of emergency
731,25/02/2023,5:15,FASS,stolen items
732,30/04/2023,1:33,CLB,damaged properties
733,17/09/2023,0:51,FOS,Lost and Found
734,15/03/2023,5:51,FASS,cases of emergency
735,30/06/2023,12:55,CLB,cases of emergency
736,12/09/2023,19:17,FOS,Lost and Found
737,11/09/2023,20:04,FASS,stolen items
738,13/05/2023,21:32,Sports Complex,stolen items
739,01/11/2022,3:45,CDE,Lost and Found
740,23/08/2023,6:56,RCs,Lost and Found
741,01/06/2023,19:46,FOC,stolen items
742,08/02/2023,0:53,RCs,Sexual Incident Reports
743,13/04/2023,12:06,Sports Complex,stolen items
744,19/07/2023,10:05,RCs,cases of emergency
745,25/10/2022,10:40,FASS,stolen items
746,28/01/2023,22:08,CDE,cases of emergency
747,15/03/2023,12:13,M&D,damaged properties
748,07/07/2023,1:13,FOC,Sexual Incident Reports
749,05/09/2023,1:23,CLB,cases of emergency
750,18/09/2023,13:40,CDE,Lost and Found
751,28/02/2023,1:41,FASS,Lost and Found
752,16/07/2023,13:39,Halls,Sexual Incident Reports
753,23/06/2023,22:40,FASS,Lost and Found
754,04/02/2023,18:01,CLB,Sexual Incident Reports
755,08/12/2022,2:24,FASS,stolen items
756,15/01/2023,2:02,FASS,Sexual Incident Reports
757,02/09/2023,2:50,FOC,cases of emergency
758,27/08/2023,20:31,Sports Complex,Lost and Found
759,25/04/2023,20:13,Buisness,cases of emergency
760,09/01/2023,7:07,Sports Complex,stolen items
761,29/12/2022,1:15,FASS,stolen items
762,25/12/2022,19:54,Halls,Sexual Incident Reports
763,25/05/2023,23:16,Halls,cases of emergency
764,22/12/2022,20:52,FOS,damaged properties
765,04/07/2023,23:18,FASS,stolen items
766,05/04/2023,9:01,UTown,Sexual Incident Reports
767,24/03/2023,23:57,Halls,Lost and Found
768,03/06/2023,0:44,Buisness,stolen items
769,25/03/2023,8:37,FOC,Lost and Found
770,30/12/2022,19:18,FASS,Lost and Found
771,19/08/2023,8:06,UTown,Lost and Found
772,15/12/2022,20:32,CLB,Sexual Incident Reports
773,02/07/2023,1:08,RCs,damaged properties
774,10/06/2023,5:10,RCs,Sexual Incident Reports
775,28/10/2022,14:01,M&D,stolen items
776,04/02/2023,14:46,FOS,Lost and Found
777,12/06/2023,16:57,RCs,Lost and Found
778,20/04/2023,9:56,M&D,damaged properties
779,27/12/2022,8:53,FOC,Sexual Incident Reports
780,18/09/2023,15:40,FOC,Lost and Found
781,10/05/2023,0:52,M&D,damaged properties
782,26/08/2023,7:48,CDE,cases of emergency
783,03/03/2023,8:24,Sports Complex,Sexual Incident Reports
784,16/01/2023,22:59,Halls,damaged properties
785,18/10/2022,12:24,UTown,damaged properties
786,29/01/2023,3:04,UTown,cases of emergency
787,23/05/2023,12:23,FASS,stolen items
788,10/09/2023,20:19,FOC,cases of emergency
789,22/04/2023,12:19,FOC,cases of emergency
790,23/11/2022,3:59,Sports Complex,stolen items
791,04/07/2023,13:13,FASS,cases of emergency
792,28/04/2023,17:27,Halls,Sexual Incident Reports
793,21/12/2022,9:28,RCs,Lost and Found
794,21/03/2023,16:06,FOC,damaged properties
795,03/06/2023,10:31,Halls,cases of emergency
796,16/04/2023,20:08,M&D,stolen items
797,26/05/2023,23:53,RCs,damaged properties
798,06/11/2022,14:57,FOS,Lost and Found
799,06/10/2023,20:18,RCs,damaged properties
800,05/02/2023,21:29,CDE,stolen items
801,23/03/2023,7:56,Halls,Lost and Found
802,16/04/2023,9:53,Buisness,damaged properties
803,12/01/2023,22:04,Halls,stolen items
804,17/01/2023,8:57,Sports Complex,cases of emergency
805,23/05/2023,9:30,Sports Complex,damaged properties
806,23/05/2023,5:00,Halls,cases of emergency
807,12/11/2022,21:20,RCs,cases of emergency
808,15/07/2023,1:47,UTown,cases of emergency
809,08/12/2022,0:00,FASS,cases of emergency
810,14/04/2023,2:47,FASS,Lost and Found
811,06/10/2023,10:06,Buisness,damaged properties
812,17/02/2023,5:35,FOC,damaged properties
813,07/11/2022,12:45,CLB,Sexual Incident Reports
814,24/05/2023,10:03,FASS,Lost and Found
815,24/09/2023,16:19,Buisness,cases of emergency
816,13/05/2023,16:38,Buisness,damaged properties
817,22/09/2023,1:39,CLB,Sexual Incident Reports
818,05/09/2023,16:24,RCs,Sexual Incident Reports
819,20/08/2023,21:32,FASS,stolen items
820,24/10/2022,22:22,FOC,damaged properties
821,25/03/2023,18:41,RCs,cases of emergency
822,12/12/2022,15:13,RCs,cases of emergency
823,28/03/2023,11:51,FASS,stolen items
824,11/06/2023,6:40,FOS,Lost and Found
825,26/11/2022,3:26,Sports Complex,stolen items
826,06/11/2022,20:57,FOC,stolen items
827,22/01/2023,7:40,FOC,stolen items
828,17/06/2023,19:31,UTown,Sexual Incident Reports
829,25/01/2023,17:17,M&D,stolen items
830,05/02/2023,3:58,UTown,cases of emergency
831,16/09/2023,13:43,Sports Complex,stolen items
832,26/04/2023,15:00,FASS,stolen items
833,20/12/2022,22:30,Sports Complex,Lost and Found
834,26/05/2023,6:57,UTown,damaged properties
835,14/12/2022,23:23,UTown,stolen items
836,10/09/2023,14:42,M&D,Lost and Found
837,03/05/2023,20:05,Sports Complex,cases of emergency
838,24/10/2022,12:13,FOS,cases of emergency
839,30/10/2022,22:24,Buisness,damaged properties
840,21/11/2022,12:13,FOS,Lost and Found
841,18/07/2023,4:29,RCs,damaged properties
842,01/05/2023,7:18,CDE,stolen items
843,30/05/2023,5:25,Sports Complex,Lost and Found
844,10/04/2023,15:47,FOC,cases of emergency
845,04/09/2023,0:15,Sports Complex,cases of emergency
846,25/07/2023,3:51,Sports Complex,stolen items
847,05/02/2023,18:03,Buisness,Lost and Found
848,31/01/2023,20:22,UTown,stolen items
849,05/04/2023,20:34,CLB,Sexual Incident Reports
850,05/10/2023,5:16,RCs,damaged properties
851,01/09/2023,5:56,FOS,Sexual Incident Reports
852,18/06/2023,16:24,FOS,stolen items
853,25/04/2023,0:26,CLB,Lost and Found
854,13/12/2022,8:47,FOS,stolen items
855,05/07/2023,23:02,FOC,Sexual Incident Reports
856,08/04/2023,0:29,Sports Complex,Lost and Found
857,21/06/2023,0:12,CDE,Lost and Found
858,19/03/2023,17:01,FOS,Lost and Found
859,16/11/2022,0:01,FOS,damaged properties
860,26/06/2023,6:03,CDE,cases of emergency
861,27/03/2023,23:02,Buisness,stolen items
862,03/12/2022,1:16,UTown,damaged properties
863,07/08/2023,6:21,CDE,Sexual Incident Reports
864,11/08/2023,7:36,FOS,stolen items
865,28/01/2023,12:32,M&D,Sexual Incident Reports
866,21/06/2023,15:11,UTown,stolen items
867,07/02/2023,8:22,RCs,cases of emergency
868,15/11/2022,17:23,FOS,Sexual Incident Reports
869,05/01/2023,1:38,RCs,Sexual Incident Reports
870,12/10/2023,16:17,RCs,damaged properties
871,28/02/2023,9:52,Halls,stolen items
872,15/11/2022,3:32,CLB,Lost and Found
873,10/07/2023,20:43,CLB,stolen items
874,06/03/2023,7:24,UTown,Sexual Incident Reports
875,09/07/2023,7:46,Buisness,Lost and Found
876,11/11/2022,23:17,Buisness,damaged properties
877,15/02/2023,14:51,Sports Complex,damaged properties
878,16/07/2023,12:26,Buisness,damaged properties
879,07/03/2023,19:31,FOS,Lost and Found
880,18/05/2023,18:39,FOC,stolen items
881,12/12/2022,14:14,UTown,cases of emergency
882,07/08/2023,3:25,CDE,Lost and Found
883,13/08/2023,17:22,FOS,stolen items
884,05/10/2023,4:01,UTown,stolen items
885,23/01/2023,9:14,FASS,stolen items
886,31/01/2023,15:15,UTown,Lost and Found
887,27/05/2023,16:37,Buisness,stolen items
888,30/12/2022,23:43,FOS,stolen items
889,09/05/2023,19:41,Halls,Lost and Found
890,20/02/2023,21:05,CDE,damaged properties
891,21/05/2023,4:36,FOS,damaged properties
892,31/03/2023,1:04,Sports Complex,Lost and Found
893,03/03/2023,15:33,RCs,Sexual Incident Reports
894,26/08/2023,6:41,M&D,cases of emergency
895,07/11/2022,7:27,CDE,cases of emergency
896,06/07/2023,13:30,CDE,damaged properties
897,12/01/2023,17:13,Sports Complex,damaged properties
898,15/03/2023,13:53,UTown,damaged properties
899,01/08/2023,4:09,FOC,damaged properties
900,03/05/2023,22:32,CDE,stolen items
901,27/12/2022,4:57,FOC,Lost and Found
902,11/08/2023,23:48,CDE,Sexual Incident Reports
903,08/12/2022,20:57,UTown,cases of emergency
904,21/11/2022,4:13,Halls,stolen items
905,26/03/2023,14:56,Halls,damaged properties
906,21/02/2023,20:45,Buisness,Sexual Incident Reports
907,30/04/2023,16:39,Halls,cases of emergency
908,21/12/2022,9:15,CDE,damaged properties
909,31/05/2023,3:15,FASS,Lost and Found
910,03/09/2023,17:50,FOC,damaged properties
911,25/02/2023,18:09,FOS,Lost and Found
912,20/07/2023,20:45,RCs,cases of emergency
913,28/08/2023,19:12,M&D,damaged properties
914,25/11/2022,17:22,FOS,Lost and Found
915,09/07/2023,22:04,FOS,damaged properties
916,18/09/2023,16:35,FOC,stolen items
917,23/03/2023,20:43,Buisness,cases of emergency
918,24/04/2023,6:54,FOS,damaged properties
919,22/07/2023,23:50,CLB,stolen items
920,24/05/2023,12:42,RCs,damaged properties
921,26/10/2022,11:35,CLB,damaged properties
922,29/03/2023,0:59,FOS,Sexual Incident Reports
923,19/02/2023,6:02,Halls,Sexual Incident Reports
924,01/02/2023,2:00,M&D,Sexual Incident Reports
925,17/10/2022,9:50,RCs,stolen items
926,20/08/2023,3:06,CLB,cases of emergency
927,07/11/2022,21:03,Sports Complex,Lost and Found
928,21/04/2023,7:35,RCs,Sexual Incident Reports
929,16/05/2023,17:17,CLB,cases of emergency
930,22/12/2022,9:11,FOS,damaged properties
931,08/10/2023,8:21,CDE,damaged properties
932,20/07/2023,7:28,Halls,cases of emergency
933,12/10/2023,19:57,Sports Complex,cases of emergency
934,05/10/2023,5:53,Sports Complex,cases of emergency
935,05/11/2022,2:19,FOS,cases of emergency
936,01/07/2023,8:39,RCs,stolen items
937,05/05/2023,10:24,CDE,damaged properties
938,14/06/2023,4:26,FOC,Sexual Incident Reports
939,21/07/2023,11:36,CDE,damaged properties
940,04/11/2022,18:04,Halls,Sexual Incident Reports
941,12/05/2023,6:47,RCs,damaged properties
942,18/12/2022,22:21,CDE,stolen items
943,13/02/2023,3:48,Halls,Lost and Found
944,17/12/2022,18:15,FASS,Lost and Found
945,15/01/2023,8:43,FOC,damaged properties
946,08/05/2023,23:40,RCs,cases of emergency
947,27/08/2023,9:08,Buisness,Lost and Found
948,19/12/2022,17:49,CDE,stolen items
949,19/08/2023,17:16,FOC,Lost and Found
950,12/01/2023,0:26,UTown,Sexual Incident Reports
951,12/01/2023,7:08,Buisness,Sexual Incident Reports
952,06/10/2023,3:31,UTown,Sexual Incident Reports
953,15/09/2023,0:29,M&D,Lost and Found
954,29/08/2023,2:47,CDE,cases of emergency
955,18/12/2022,22:35,Halls,Sexual Incident Reports
956,17/03/2023,10:09,Buisness,Lost and Found
957,28/04/2023,8:37,UTown,damaged properties
958,31/01/2023,7:46,Sports Complex,stolen items
959,18/05/2023,18:08,Buisness,cases of emergency
960,18/05/2023,7:55,Buisness,Lost and Found
961,01/03/2023,0:01,FOS,Sexual Incident Reports
962,17/04/2023,13:45,FOS,Sexual Incident Reports
963,24/10/2022,15:00,FOC,cases of emergency
964,07/12/2022,16:31,RCs,stolen items
965,22/10/2022,2:15,M&D,cases of emergency
966,05/12/2022,2:21,Buisness,cases of emergency
967,04/09/2023,5:29,CLB,Lost and Found
968,03/03/2023,0:42,M&D,stolen items
969,08/12/2022,16:40,CDE,Lost and Found
970,13/08/2023,4:34,CDE,Sexual Incident Reports
971,15/01/2023,17:59,FOS,Lost and Found
972,17/05/2023,12:11,CLB,Lost and Found
973,11/12/2022,22:07,RCs,stolen items
974,03/09/2023,16:12,FOC,Sexual Incident Reports
975,28/08/2023,15:12,CDE,cases of emergency
976,26/09/2023,15:31,RCs,Sexual Incident Reports
977,09/07/2023,13:38,M&D,Lost and Found
978,06/09/2023,1:21,Sports Complex,Sexual Incident Reports
979,01/08/2023,20:04,Halls,damaged properties
980,05/07/2023,22:21,RCs,Lost and Found
981,09/03/2023,21:21,FASS,damaged properties
982,23/08/2023,21:20,FOS,damaged properties
983,23/09/2023,13:58,M&D,damaged properties
984,13/03/2023,11:07,FASS,stolen items
985,29/04/2023,10:27,CDE,damaged properties
986,04/09/2023,20:18,FOC,stolen items
987,25/03/2023,2:52,UTown,cases of emergency
988,01/08/2023,3:00,CDE,cases of emergency
989,17/07/2023,16:58,RCs,Lost and Found
990,07/11/2022,3:31,CLB,Lost and Found
991,04/05/2023,7:28,Halls,Lost and Found
992,19/07/2023,23:23,FASS,cases of emergency
993,25/03/2023,22:03,M&D,Sexual Incident Reports
994,02/11/2022,17:37,FOS,Sexual Incident Reports
995,15/10/2023,16:53,Buisness,stolen items
996,10/12/2022,19:22,FOC,damaged properties
997,10/08/2023,13:15,RCs,damaged properties
998,10/02/2023,21:16,CLB,stolen items
999,21/03/2023,2:41,M&D,cases of emergency
1000,02/09/2023,0:29,FOS,Lost and Found
