,id,Date,Time,Crime,Location,Building
0,1,04/02/2023,11:53,Sexual Incident Reports,HALL,TEMASEK HALL (COMMUNAL HALL)
1,2,23/08/2023,12:34,Sexual Incident Reports,KV,"KENT VALE APARTMENT BLK A,103"
2,3,15/05/2023,12:31,stolen items,FOS,LECTURE THEATRE 26
3,4,15/09/2023,22:02,cases of emergency,UTown,COLLEGE OF A&P TAN -TOWER
4,5,21/02/2023,19:42,stolen items,UTown,TEMBUSU COLLEGE- MPH
5,6,15/12/2022,5:21,Sexual Incident Reports,FOS,MD BLK 1  (TAHIR FDN BLDG)
6,7,19/12/2022,16:44,stolen items,FOS,BRENNER CTR FOR MOLECULAR MED
7,8,26/10/2022,9:17,stolen items,YIH,YUSOF ISHAK HOUSE
8,9,18/03/2023,19:51,Sexual Incident Reports,HALL,SHEARES HALL (BLOCK B)
9,10,26/05/2023,12:52,stolen items,UTown,UHALL CARPARK
10,11,17/09/2023,18:12,damaged properties,PGP,PGP RESIDENCES (BLOCK 29)
11,12,19/12/2022,4:21,cases of emergency,HALL,KENT RIDGE (COMMUNAL HALL)
12,13,29/01/2023,19:39,stolen items,KV,"KENT VALE APARTMENT BLK I, 119"
13,14,03/03/2023,12:37,Lost and Found,PGP,KE VII HALL (BLOCK B)
14,15,23/02/2023,20:15,cases of emergency,UTown,ELECTRICAL SUB-STATION
15,16,26/01/2023,16:28,Lost and Found,FOS,BRENNER CTR FOR MOLECULAR MED
16,17,06/12/2022,0:39,stolen items,KR,2 KR BUNGALOW
17,18,03/08/2023,11:53,cases of emergency,BTC,18 EVANS BUNGALOW
18,19,06/01/2023,14:15,cases of emergency,BTC,BTC-CAFE
19,20,19/02/2023,2:33,Sexual Incident Reports,FOS,BRENNER CTR FOR MOLECULAR MED
20,21,03/01/2023,22:33,stolen items,UCC,DECOM SUB-STATION 1 (NEAR LKCNHM)
21,22,02/01/2023,16:10,cases of emergency,BIZ,NUS ENTERPRISE-JTC BLK71
22,23,10/02/2023,1:17,Sexual Incident Reports,UTown,UTOWN RESIDENCE SOUTH-TOWER
23,24,21/01/2023,18:13,damaged properties,FASS,ARTS & SOCIAL SCIENCES BLOCK 1
24,25,24/05/2023,21:17,stolen items,PGP,3 PGP BUNGALOW
25,26,12/05/2023,17:24,stolen items,FOS,SCIENCE BLOCK 12
26,27,18/04/2023,14:32,stolen items,PGP,PGP RESIDENCES (BLOCK 13)
27,28,11/05/2023,13:24,Sexual Incident Reports,PGP,14 PGP BUNGALOW
28,29,19/01/2023,18:19,cases of emergency,UTown,YALE RESIDENTIAL COLLEGE 2
29,30,28/10/2022,11:48,stolen items,PGP,KE VII HALL (BLOCK C)
30,31,05/02/2023,1:11,Lost and Found,FASS,FASS BLK7 (SHAW FDN BLDG)
31,32,16/05/2023,16:30,cases of emergency,CDE,ENGINEERING BLOCK 2A (EDIC)
32,33,15/09/2023,5:12,Lost and Found,PGP,PGP RESIDENCES (BLOCK 18)
33,34,04/10/2023,11:56,Sexual Incident Reports,UTown,YALE DINNING SERVICES
34,35,03/11/2022,9:35,damaged properties,FASS,FASS BLK7 (SHAW FDN BLDG)
35,36,16/02/2023,22:10,damaged properties,PGP,SUB-STATION 4 (NEAR KEVII)
36,37,24/01/2023,6:34,stolen items,HALL,SHEARES HALL (BLOCK E)
37,38,13/04/2023,15:55,damaged properties,PGP,14 PGP BUNGALOW
38,39,03/07/2023,8:55,Lost and Found,UTown,YALE WEST CORE
39,40,10/08/2023,8:08,stolen items,FOS,LECTURE THEATRE 29
40,41,13/06/2023,12:34,damaged properties,HALL,KENT RIDGE HALL (BLOCK D)
41,42,15/08/2023,6:55,cases of emergency,PGP,STORE 1 (NEAR KEVII HALL)
42,43,16/12/2022,7:41,Lost and Found,PGP,PGP RESIDENCES (BLOCK 17)
43,44,29/01/2023,13:01,cases of emergency,BIZ,NUS SOCIETY-GUILD HOUSE
44,45,03/10/2023,1:20,Sexual Incident Reports,UCC,ALICE LEE PLAZA
45,46,25/04/2023,7:48,stolen items,UTown,DINNING HALL (C&T COLLEGE)
46,47,06/10/2023,23:11,stolen items,FASS,AS8 CARPARK
47,48,03/09/2023,2:35,Lost and Found,PGP,PGP RESIDENCES (BLOCK 6)
48,49,24/11/2022,10:13,stolen items,CDE,TLL CARPARK
49,50,02/04/2023,12:43,cases of emergency,BTC,16 EVANS BUNGALOW
50,51,07/03/2023,6:11,stolen items,KR,6 KR BUNGALOW
51,52,03/10/2023,21:38,Lost and Found,CDE,CTR FOR ENGLISH LANGUAGE COMMUNICATION
52,53,15/03/2023,19:38,Sexual Incident Reports,CDE,LECTURE THEATRE 4
53,54,12/11/2022,8:16,cases of emergency,FOS,SCIENCE BLOCK 6
54,55,20/12/2022,21:11,Sexual Incident Reports,YIH,RAFFLES HALL (BLOCK E)
55,56,29/12/2022,6:56,cases of emergency,FOS,LECTURE THEATRE 26
56,57,08/05/2023,23:22,cases of emergency,UCC,UNIVERSITY CULTURAL CENTRE
57,58,15/07/2023,12:18,cases of emergency,UTown,CREATE (INNOVATION)
58,59,06/05/2023,15:19,Lost and Found,HALL,TEMASEK HALL (BLOCK A)
59,60,27/06/2023,0:20,stolen items,SOC,LECTURE THEATRE 15
60,61,26/09/2023,3:36,cases of emergency,FOS,SCIENCE BLOCK 16
61,62,26/09/2023,20:16,stolen items,PGP,PGP RESIDENCES (BLOCK 29)
62,63,16/07/2023,8:09,stolen items,YIH,NUS STAFF CLUB
63,64,30/09/2023,22:31,Sexual Incident Reports,BTC,18 EVANS BUNGALOW
64,65,28/10/2022,12:05,Lost and Found,KR,9 KR BUNGALOW
65,66,01/06/2023,16:04,damaged properties,HALL,TEMASEK HALL (BLOCK B)
66,67,29/06/2023,18:53,stolen items,CDE,DESIGN & ENVIRONMENT BLOCK 4
67,68,25/06/2023,4:35,Sexual Incident Reports,YIH,SRC MINI GRAND STAND
68,69,31/10/2022,20:51,Sexual Incident Reports,YIH,RAFFLES HALL (BLOCK C)
69,70,18/12/2022,13:44,cases of emergency,UTown,RESIDENT COLLEGE 4
70,71,07/01/2023,21:05,Sexual Incident Reports,YIH,RAFFLES HALL (BLOCK D)
71,72,10/03/2023,4:51,stolen items,CDE,DESIGN & ENVIRONMENT BLOCK 2
72,73,24/01/2023,9:32,cases of emergency,PGP,PGP RESIDENCES (BLOCK 27)
73,74,04/04/2023,10:51,Lost and Found,PGP,18 PGP BUNGALOW
74,75,05/07/2023,19:34,Lost and Found,HALL,SHEARES HALL (BLOCK E)
75,76,27/11/2022,23:41,Lost and Found,UTown,CREATE (INNOVATION)
76,77,14/12/2022,18:42,cases of emergency,HALL,SHEARES HALL (BLOCK C)
77,78,16/07/2023,8:09,damaged properties,FOS,LECTURE THEATRE 34
78,79,21/09/2023,10:53,Sexual Incident Reports,FASS,LECTURE THEATRE 9
79,80,27/11/2022,10:23,damaged properties,FOS,NATIONAL UNIVERSITY CENTRE FOR ORAL HEALTH SINGAPORE
80,81,23/03/2023,11:19,Sexual Incident Reports,UTown,CINNAMON COLLEGE -MAIN BLK
81,82,10/09/2023,8:09,cases of emergency,UTown,CINNAMON UNI SCH PROG (USP)
82,83,26/08/2023,16:07,cases of emergency,UTown,CREATE (UTOWN PLAZA)
83,84,02/03/2023,2:47,Sexual Incident Reports,FOS,SCIENCE BLOCK 9
84,85,05/08/2023,18:26,Lost and Found,BTC,BTC-BLOCK B
85,86,04/03/2023,4:25,Lost and Found,PGP,TEMASEK LIFE SCIENCE LAB
86,87,28/01/2023,19:46,stolen items,UTown,CINNAMON COLLEGE -MPH
87,88,18/10/2022,23:40,damaged properties,PGP,4 PGP BUNGALOW
88,89,17/05/2023,11:42,Sexual Incident Reports,HALL,EUSOFF HALL (BLOCK B)
89,90,17/08/2023,14:06,cases of emergency,KR,SEA-TO-SPACE (18KR BUNGALOW)
90,91,22/04/2023,11:40,Lost and Found,PGP,PGP RESIDENCES (BLOCK 25)
91,92,02/01/2023,5:57,stolen items,HALL,KENT RIDGE HALL (BLOCK A)
92,93,29/10/2022,21:43,Lost and Found,UCC,NATIONAL SINGAPORE WIND TUNNEL
93,94,29/06/2023,22:15,cases of emergency,PGP,PGP RESIDENCES RESTAURANT
94,95,08/11/2022,2:15,cases of emergency,FOS,LECTURE THEATRE 21
95,96,08/02/2023,10:21,Lost and Found,PGP,PGP RESIDENCES (BLOCK 11)
96,97,27/11/2022,2:17,Lost and Found,SOC,LECTURE THEATRE 16
97,98,11/02/2023,9:58,stolen items,CDE,LECTURE THEATRE 7
98,99,16/06/2023,1:39,Lost and Found,BTC,BTC-FEDERAL
99,100,26/02/2023,1:35,stolen items,UTown,YALE DINNING SERVICES
100,101,05/02/2023,11:30,Sexual Incident Reports,FOS,SCIENCE BLOCK 7
101,102,26/01/2023,18:38,Sexual Incident Reports,FOS,SUB-STATION 3 (NEAR S13)
102,103,07/03/2023,13:13,Sexual Incident Reports,FOS,LECTURE THEATRE 34
103,104,02/10/2023,17:27,Sexual Incident Reports,HALL,EUSOFF HALL (COMMUNAL HALL)
104,105,30/11/2022,7:11,damaged properties,FOS,LECTURE THEATRE 35 (PETER AND MARY FU)
105,106,28/02/2023,12:34,Sexual Incident Reports,HMKT,HENG MUI KENG TERRACE BLOCK B
106,107,07/12/2022,5:47,damaged properties,PGP,PGP RESIDENCES (BLOCK 1)
107,108,16/11/2022,11:32,stolen items,YIH,RAFFLES HALL (BLOCK B)
108,109,27/06/2023,12:47,Lost and Found,KR,1 KR BUNGALOW
109,110,05/12/2022,11:55,Sexual Incident Reports,HALL,TEMASEK HALL (COMMUNAL HALL)
110,111,16/03/2023,22:05,Sexual Incident Reports,FOS,SCIENCE BLOCK 13
111,112,21/04/2023,23:03,stolen items,UTown,YALE SPORTS HALL
112,113,01/02/2023,14:04,Sexual Incident Reports,UTown,YALE RESIDENTIAL COLLEGE 1
113,114,24/04/2023,14:48,damaged properties,HALL,KENT RIDGE HALL (BLOCK C)
114,115,17/08/2023,9:42,stolen items,CDE,ENGINEERING BLOCK 8
115,116,30/04/2023,1:57,Lost and Found,UTown,YALE SPORTS HALL
116,117,10/03/2023,5:07,Lost and Found,CDE,INFORMATION TECHNOLOGY
117,118,12/03/2023,17:47,stolen items,UTown,RESIDENT COLLEGE 4 -MPH
118,119,01/12/2022,20:01,Sexual Incident Reports,BTC,20 EVANS BUNGALOW
119,120,15/08/2023,20:58,damaged properties,FASS,FASS BLK7 (SHAW FDN BLDG)
120,121,09/03/2023,11:10,stolen items,FOS,LECTURE THEATRE 20
121,122,18/04/2023,18:22,damaged properties,YIH,SRC MINI GRAND STAND
122,123,14/08/2023,2:46,stolen items,PGP,PGP RESIDENCES LECTURE THEATRE
123,124,23/11/2022,13:26,Sexual Incident Reports,FOS,SCIENCE BLOCK 5
124,125,27/11/2022,0:24,Lost and Found,UCC,YSTCM CARPARK
125,126,06/09/2023,17:37,Lost and Found,PGP,18A PGP BUNGALOW
126,127,17/01/2023,1:41,Lost and Found,CDE,ENGINEERING BLOCK 7
127,128,14/10/2023,22:43,stolen items,YIH,RIDGE VIEW RESIDENCE (BLOCK A)
128,129,28/12/2022,15:21,Sexual Incident Reports,PGP,PGP RESIDENCES (BLOCK 22)
129,130,08/04/2023,15:47,damaged properties,YIH,RAFFLES HALL (BLOCK B)
130,131,28/12/2022,2:23,stolen items,CDE,DESIGN & ENVIRONMENT BLOCK 2
131,132,16/02/2023,23:06,stolen items,CDE,ENGINEERING BLOCK 2
132,133,28/05/2023,20:33,Sexual Incident Reports,BIZ,HON SUI SEN MEMORIAL LIBRARY
133,134,15/07/2023,5:53,stolen items,CDE,LECTURE THEATRE 1
134,135,18/09/2023,11:55,stolen items,HALL,INSTITUTE OF SYSTEMS SCIENCE
135,136,19/10/2022,12:13,cases of emergency,HALL,TEMASEK HALL (COMMUNAL HALL)
136,137,19/03/2023,11:41,cases of emergency,BTC,BTC-TOWER BLOCK
137,138,26/05/2023,22:27,Sexual Incident Reports,HALL,TEMASEK HALL (BLOCK C)
138,139,13/06/2023,22:56,cases of emergency,HALL,SHEARES HALL (BLOCK C)
139,140,15/07/2023,21:51,Lost and Found,CDE,LECTURE THEATRE 7A
140,141,18/11/2022,23:55,damaged properties,DNMS,TAN CHENG LOCK BABA HSE MUSEUM
141,142,17/10/2022,19:17,damaged properties,PGP,7 PGP BUNGALOW
142,143,12/11/2022,3:55,cases of emergency,HALL,TEMASEK HALL (BLOCK D)
143,144,22/08/2023,19:55,Sexual Incident Reports,CDE,CANTEEN 1 (TECHNO EDGE)
144,145,19/12/2022,15:52,Lost and Found,CDE,LECTURE THEATRE 3
145,146,16/12/2022,0:31,damaged properties,CDE,LECTURE THEATRE 6
146,147,18/01/2023,9:49,damaged properties,CDE,E6 CARPARK
147,148,05/11/2022,12:24,damaged properties,BIZ,NUS SOCIETY-GUILD HOUSE
148,149,01/04/2023,10:17,stolen items,BTC,BTC-MOOT COURT
149,150,24/11/2022,8:26,Lost and Found,UTown,YALE FITNESS CENTER
150,151,10/04/2023,13:07,damaged properties,PGP,KE VII HALL (BLOCK H)
151,152,28/06/2023,21:55,Sexual Incident Reports,HALL,TEMASEK HALL (BLOCK A)
152,153,17/05/2023,12:24,cases of emergency,FASS,ARTS & SOCIAL SCIENCES BLOCK 1
153,154,05/10/2023,4:54,Lost and Found,FOS,SCIENCE BLOCK 2
154,155,26/03/2023,6:05,cases of emergency,FOS,CANTEEN 4 (FRONTIER)
155,156,06/02/2023,10:29,cases of emergency,UTown,YALE EAST CORE
156,157,01/01/2023,16:48,stolen items,FOS,LECTURE THEATRE 31
157,158,10/09/2023,0:24,Lost and Found,KR,12 KR BUNGALOW
158,159,01/03/2023,17:40,damaged properties,FOS,SUB-STATION 3 (NEAR S13)
159,160,07/07/2023,1:08,Sexual Incident Reports,FOS,NUHS-MAIN BUILDING
160,161,18/07/2023,14:29,damaged properties,UTown,YALE EAST CORE
161,162,11/06/2023,8:29,Lost and Found,YIH,RAFFLES HALL (BLOCK B)
162,163,08/01/2023,5:25,stolen items,UTown,TEMBUSU LEARN LOBE
163,164,29/09/2023,23:20,damaged properties,FOS,SCIENCE BLOCK 3
164,165,12/06/2023,22:19,cases of emergency,PGP,SUB-STATION 4 (NEAR KEVII)
165,166,18/01/2023,20:32,damaged properties,YIH,RIDGE VIEW RESIDENCE (BLOCK A)
166,167,10/03/2023,19:32,Lost and Found,HALL,SHEARES HALL (BLOCK E)
167,168,19/08/2023,15:32,cases of emergency,KV,COMMUNAL BLK B
168,169,16/02/2023,6:08,damaged properties,PGP,PGP RESIDENCES (BLOCK 3)
169,170,16/10/2023,1:54,Lost and Found,PGP,PGP RESIDENCES (BLOCK 16)
170,171,12/04/2023,5:55,Lost and Found,FASS,CENTRAL LIBRARY
171,172,05/11/2022,22:30,Sexual Incident Reports,PGP,PGP RESIDENCES (BLOCK 19)
172,173,31/12/2022,13:28,stolen items,YIH,RIDGE VIEW TOWER BLK (RVF)
173,174,17/04/2023,10:40,damaged properties,FOS,LECTURE THEATRE 32
174,175,01/10/2023,16:31,Sexual Incident Reports,HALL,TEMASEK HALL (BLOCK B)
175,176,09/10/2023,6:06,stolen items,UTown,YALE ADMINISTRATION BLOCK
176,177,12/03/2023,10:31,stolen items,UTown,DINING HALL (RC4 & CAPT)
177,178,28/06/2023,19:27,stolen items,CDE,ENGINEERING BLOCK 5
178,179,03/10/2023,6:43,stolen items,PGP,5 PGP BUNGALOW
179,180,16/04/2023,22:51,Sexual Incident Reports,PGP,KE VII HALL (BLOCK C)
180,181,02/03/2023,22:10,stolen items,PGP,PGP RESIDENCES (BLOCK 29)
181,182,21/10/2022,10:45,cases of emergency,PGP,PGP RESIDENCES (BLOCK 22)
182,183,31/01/2023,14:23,Lost and Found,FOS,LECTURE THEATRE 31
183,184,27/07/2023,22:02,damaged properties,FOS,MEDICINE BLOCK 9
184,185,09/02/2023,19:08,Lost and Found,FOS,LT 27 (LIM SENG TJOE LECTURE)
185,186,05/09/2023,8:13,Sexual Incident Reports,UTown,UTOWN RESIDENCE SOUTH-TOWER
186,187,02/08/2023,18:03,Lost and Found,FOS,NUHS-MAIN BUILDING
187,188,09/12/2022,2:32,damaged properties,BIZ,BIZ1 CARPARK
188,189,06/12/2022,4:02,Lost and Found,UTown,RESIDENT COLLEGE 4 -MPH
189,190,15/05/2023,0:21,stolen items,UTown,DINNING HALL (C&T COLLEGE)
190,191,10/07/2023,6:47,cases of emergency,UTown,RESIDENT COLLEGE 4
191,192,28/06/2023,21:26,Sexual Incident Reports,SOC,DATA-CENTRE-NUS HIGH SCHOOL
192,193,15/07/2023,12:46,damaged properties,UTown,YALE RESIDENTIAL COLLEGE 2
193,194,04/03/2023,0:05,damaged properties,KV,SUB-STATION/BIN CENTRE
194,195,21/12/2022,18:24,Sexual Incident Reports,SOC,I3
195,196,28/03/2023,7:30,Sexual Incident Reports,YIH,UNIVERSITY HALL
196,197,14/04/2023,20:47,Lost and Found,PGP,18A PGP BUNGALOW
197,198,18/05/2023,16:34,damaged properties,KR,5 KR BUNGALOW
198,199,23/04/2023,21:08,stolen items,KV,COMMUNAL BLK B
199,200,18/01/2023,14:13,cases of emergency,HALL,TEMASEK HALL (BLOCK D)
200,201,21/10/2022,14:57,stolen items,YIH,RIDGE VIEW RESIDENCE (BLOCK G)
201,202,16/11/2022,22:27,stolen items,KR,12 KR BUNGALOW
202,203,08/12/2022,20:12,stolen items,HMKT,HENG MUI KENG TERRACE BLOCK B
203,204,07/06/2023,2:42,stolen items,HALL,SHEARES HALL (COMMUNAL HALL)
204,205,14/02/2023,10:33,stolen items,PGP,PGP RESIDENCES (BLOCK 15)
205,206,17/04/2023,12:00,Sexual Incident Reports,FOS,SCIENCE BLOCK 9
206,207,21/01/2023,19:18,stolen items,BTC,BTC-CAFE
207,208,18/04/2023,2:10,cases of emergency,HALL,KENT RIDGE HALL (BLOCK C)
208,209,19/06/2023,18:10,Sexual Incident Reports,PGP,PGP RESIDENCES (BLOCK 11)
209,210,19/04/2023,6:16,damaged properties,FASS,LECTURE THEATRE 13
210,211,17/11/2022,6:39,Lost and Found,HALL,VENTUS (UNI CAMPUS INFRA)
211,212,11/01/2023,3:54,stolen items,BTC,20 EVANS BUNGALOW
212,213,08/01/2023,11:55,Sexual Incident Reports,UTown,DISTRICT COOLING PLANT
213,214,11/09/2023,3:51,Sexual Incident Reports,FOS,SCIENCE BLOCK 5
214,215,14/01/2023,19:41,Lost and Found,BIZ,HON SUI SEN MEMORIAL LIBRARY
215,216,16/08/2023,20:40,Lost and Found,FOS,MEDICINE BLOCK 9
216,217,21/06/2023,6:33,stolen items,BTC,BTC-EU TONG SEN
217,218,10/05/2023,17:41,stolen items,FOS,MEDICINE + SCIENCE LIBRARY
218,219,20/06/2023,4:04,Lost and Found,SOC,LECTURE THEATRE 17
219,220,10/09/2023,18:19,Sexual Incident Reports,PGP,6 PGP BUNGALOW
220,221,24/02/2023,7:12,cases of emergency,FASS,LECTURE THEATRE 8
221,222,21/07/2023,21:37,cases of emergency,FOS,SUB-STATION 3 (NEAR S13)
222,223,18/01/2023,11:18,Lost and Found,PGP,PGP RESIDENCES (BLOCK 14)
223,224,06/04/2023,6:16,cases of emergency,FOS,LECTURE THEATRE 32
224,225,28/10/2022,2:44,Lost and Found,HALL,HOUSE 5
225,226,13/12/2022,16:37,Lost and Found,HALL,EUSOFF HALL (BLOCK D)
226,227,21/12/2022,12:27,Lost and Found,PGP,PGP RESIDENCES (BLOCK 19)
227,228,01/05/2023,11:45,damaged properties,UTown,RESIDENT COLLEGE 4 -MPH
228,229,27/12/2022,9:21,Sexual Incident Reports,PGP,KE VII HALL (BLOCK H)
229,230,28/04/2023,22:39,damaged properties,SOC,LECTURE THEATRE 15
230,231,05/06/2023,4:56,stolen items,PGP,PGP RESIDENCES (BLOCK 12)
231,232,25/11/2022,17:10,Lost and Found,FASS,CENTRAL LIBRARY
232,233,09/10/2023,7:25,stolen items,HALL,EUSOFF HALL (BLOCK B)
233,234,26/06/2023,23:49,cases of emergency,HALL,EUSOFF HALL (BLOCK A)
234,235,07/05/2023,9:06,cases of emergency,HALL,EUSOFF HALL (BLOCK C)
235,236,25/12/2022,11:30,cases of emergency,CDE,SPORE POWER GRID-CON SWITCH RM
236,237,28/03/2023,23:30,cases of emergency,UTown,CINNAMON COLLEGE -MAIN BLK
237,238,26/04/2023,12:15,Sexual Incident Reports,CDE,CTR FOR ENGLISH LANGUAGE COMMUNICATION
238,239,26/12/2022,11:32,stolen items,FASS,ARTS & SOCIAL SCIENCES BLOCK 3
239,240,02/10/2023,20:49,cases of emergency,PGP,17 PGP BUNGALOW
240,241,09/12/2022,5:10,stolen items,CDE,ENGINEERING BLOCK 8
241,242,18/01/2023,5:20,stolen items,HALL,SHEARES HALL (BLOCK B)
242,243,14/05/2023,18:24,cases of emergency,DNMS,DNMS CARPARK
243,244,14/06/2023,11:27,stolen items,YIH,MULTI-PURPOSE HALL 1 - 4
244,245,08/05/2023,19:18,Sexual Incident Reports,PGP,PGP RESIDENCES (BLOCK 5)
245,246,24/01/2023,6:23,stolen items,PGP,PGP RESIDENCES (BLOCK 4)
246,247,16/01/2023,0:11,stolen items,PGP,SUB-STATION 4 (NEAR KEVII)
247,248,03/11/2022,15:04,Sexual Incident Reports,HALL,SHEARES HALL (BLOCK A)
248,249,18/10/2022,3:17,Sexual Incident Reports,CDE,ENGINEERING BLOCK 4
249,250,17/03/2023,20:50,Sexual Incident Reports,UTown,CINNAMON COLLEGE -MPH
250,251,19/07/2023,18:41,Sexual Incident Reports,FOS,MEDICINE + SCIENCE LIBRARY
251,252,19/11/2022,10:39,cases of emergency,KV,"KENT VALE APARTMENT BLK B, 105"
252,253,24/11/2022,21:03,stolen items,KR,12 KR BUNGALOW
253,254,14/11/2022,11:16,stolen items,UTown,TEMBUSU COLLEGE- MAIN BLK
254,255,19/04/2023,20:15,Sexual Incident Reports,FOS,SCIENCE BLOCK 12
255,256,11/08/2023,8:01,stolen items,CDE,CTR FOR ENGLISH LANGUAGE COMMUNICATION
256,257,25/04/2023,4:26,Sexual Incident Reports,YIH,RAFFLES HALL (BLOCK D)
257,258,29/04/2023,1:16,Sexual Incident Reports,CDE,ENGINEERING BLOCK 6
258,259,25/07/2023,21:07,Lost and Found,FOS,FOS - SHED B-NEXT TO S3&S4
259,260,21/01/2023,19:07,stolen items,UTown,DINNING HALL (C&T COLLEGE)
260,261,04/07/2023,0:18,Sexual Incident Reports,PGP,PGP RESIDENCES (BLOCK 6)
261,262,20/02/2023,0:52,Sexual Incident Reports,SOC,LECTURE THEATRE 14
262,263,03/02/2023,19:22,stolen items,FOS,LECTURE THEATRE 37
263,264,05/02/2023,11:15,Lost and Found,KV,"KENT VALE APARTMENT BLK D, 113"
264,265,08/04/2023,14:14,Lost and Found,YIH,RAFFLES HALL (BLOCK A)
265,266,08/05/2023,4:21,Sexual Incident Reports,BIZ,BIZ1 CARPARK
266,267,15/06/2023,17:56,Sexual Incident Reports,UTown,YALE WEST CORE
267,268,30/04/2023,3:06,cases of emergency,DNMS,DNMS CARPARK
268,269,01/05/2023,3:52,stolen items,UTown,TEMBUSU COLLEGE- MAIN BLK
269,270,19/09/2023,17:03,stolen items,SOC,LECTURE THEATRE 15
270,271,05/04/2023,12:58,stolen items,PGP,PGP RESIDENCES (BLOCK 20)
271,272,25/02/2023,13:59,damaged properties,UTown,CINNAMON COLLEGE -MPH
272,273,22/09/2023,2:11,Lost and Found,PGP,PGP RESIDENCES RESTAURANT
273,274,09/05/2023,22:01,stolen items,PGP,PGP RESIDENCES (BLOCK 29)
274,275,23/10/2022,4:45,Sexual Incident Reports,FOS,MEDICINE BLOCK 4
275,276,31/03/2023,8:28,damaged properties,CDE,LECTURE THEATRE 7
276,277,17/02/2023,22:25,Sexual Incident Reports,UCC,UNIVERSITY CULTURAL CENTRE
277,278,13/04/2023,0:55,cases of emergency,PGP,PGP RESIDENCES (BLOCK 7)
278,279,23/07/2023,10:36,damaged properties,CDE,ENGINEERING BLOCK 2
279,280,20/04/2023,5:11,cases of emergency,FOS,MEDICINE BLOCK 11
280,281,17/03/2023,18:57,Sexual Incident Reports,FOS,MEDICINE BLOCK 4
281,282,27/08/2023,18:36,stolen items,FOS,SCIENCE BLOCK 11
282,283,23/12/2022,10:33,cases of emergency,YIH,UNIVERSITY HEALTH CENTRE
283,284,19/12/2022,22:15,cases of emergency,CDE,LECTURE THEATRE 1
284,285,29/10/2022,15:43,Lost and Found,BTC,BTC-LI KA SHING BUILDING
285,286,03/09/2023,23:52,Lost and Found,CDE,LECTURE THEATRE 2
286,287,23/01/2023,7:03,Sexual Incident Reports,BTC,BTC-OEI TIONG HAM
287,288,24/04/2023,23:10,cases of emergency,FASS,LECTURE THEATRE 13
288,289,10/06/2023,20:24,Sexual Incident Reports,YIH,NUS STAFF CLUB
289,290,25/09/2023,2:13,cases of emergency,COM,S'PORE SYNCHROTRON LIGHTSOURCE
290,291,10/07/2023,18:24,stolen items,YIH,UNIVERSITY HALL
291,292,04/02/2023,16:13,Lost and Found,FOS,SCIENCE BLOCK 1A (LEE WEE KENG)
292,293,22/06/2023,12:58,cases of emergency,PGP,PGP RESIDENCES (BLOCK 11)
293,294,15/11/2022,12:37,Sexual Incident Reports,FOS,MEDICINE BLOCK 9
294,295,08/03/2023,4:19,Lost and Found,PGP,14A PGP BUNGALOW
295,296,23/11/2022,17:17,stolen items,COM,S'PORE SYNCHROTRON LIGHTSOURCE
296,297,11/04/2023,22:02,stolen items,PGP,PGP RESIDENCES (BLOCK 9)
297,298,11/01/2023,13:52,stolen items,UTown,TEMBUSU COLLEGE- MPH
298,299,21/02/2023,16:26,stolen items,BTC,BTC-CJ KOH LIBRARY
299,300,26/04/2023,17:22,damaged properties,HALL,EUSOFF HALL (BLOCK C)
300,301,06/05/2023,20:24,stolen items,PGP,PGP RESIDENCES (BLOCK 21)
301,302,04/11/2022,12:02,Lost and Found,CDE,ENGINEERING BLOCK 4A
302,303,21/02/2023,9:20,Lost and Found,HALL,TEMASEK HALL (BLOCK C)
303,304,18/12/2022,16:55,stolen items,UTown,EDUCATION RESOURCE CENTRE
304,305,25/11/2022,18:57,cases of emergency,KV,"KENT VALE APARTMENT BLK F, 107"
305,306,28/09/2023,3:45,cases of emergency,BTC,BTC-MOOT COURT
306,307,29/12/2022,8:51,damaged properties,FASS,ARTS & SOCIAL SCIENCES BLOCK 6
307,308,27/12/2022,13:53,Lost and Found,CDE,ENGINEERING BLOCK 4A
308,309,13/03/2023,6:52,Lost and Found,PGP,PGP RESIDENCES (BLOCK 7)
309,310,10/11/2022,15:06,stolen items,PGP,PGP RESIDENCES MPH
310,311,29/09/2023,18:35,damaged properties,PGP,4 PGP BUNGALOW
311,312,18/09/2023,14:05,stolen items,CDE,ENGINEERING AUDITORIUM
312,313,09/07/2023,11:14,Lost and Found,PGP,KE VII HALL (BLOCK C)
313,314,15/07/2023,5:12,cases of emergency,UTown,CREATE (UTOWN PLAZA)
314,315,18/12/2022,10:00,damaged properties,PGP,PGP RESIDENCES LECTURE THEATRE
315,316,17/02/2023,4:01,damaged properties,KV,"KENT VALE APARTMENT BLK E, 109"
316,317,18/12/2022,5:59,damaged properties,SOC,COMPUTING BLOCK 1
317,318,26/08/2023,10:11,damaged properties,CDE,ENGINEERING BLOCK 7
318,319,12/09/2023,12:39,damaged properties,HALL,KENT RIDGE HALL (BLOCK E)
319,320,06/05/2023,22:18,stolen items,CDE,DESIGN & ENVIRONMENT BLOCK 3
320,321,10/07/2023,17:45,cases of emergency,BTC,BTC-BIN CENTRE
321,322,16/02/2023,15:59,stolen items,PGP,PGP RESIDENCES (BLOCK 4)
322,323,29/08/2023,20:02,cases of emergency,CDE,ENGINEERING BLOCK 1A
323,324,04/07/2023,5:34,stolen items,PGP,8 PGP BUNGALOW
324,325,21/12/2022,8:09,stolen items,PGP,PGP RESIDENCES (BLOCK 13)
325,326,30/10/2022,8:49,Sexual Incident Reports,FOS,LECTURE THEATRE 35 (PETER AND MARY FU)
326,327,07/05/2023,21:42,cases of emergency,BTC,BTC-OEI TIONG HAM
327,328,05/11/2022,3:42,cases of emergency,BIZ,SHAW FOUNDATION ALUMNI HOUSE
328,329,13/03/2023,0:49,cases of emergency,PGP,PGP RESIDENCES (BLOCK 3)
329,330,31/05/2023,7:11,Lost and Found,CDE,ENGINEERING WORKSHOP 1
330,331,14/11/2022,15:08,damaged properties,YIH,RAFFLES HALL (BLOCK D)
331,332,20/04/2023,3:28,Sexual Incident Reports,FOS,LECTURE THEATRE 33
332,333,28/11/2022,7:41,Sexual Incident Reports,KR,11 KR BUNGALOW
333,334,23/03/2023,3:15,cases of emergency,CDE,TEMASEK LAB
334,335,18/07/2023,22:28,cases of emergency,BTC,BTC-SUB-STATION
335,336,20/09/2023,3:26,stolen items,BTC,18 EVANS BUNGALOW
336,337,03/07/2023,3:20,Sexual Incident Reports,COM,S'PORE SYNCHROTRON LIGHTSOURCE
337,338,11/06/2023,7:28,damaged properties,YIH,RAFFLES HALL (BLOCK B)
338,339,04/03/2023,7:36,damaged properties,FOS,LECTURE THEATRE 20
339,340,05/02/2023,20:54,cases of emergency,FOS,MEDICINE BLOCK 3
340,341,07/07/2023,21:59,damaged properties,FOS,MEDICINE BLOCK 9
341,342,09/11/2022,13:03,Sexual Incident Reports,UCC,DECOM SUB-STATION 1 (NEAR LKCNHM)
342,343,14/08/2023,11:28,Lost and Found,KR,6 KR BUNGALOW
343,344,29/07/2023,20:08,Lost and Found,FOS,SCIENCE BLOCK 5
344,345,19/06/2023,12:57,Sexual Incident Reports,BIZ,BUSINESS BLOCK 1-MOCHTAR RIADY
345,346,31/05/2023,9:39,damaged properties,PGP,STORE 1 (NEAR KEVII HALL)
346,347,02/08/2023,3:15,Lost and Found,PGP,PGP RESIDENCES LECTURE THEATRE
347,348,07/03/2023,6:28,Lost and Found,FOS,LECTURE THEATRE 26
348,349,17/09/2023,15:37,Lost and Found,HALL,SHEARES HALL (BLOCK C)
349,350,04/05/2023,12:12,Lost and Found,PGP,TECH CTR FOR OFFSHORE & MARINE
350,351,24/08/2023,5:16,stolen items,PGP,KE VII HALL (BLOCK C)
351,352,28/10/2022,9:50,stolen items,YIH,RIDGE VIEW RESIDENCE (BLOCK G)
352,353,12/03/2023,0:57,stolen items,CDE,ENGINEERING WORKSHOP 1
353,354,24/01/2023,9:57,cases of emergency,YIH,UNIVERSITY HALL
354,355,15/06/2023,2:49,cases of emergency,HALL,VENTUS (UNI CAMPUS INFRA)
355,356,28/03/2023,6:48,cases of emergency,FOS,SCIENCE BLOCK 16
356,357,02/01/2023,10:05,Lost and Found,SOC,COMPUTING BLOCK 3
357,358,21/09/2023,8:24,Sexual Incident Reports,KV,"KENT VALE APARTMENT BLK B, 105"
358,359,22/08/2023,0:29,cases of emergency,FOS,MEDICINE BLOCK 3
359,360,16/04/2023,22:02,stolen items,BTC,BTC-MOOT COURT
360,361,02/05/2023,11:53,cases of emergency,PGP,PGP RESIDENCES (BLOCK 2)
361,362,08/07/2023,20:25,stolen items,SOC,COMPUTING BLOCK 3
362,363,10/12/2022,9:50,cases of emergency,HALL,EUSOFF HALL (BLOCK B)
363,364,06/06/2023,2:21,Sexual Incident Reports,PGP,PGP RESIDENCES (BLOCK 23)
364,365,16/05/2023,21:05,Lost and Found,PGP,KE VII HALL (BLOCK D)
365,366,03/09/2023,14:25,damaged properties,YIH,RAFFLES HALL (BLOCK A)
366,367,27/09/2023,22:47,damaged properties,UTown,YALE ADMINISTRATION BLOCK
367,368,22/01/2023,14:11,Sexual Incident Reports,HALL,EUSOFF HALL (COMMUNAL HALL)
368,369,25/12/2022,14:50,Lost and Found,FOS,LECTURE THEATRE 28
369,370,25/05/2023,11:16,cases of emergency,PGP,PGP RESIDENCES (BLOCK 29)
370,371,27/12/2022,10:39,cases of emergency,YIH,RIDGE VIEW RESIDENCE (BLOCK G)
371,372,25/01/2023,0:42,Lost and Found,PGP,PGP RESIDENCES (BLOCK 11)
372,373,20/02/2023,15:47,stolen items,HALL,SHEARES HALL (BLOCK C)
373,374,24/07/2023,16:15,Lost and Found,KV,"KENT VALE APARTMENT BLK B, 105"
374,375,12/09/2023,21:02,stolen items,CDE,LECTURE THEATRE 7A
375,376,17/01/2023,20:00,cases of emergency,PGP,14A PGP BUNGALOW
376,377,02/12/2022,10:42,damaged properties,KR,14 KR BUNGALOW
377,378,13/09/2023,0:28,damaged properties,BTC,BTC-SUB-STATION
378,379,09/03/2023,13:55,damaged properties,FOS,BRENNER CTR FOR MOLECULAR MED
379,380,06/11/2022,15:19,Lost and Found,BTC,BTC-LECTURE THEATRE
380,381,10/07/2023,12:35,stolen items,PGP,KE VII HALL (BLOCK B)
381,382,19/11/2022,4:56,Lost and Found,CDE,LECTURE THEATRE 2
382,383,20/06/2023,10:08,cases of emergency,PGP,KE VII HALL (BLOCK H)
383,384,24/08/2023,18:18,Lost and Found,FOS,FOS - SHED B-NEXT TO S3&S4
384,385,09/01/2023,22:06,stolen items,FASS,LECTURE THEATRE 10
385,386,06/06/2023,23:52,damaged properties,BTC,BTC-TOWER BLOCK
386,387,24/02/2023,12:12,stolen items,FOS,NATIONAL UNIVERSITY CENTRE FOR ORAL HEALTH SINGAPORE
387,388,14/11/2022,9:41,cases of emergency,PGP,PGP RESIDENCES (BLOCK 27)
388,389,27/03/2023,11:00,Sexual Incident Reports,PGP,PGP RESIDENCES (BLOCK 26)
389,390,05/12/2022,10:51,cases of emergency,FOS,SCIENCE BLOCK 3
390,391,16/06/2023,13:17,damaged properties,PGP,PGP RESIDENCES (BLOCK 8)
391,392,25/02/2023,18:45,Sexual Incident Reports,PGP,PGP RESIDENCES (BLOCK 9)
392,393,26/08/2023,14:55,damaged properties,CDE,DESIGN & ENVIRONMENT BLOCK 2
393,394,16/02/2023,13:10,stolen items,SOC,COMPUTING BLOCK 1
394,395,24/02/2023,17:22,stolen items,HALL,KENT RIDGE HALL (BLOCK E)
395,396,29/09/2023,12:55,Lost and Found,CDE,ENGINEERING BLOCK 7
396,397,28/03/2023,23:16,Lost and Found,BTC,BTC-TOWER BLOCK
397,398,04/02/2023,23:05,Lost and Found,FASS,LECTURE THEATRE 9
398,399,05/01/2023,22:48,damaged properties,PGP,PGPR CARPARK
399,400,17/03/2023,13:10,damaged properties,FOS,MEDICINE + SCIENCE LIBRARY
400,401,26/03/2023,2:21,stolen items,KV,"KENT VALE APARTMENT BLK E, 109"
401,402,29/06/2023,23:31,stolen items,UTown,YALE FITNESS CENTER
402,403,18/10/2022,4:49,Sexual Incident Reports,BTC,BTC-OEI TIONG HAM
403,404,26/04/2023,15:30,Lost and Found,FOS,MEDICINE BLOCK 10
404,405,11/10/2023,14:34,Lost and Found,HALL,TEMASEK HALL (COMMUNAL HALL)
405,406,08/05/2023,8:14,stolen items,CDE,DESIGN & ENVIRONMENT BLOCK 4
406,407,23/12/2022,8:20,stolen items,FOS,SCIENCE BLOCK 12
407,408,07/08/2023,3:04,stolen items,FASS,CENTRAL STORAGE LIBRARY ANNEX
408,409,03/06/2023,19:24,stolen items,UTown,CINNAMON LEARN LOBE
409,410,23/12/2022,4:25,Lost and Found,BIZ,BUSINESS BLOCK 2
410,411,01/02/2023,6:31,cases of emergency,FOS,MEDICINE BLOCK 3
411,412,06/03/2023,20:26,cases of emergency,FOS,BRENNER CTR FOR MOLECULAR MED
412,413,07/01/2023,6:04,Sexual Incident Reports,CDE,ENGINEERING BLOCK 4A
413,414,12/05/2023,7:09,Sexual Incident Reports,KR,SEA-TO-SPACE (18KR BUNGALOW)
414,415,10/07/2023,5:59,damaged properties,FASS,ARTS & SOCIAL SCIENCES BLOCK 1
415,416,30/09/2023,15:33,damaged properties,BTC,BTC-CJ KOH LIBRARY
416,417,30/10/2022,16:32,damaged properties,YIH,YUSOF ISHAK HOUSE
417,418,10/05/2023,4:16,cases of emergency,PGP,PGP RESIDENCES RESTAURANT
418,419,23/11/2022,6:06,damaged properties,UTown,YALE SCIENCE BLOCK
419,420,14/05/2023,19:45,Lost and Found,YIH,UNIVERSITY HALL
420,421,20/06/2023,21:03,cases of emergency,UTown,SRC CARPARK
421,422,27/04/2023,9:04,Sexual Incident Reports,UTown,CINNAMON COLLEGE -MAIN BLK
422,423,29/12/2022,15:03,Lost and Found,PGP,KE VII HALL (BLOCK H)
423,424,04/12/2022,20:44,stolen items,PGP,PGP RESIDENCES (BLOCK 19)
424,425,01/04/2023,1:19,Sexual Incident Reports,SOC,LECTURE THEATRE 14
425,426,06/02/2023,16:54,cases of emergency,CDE,ENGINEERING BLOCK 4A
426,427,13/08/2023,8:26,stolen items,BTC,BTC-MOOT COURT
427,428,12/11/2022,10:01,Lost and Found,UTown,RESIDENT COLLEGE 4
428,429,26/02/2023,11:13,Sexual Incident Reports,YIH,UNIVERSITY HALL
429,430,30/12/2022,1:45,damaged properties,PGP,PGP RESIDENCES (BLOCK 25)
430,431,06/04/2023,14:20,Lost and Found,YIH,RIDGE VIEW RESIDENCE (BLOCK B)
431,432,26/10/2022,10:46,Lost and Found,FOS,SCIENCE BLOCK 8
432,433,21/07/2023,23:08,Lost and Found,BTC,BTC-CAFE
433,434,07/01/2023,19:43,stolen items,SOC,ISS CARPARK
434,435,05/01/2023,9:13,stolen items,FOS,SCIENCE BLOCK 15
435,436,07/10/2023,15:24,Sexual Incident Reports,CDE,ENGINEERING AUDITORIUM
436,437,30/05/2023,2:56,stolen items,FASS,FASS BLK7 (SHAW FDN BLDG)
437,438,06/06/2023,12:27,Lost and Found,SOC,DATA-CENTRE-NUS HIGH SCHOOL
438,439,08/08/2023,7:49,Lost and Found,HALL,EUSOFF HALL (BLOCK B)
439,440,28/01/2023,4:37,Lost and Found,UTown,YALE RESIDENTIAL COLLEGE 3
440,441,10/12/2022,14:41,cases of emergency,FOS,MD BLK 6 (CTR FOR TRANS  MED)
441,442,13/06/2023,23:17,Sexual Incident Reports,BTC,BTC-LI KA SHING BUILDING
442,443,19/04/2023,10:54,stolen items,SOC,LECTURE THEATRE 17
443,444,03/04/2023,5:10,Lost and Found,HALL,SHEARES HALL (BLOCK A)
444,445,05/10/2023,5:54,stolen items,HALL,INSTITUTE OF SYSTEMS SCIENCE
445,446,12/04/2023,0:18,Lost and Found,KV,"KENT VALE APARTMENT BLK I, 119"
446,447,05/05/2023,12:16,Sexual Incident Reports,YIH,UNIVERSITY HALL
447,448,28/02/2023,0:32,Sexual Incident Reports,FASS,ARTS & SOCIAL SCIENCES BLOCK 1
448,449,29/10/2022,18:50,damaged properties,FOS,SCIENCE BLOCK 17
449,450,29/03/2023,7:00,Sexual Incident Reports,CDE,EL SERVICE RESERVOIRS 1&2
450,451,31/10/2022,2:08,cases of emergency,BIZ,BUSINESS BLOCK 2
451,452,02/04/2023,0:08,stolen items,FASS,AS8 CARPARK
452,453,07/02/2023,14:04,stolen items,FOS,SCIENCE BLOCK 16
453,454,10/10/2023,20:06,stolen items,FOS,MD BLK 6 (CTR FOR TRANS  MED)
454,455,18/10/2022,5:40,cases of emergency,PGP,18A PGP BUNGALOW
455,456,06/07/2023,22:43,Sexual Incident Reports,KR,4 KR BUNGALOW
456,457,20/11/2022,5:06,damaged properties,FOS,DSO BUILDING
457,458,18/08/2023,23:51,stolen items,KR,4 KR BUNGALOW
458,459,09/06/2023,6:27,cases of emergency,CDE,DESIGN & ENVIRONMENT BLOCK 2
459,460,25/07/2023,5:15,damaged properties,HALL,TEMASEK HALL (BLOCK C)
460,461,13/11/2022,22:24,Sexual Incident Reports,PGP,SUB-STATION 4 (NEAR KEVII)
461,462,18/01/2023,20:07,damaged properties,FASS,LECTURE THEATRE 11
462,463,18/04/2023,22:24,damaged properties,BTC,BTC- MULTIPURPOSE AUDITORIUM
463,464,11/07/2023,21:43,Sexual Incident Reports,CDE,CTR FOR ENGLISH LANGUAGE COMMUNICATION
464,465,22/03/2023,15:00,damaged properties,PGP,14 PGP BUNGALOW
465,466,10/04/2023,20:24,Lost and Found,KV,"KENT VALE APARTMENT BLK D, 113"
466,467,31/08/2023,9:10,damaged properties,PGP,8 PGP BUNGALOW
467,468,19/10/2022,14:38,Sexual Incident Reports,KR,12A KR BUNGALOW
468,469,21/02/2023,2:37,cases of emergency,UTown,UTOWN RESIDENCE-NORTH TOWER
469,470,29/07/2023,22:03,stolen items,FOS,SCIENCE BLOCK 14
470,471,17/05/2023,13:43,Sexual Incident Reports,PGP,PGP RESIDENCES (BLOCK 6)
471,472,19/10/2022,23:53,Sexual Incident Reports,YIH,RIDGE VIEW RESIDENCE (BLOCK E)
472,473,14/06/2023,19:39,damaged properties,YIH,RAFFLES HALL (BLOCK A)
473,474,27/11/2022,0:04,Sexual Incident Reports,BTC,BTC-LOUNGE
474,475,26/09/2023,21:38,stolen items,SOC,ISS CARPARK
475,476,06/09/2023,16:22,stolen items,PGP,14 PGP BUNGALOW
476,477,05/01/2023,15:25,cases of emergency,UTown,DINNING HALL (C&T COLLEGE)
477,478,29/12/2022,0:41,cases of emergency,FASS,LECTURE THEATRE 12
478,479,10/02/2023,22:32,damaged properties,UTown,CREATE CARPARK
479,480,14/10/2023,13:06,stolen items,CDE,SPORE POWER GRID-CON SWITCH RM
480,481,14/04/2023,22:48,damaged properties,HALL,SHEARES HALL (BLOCK D)
481,482,31/10/2022,12:56,stolen items,FOS,SCIENCE BLOCK 17
482,483,12/07/2023,2:39,cases of emergency,UTown,UTOWN RESIDENCE-NORTH TOWER
483,484,04/08/2023,1:50,Sexual Incident Reports,FOS,MEDICINE BLOCK 3
484,485,26/02/2023,13:07,Sexual Incident Reports,BIZ,NUS SOCIETY-GUILD HOUSE
485,486,15/12/2022,15:57,damaged properties,SOC,LECTURE THEATRE 19
486,487,06/01/2023,7:48,Sexual Incident Reports,FOS,MEDICINE BLOCK 11
487,488,10/02/2023,12:49,cases of emergency,PGP,PGP RESIDENCES (BLOCK 19)
488,489,14/06/2023,15:27,cases of emergency,FOS,MEDICINE BLOCK 4
489,490,06/02/2023,7:12,damaged properties,UCC,YST CONSERVATORY OF MUSIC
490,491,19/06/2023,4:45,stolen items,BIZ,HON SUI SEN MEMORIAL LIBRARY
491,492,27/01/2023,14:14,damaged properties,UTown,RESIDENT COLLEGE 4
492,493,03/11/2022,4:38,stolen items,KR,10 KR BUNGALOW
493,494,08/07/2023,20:31,damaged properties,FOS,MD11 CARPARK
494,495,10/11/2022,1:30,cases of emergency,KR,14 KR BUNGALOW
495,496,28/04/2023,6:35,cases of emergency,CDE,ENGINEERING BLOCK 3
496,497,24/07/2023,10:04,cases of emergency,BTC,BTC-LECTURE THEATRE
497,498,10/01/2023,5:24,stolen items,CDE,ENGINEERING BLOCK A
498,499,18/12/2022,23:00,stolen items,FOS,LECTURE THEATRE 26
499,500,27/12/2022,15:07,Lost and Found,FOS,SCIENCE BLOCK 3
500,501,07/04/2023,23:19,Sexual Incident Reports,CDE,T-LAB CARPARK
501,502,14/08/2023,10:20,stolen items,PGP,PGP RESIDENCES MPH
502,503,15/04/2023,2:10,cases of emergency,CDE,LECTURE THEATRE 1
503,504,18/09/2023,16:56,Lost and Found,PGP,PGP RESIDENCES (BLOCK 29)
504,505,08/04/2023,11:49,cases of emergency,CDE,EL SERVICE RESERVOIRS 1&2
505,506,16/12/2022,20:14,cases of emergency,FOS,MEDICINE BLOCK 4
506,507,31/01/2023,5:45,damaged properties,CDE,ENGINEERING BLOCK 5
507,508,30/01/2023,11:19,Lost and Found,FOS,SCIENCE BLOCK 2
508,509,22/05/2023,9:15,cases of emergency,PGP,KE VII HALL (BLOCK D)
509,510,19/11/2022,19:17,stolen items,FASS,ARTS & SOCIAL SCIENCES BLOCK 8
510,511,04/08/2023,23:56,stolen items,BIZ,NUS SOCIETY-GUILD HOUSE
511,512,09/04/2023,21:42,cases of emergency,CDE,DESIGN & ENVIRONMENT BLOCK 3
512,513,19/01/2023,7:10,Sexual Incident Reports,FOS,MEDICINE BLOCK 2
513,514,19/03/2023,15:36,stolen items,CDE,LECTURE THEATRE 6
514,515,29/07/2023,16:44,Lost and Found,CDE,ENGINEERING BLOCK 2A (EDIC)
515,516,02/08/2023,3:17,cases of emergency,PGP,STORE 1 (NEAR KEVII HALL)
516,517,13/01/2023,18:28,Lost and Found,CDE,INFORMATION TECHNOLOGY
517,518,10/02/2023,2:54,damaged properties,PGP,PGP RESIDENCES (BLOCK 12)
518,519,28/02/2023,21:43,stolen items,PGP,7 PGP BUNGALOW
519,520,03/01/2023,15:41,damaged properties,YIH,RAFFLES HALL (COMMUNAL HALL)
520,521,20/09/2023,7:36,Lost and Found,BTC,BTC-EU TONG SEN
521,522,03/08/2023,15:05,cases of emergency,KR,2 KR BUNGALOW
522,523,08/02/2023,8:21,damaged properties,PGP,KE VII HALL (BLOCK G)
523,524,04/07/2023,0:57,stolen items,HALL,SHEARS HALL/KENT RIDGE HALL SHARED SPACE
524,525,10/07/2023,11:31,Lost and Found,FOS,LECTURE THEATRE 29
525,526,30/01/2023,15:42,Sexual Incident Reports,YIH,RAFFLES HALL (BLOCK A)
526,527,07/08/2023,22:22,Sexual Incident Reports,BTC,BTC-FEDERAL
527,528,28/03/2023,8:56,Sexual Incident Reports,HALL,TEMASEK HALL (BLOCK A)
528,529,31/05/2023,3:21,Lost and Found,HALL,EUSOFF HALL (BLOCK A)
529,530,21/08/2023,9:40,Sexual Incident Reports,PGP,PGP RESIDENCES (BLOCK 22)
530,531,05/05/2023,1:14,damaged properties,BTC,BTC-FEDERAL
531,532,03/03/2023,15:12,cases of emergency,COM,S'PORE SYNCHROTRON LIGHTSOURCE
532,533,21/08/2023,16:04,damaged properties,PGP,PGP RESIDENCES (BLOCK 25)
533,534,11/04/2023,18:03,damaged properties,YIH,RIDGE VIEW TOWER BLK (RVF)
534,535,10/06/2023,22:21,Sexual Incident Reports,HALL,TEMASEK HALL (COMMUNAL HALL)
535,536,04/09/2023,4:08,damaged properties,PGP,PGP RESIDENCES (BLOCK 12)
536,537,13/05/2023,9:19,stolen items,CDE,INFORMATION TECHNOLOGY
537,538,16/06/2023,5:17,Sexual Incident Reports,FASS,ARTS & SOCIAL SCIENCES BLOCK 3
538,539,23/03/2023,14:25,cases of emergency,CDE,ENGINEERING BLOCK 5
539,540,24/09/2023,11:26,damaged properties,UTown,YALE DINNING SERVICES
540,541,14/05/2023,20:09,Sexual Incident Reports,CDE,INFORMATION TECHNOLOGY
541,542,10/09/2023,17:16,stolen items,KR,2 KR BUNGALOW
542,543,06/07/2023,10:16,damaged properties,FOS,SCIENCE BLOCK 2
543,544,21/09/2023,17:19,damaged properties,FOS,SCIENCE BLOCK 6
544,545,14/07/2023,21:52,stolen items,FOS,SCIENCE BLOCK 8
545,546,11/04/2023,5:08,stolen items,PGP,PGP RESIDENCES (BLOCK 2)
546,547,10/12/2022,15:47,stolen items,CDE,TEMASEK LAB
547,548,19/07/2023,11:22,cases of emergency,CDE,DESIGN & ENVIRONMENT BLOCK 1
548,549,19/09/2023,8:55,cases of emergency,UTown,EDUCATION RESOURCE CENTRE
549,550,14/05/2023,20:05,damaged properties,PGP,PGP RESIDENCES (BLOCK 19)
550,551,18/04/2023,6:31,Sexual Incident Reports,CDE,EXPERIMENTAL HOUSE
551,552,28/11/2022,9:54,Lost and Found,FASS,ARTS & SOCIAL SCIENCES BLOCK 2
552,553,02/07/2023,9:53,Lost and Found,FASS,ARTS & SOCIAL SCIENCES BLOCK 1
553,554,04/12/2022,4:25,Sexual Incident Reports,PGP,PGP RESIDENCES (BLOCK 3)
554,555,25/11/2022,6:33,damaged properties,FOS,SCIENCE BLOCK 3
555,556,29/04/2023,1:55,stolen items,PGP,PGP RESIDENCES (BLOCK 10)
556,557,22/07/2023,23:23,Lost and Found,PGP,KE VII HALL (BLOCK C)
557,558,22/07/2023,10:34,stolen items,PGP,2 PGP BUNGALOW
558,559,17/12/2022,17:47,stolen items,UTown,YALE FITNESS CENTER
559,560,27/08/2023,2:19,stolen items,SOC,LECTURE THEATRE 15
560,561,18/12/2022,1:28,cases of emergency,KV,"KENT VALE APARTMENT BLK G, 115"
561,562,29/12/2022,5:48,stolen items,HALL,KENT RIDGE HALL (BLOCK C)
562,563,18/06/2023,3:16,cases of emergency,FOS,CELS CARPARK
563,564,26/06/2023,20:30,damaged properties,HALL,HOUSE 5 ANNEX
564,565,09/03/2023,19:48,stolen items,FOS,CANTEEN 4 (FRONTIER)
565,566,17/10/2022,3:31,Sexual Incident Reports,BTC,BTC-BIN CENTRE
566,567,02/03/2023,21:36,damaged properties,DNMS,DNMS CARPARK
567,568,02/11/2022,10:51,stolen items,YIH,UNIVERSITY HALL
568,569,01/07/2023,10:52,stolen items,UTown,CINNAMON LEARN LOBE
569,570,21/04/2023,11:27,Sexual Incident Reports,FASS,TMSI-ST JOHN'S ISLAND
570,571,10/04/2023,10:47,cases of emergency,PGP,PGPR CARPARK
571,572,28/08/2023,22:27,Lost and Found,PGP,PGP RESIDENCES RESTAURANT
572,573,07/11/2022,6:35,damaged properties,UCC,NATIONAL SINGAPORE WIND TUNNEL
573,574,14/05/2023,10:18,Sexual Incident Reports,CDE,ENGINEERING BLOCK 4
574,575,09/06/2023,15:29,stolen items,UTown,CREATE CARPARK
575,576,14/01/2023,22:56,cases of emergency,PGP,INNOVATION 4.0
576,577,28/01/2023,6:32,damaged properties,UTown,YALE RESIDENTIAL COLLEGE 3
577,578,07/01/2023,19:24,Lost and Found,UCC,DECOM SUB-STATION 1 (NEAR LKCNHM)
578,579,13/03/2023,0:54,cases of emergency,FOS,LECTURE THEATRE 32
579,580,14/06/2023,3:31,Lost and Found,UCC,DECOM SUB-STATION 1 (NEAR LKCNHM)
580,581,14/01/2023,16:31,cases of emergency,HALL,KENT RIDGE HALL (BLOCK B)
581,582,12/02/2023,9:15,Sexual Incident Reports,KV,COMMUNAL BLK B
582,583,27/10/2022,6:11,damaged properties,HALL,KENT VALE GUARDHOUSE
583,584,30/10/2022,1:24,stolen items,PGP,PGP RESIDENCES (BLOCK 11)
584,585,23/06/2023,2:32,damaged properties,UTown,RESIDENT COLLEGE 4 -MPH
585,586,23/07/2023,9:04,damaged properties,PGP,PGP RESIDENCES (BLOCK 9)
586,587,03/05/2023,16:32,Sexual Incident Reports,PGP,PGP RESIDENCES (BLOCK 25)
587,588,18/06/2023,13:07,Sexual Incident Reports,FASS,ARTS & SOCIAL SCIENCES BLOCK 8
588,589,01/06/2023,12:35,cases of emergency,YIH,RAFFLES HALL (BLOCK B)
589,590,08/04/2023,19:25,Lost and Found,FOS,SCIENCE BLOCK 16
590,591,27/12/2022,13:19,cases of emergency,UTown,DINING HALL (RC4 & CAPT)
591,592,10/03/2023,0:26,damaged properties,KR,12A KR BUNGALOW
592,593,12/02/2023,18:51,stolen items,PGP,2 PGP BUNGALOW
593,594,27/09/2023,20:57,cases of emergency,FASS,LECTURE THEATRE 13
594,595,06/08/2023,6:46,Lost and Found,YIH,KUOK FOUNDATION HOUSE
595,596,12/10/2023,13:44,Sexual Incident Reports,FOS,NUHS-MAIN BUILDING
596,597,07/05/2023,6:12,Lost and Found,FOS,DSO CARPARK
597,598,05/05/2023,20:15,cases of emergency,BTC,16 EVANS BUNGALOW
598,599,16/10/2023,0:13,Lost and Found,UTown,CTR FOR THE ARTS
599,600,10/02/2023,10:17,Sexual Incident Reports,HALL,KENT RIDGE (COMMUNAL HALL)
600,601,26/06/2023,9:23,damaged properties,FOS,SCIENCE BLOCK 17
601,602,16/11/2022,17:12,cases of emergency,FOS,LECTURE THEATRE 32
602,603,04/12/2022,20:49,cases of emergency,PGP,PGP RESIDENCES (BLOCK 4)
603,604,26/07/2023,3:35,cases of emergency,FOS,LECTURE THEATRE 28
604,605,16/10/2023,0:47,cases of emergency,YIH,UNIVERSITY HALL
605,606,03/07/2023,12:26,cases of emergency,BIZ,NUS ENTERPRISE-JTC BLK71
606,607,30/06/2023,13:49,damaged properties,FOS,LECTURE THEATRE 29
607,608,10/01/2023,12:11,Lost and Found,FASS,CANTEEN 2 (THE DECK)
608,609,02/08/2023,13:16,damaged properties,CDE,ENGINEERING BLOCK 7
609,610,27/06/2023,2:51,Lost and Found,BTC,BTC-BIN CENTRE
610,611,04/02/2023,20:45,Lost and Found,PGP,PGP RESIDENCES (BLOCK 22)
611,612,16/03/2023,17:46,stolen items,UTown,CREATE (ENTERPRISE)
612,613,22/03/2023,20:37,Lost and Found,YIH,UNIVERSITY SPORT CENTRE
613,614,15/01/2023,22:51,Lost and Found,PGP,PGP RESIDENCES (BLOCK 23)
614,615,01/11/2022,21:32,damaged properties,UTown,CINNAMON COLLEGE -MPH
615,616,22/10/2022,17:20,Sexual Incident Reports,UTown,YALE RESIDENTIAL COLLEGE 1
616,617,27/04/2023,13:57,stolen items,KR,1 KR BUNGALOW
617,618,06/07/2023,4:55,damaged properties,BIZ,SHAW FOUNDATION ALUMNI HOUSE
618,619,24/05/2023,5:16,Sexual Incident Reports,UTown,UHALL CARPARK
619,620,12/05/2023,7:24,cases of emergency,UCC,BOOSTER PUMP HSE(NEXT LKCNHM)
620,621,15/10/2023,4:59,stolen items,CDE,DESIGN & ENVIRONMENT BLOCK 1
621,622,09/01/2023,11:24,Sexual Incident Reports,UTown,TEMBUSU COLLEGE- MPH
622,623,19/03/2023,21:35,damaged properties,FOS,LECTURE THEATRE 35 (PETER AND MARY FU)
623,624,06/03/2023,18:32,Lost and Found,UTown,TEMBUSU LEARN LOBE
624,625,22/03/2023,14:23,stolen items,PGP,PGP RESIDENCES (BLOCK 29)
625,626,27/03/2023,7:08,stolen items,KV,KENT VALE CHILD CARE CENTRE
626,627,26/04/2023,3:42,stolen items,SOC,LECTURE THEATRE 17
627,628,17/01/2023,21:27,Sexual Incident Reports,UCC,NATIONAL SINGAPORE WIND TUNNEL
628,629,01/12/2022,17:39,cases of emergency,FOS,MD11 CARPARK
629,630,07/01/2023,2:50,Sexual Incident Reports,CDE,LECTURE THEATRE 7
630,631,09/08/2023,22:52,Sexual Incident Reports,KV,"KENT VALE APARTMENT BLK I, 119"
631,632,09/07/2023,21:14,damaged properties,SOC,LECTURE THEATRE 16
632,633,12/07/2023,15:01,stolen items,UCC,ALICE LEE PLAZA
633,634,20/07/2023,13:32,Lost and Found,FOS,CANTEEN 4 (FRONTIER)
634,635,18/02/2023,7:21,cases of emergency,BTC,BTC-CAFE
635,636,31/05/2023,21:43,Lost and Found,SOC,LECTURE THEATRE 14
636,637,12/01/2023,12:01,Sexual Incident Reports,BTC,BTC-BLOCK B
637,638,15/05/2023,18:07,Sexual Incident Reports,PGP,PGP RESIDENCES (BLOCK 26)
638,639,26/04/2023,2:50,stolen items,PGP,PGP RESIDENCES (BLOCK 30)
639,640,24/09/2023,15:21,Lost and Found,HALL,SHEARES HALL (BLOCK E)
640,641,28/05/2023,22:34,stolen items,CDE,DESIGN & ENVIRONMENT BLOCK 2
641,642,15/08/2023,12:18,stolen items,FOS,SCIENCE BLOCK 3
642,643,05/07/2023,17:36,damaged properties,FOS,CTR FOR LIFE SCIENCES
643,644,26/09/2023,12:59,Lost and Found,CDE,ENGINEERING BLOCK 1
644,645,26/07/2023,5:46,damaged properties,HALL,EUSOFF HALL (COMMUNAL HALL)
645,646,30/09/2023,1:09,Lost and Found,YIH,UNIVERSITY HEALTH CENTRE
646,647,11/04/2023,17:36,Lost and Found,HALL,KENT VALE GUARDHOUSE
647,648,10/01/2023,4:47,Sexual Incident Reports,KV,SUB-STATION/BIN CENTRE
648,649,18/02/2023,20:39,damaged properties,PGP,PGP RESIDENCES (BLOCK 17)
649,650,18/11/2022,10:18,cases of emergency,FASS,ARTS & SOCIAL SCIENCES BLOCK 8
650,651,24/06/2023,18:50,Sexual Incident Reports,CDE,ENGINEERING BLOCK 8
651,652,21/07/2023,14:38,cases of emergency,HALL,TEMASEK HALL (BLOCK D)
652,653,11/05/2023,16:54,Sexual Incident Reports,PGP,PGP RESIDENCES (BLOCK 12)
653,654,07/11/2022,3:43,cases of emergency,PGP,STORE 2 (NEAR KEVII HALL)
654,655,03/08/2023,8:50,Sexual Incident Reports,BTC,BTC-LOUNGE
655,656,16/09/2023,22:05,damaged properties,CDE,ENGINEERING BLOCK 4
656,657,17/11/2022,12:59,damaged properties,UTown,RESIDENT COLLEGE 4
657,658,02/02/2023,17:24,damaged properties,PGP,PGP RESIDENCES (BLOCK 1)
658,659,18/12/2022,8:10,Sexual Incident Reports,FOS,MEDICINE BLOCK 2
659,660,09/03/2023,2:54,Sexual Incident Reports,HALL,EUSOFF HALL (BLOCK A)
660,661,07/05/2023,20:34,cases of emergency,BTC,BTC-MOOT COURT
661,662,19/10/2022,2:20,stolen items,SOC,LECTURE THEATRE 14
662,663,01/04/2023,0:25,Sexual Incident Reports,UCC,NATIONAL SINGAPORE WIND TUNNEL
663,664,18/10/2022,21:40,Lost and Found,KR,SEA-TO-SPACE (18KR BUNGALOW)
664,665,29/08/2023,23:13,Lost and Found,FOS,LECTURE THEATRE 36 (ALICE AND PETER TAN)
665,666,25/08/2023,21:37,Sexual Incident Reports,UTown,YALE EAST CORE
666,667,01/12/2022,18:04,cases of emergency,BTC,BTC-LECTURE THEATRE
667,668,17/10/2022,23:55,Lost and Found,FOS,SCIENCE BLOCK 1A (LEE WEE KENG)
668,669,16/02/2023,22:03,stolen items,FOS,CELS CARPARK
669,670,13/12/2022,12:27,stolen items,PGP,3 PGP BUNGALOW
670,671,31/12/2022,23:10,damaged properties,UTown,DINNING HALL (C&T COLLEGE)
671,672,14/05/2023,9:11,Lost and Found,PGP,14A PGP BUNGALOW
672,673,26/05/2023,11:24,Lost and Found,CDE,ENGINEERING WORKSHOP 1
673,674,28/02/2023,17:40,Lost and Found,HALL,TEMASEK HALL (COMMUNAL HALL)
674,675,26/04/2023,16:57,cases of emergency,HALL,SHEARES HALL (BLOCK A)
675,676,02/09/2023,11:22,damaged properties,HALL,TEMASEK HALL (BLOCK A)
676,677,15/01/2023,22:37,stolen items,UTown,YALE FITNESS CENTER
677,678,18/01/2023,8:44,Sexual Incident Reports,FOS,SCIENCE BLOCK 2
678,679,12/06/2023,16:28,cases of emergency,BTC,BTC-LOUNGE
679,680,15/04/2023,16:34,Lost and Found,CDE,ENGINEERING BLOCK 5
680,681,28/10/2022,4:08,damaged properties,HALL,SHEARES HALL (BLOCK C)
681,682,09/06/2023,0:58,Lost and Found,UTown,YALE SCIENCE BLOCK
682,683,29/01/2023,3:43,Lost and Found,PGP,KE VII HALL (BLOCK C)
683,684,24/05/2023,4:08,stolen items,KR,12A KR BUNGALOW
684,685,08/02/2023,20:33,stolen items,FOS,FOS - SHED B-NEXT TO S3&S4
685,686,10/02/2023,10:09,Sexual Incident Reports,FOS,MEDICINE BLOCK 11
686,687,17/06/2023,17:50,stolen items,CDE,ENGINEERING BLOCK 6
687,688,08/05/2023,2:08,damaged properties,UTown,UTOWN RESIDENCE-NORTH TOWER
688,689,24/01/2023,9:24,stolen items,BTC,BTC-EU TONG SEN
689,690,06/02/2023,7:18,cases of emergency,PGP,PGP RESIDENCES (BLOCK 18)
690,691,16/12/2022,21:00,Lost and Found,DNMS,DNMS CARPARK
691,692,22/04/2023,11:19,Lost and Found,YIH,RAFFLES HALL (COMMUNAL HALL)
692,693,02/07/2023,4:32,cases of emergency,PGP,PGP RESIDENCES RESTAURANT
693,694,18/07/2023,4:43,Lost and Found,HALL,EUSOFF HALL (BLOCK B)
694,695,27/11/2022,11:16,stolen items,CDE,INFORMATION TECHNOLOGY
695,696,28/02/2023,23:30,cases of emergency,BTC,BTC-BLOCK B
696,697,02/01/2023,1:40,stolen items,SOC,COMPUTING BLOCK 1
697,698,02/06/2023,7:24,damaged properties,FASS,ARTS & SOCIAL SCIENCES BLOCK 6
698,699,30/09/2023,19:21,cases of emergency,KV,"KENT VALE APARTMENT BLK H, 117"
699,700,09/04/2023,10:24,damaged properties,PGP,KE VII HALL (BLOCK F)
700,701,28/06/2023,5:50,Sexual Incident Reports,PGP,3 PGP BUNGALOW
701,702,28/05/2023,4:30,cases of emergency,PGP,18 PGP BUNGALOW
702,703,26/08/2023,17:35,damaged properties,YIH,UNIVERSITY HALL
703,704,03/10/2023,10:01,damaged properties,BIZ,BUSINESS BLOCK 2
704,705,03/03/2023,22:55,cases of emergency,BTC,BTC-TOWER BLOCK
705,706,08/12/2022,8:12,Lost and Found,KR,11 KR BUNGALOW
706,707,28/08/2023,6:24,damaged properties,UTown,COLLEGE OF A&P TAN -TOWER
707,708,15/06/2023,14:52,damaged properties,BTC,BTC-SUB-STATION
708,709,16/02/2023,1:07,stolen items,PGP,PGP RESIDENCES (BLOCK 24)
709,710,26/08/2023,21:41,damaged properties,FOS,MEDICINE BLOCK 7
710,711,13/09/2023,17:07,damaged properties,BTC,BTC-MOOT COURT
711,712,23/01/2023,4:06,Sexual Incident Reports,UTown,YALE RESIDENTIAL COLLEGE 2
712,713,13/02/2023,22:05,Lost and Found,PGP,TECH CTR FOR OFFSHORE & MARINE
713,714,29/07/2023,13:45,damaged properties,HALL,TEMASEK HALL (BLOCK E)
714,715,02/02/2023,8:59,cases of emergency,SOC,COMPUTING BLOCK 3
715,716,25/08/2023,0:54,damaged properties,UTown,CREATE (UTOWN PLAZA)
716,717,27/12/2022,8:07,stolen items,FOS,MEDICINE BLOCK 11
717,718,24/08/2023,0:30,cases of emergency,CDE,DESIGN & ENVIRONMENT BLOCK 2
718,719,13/05/2023,23:16,Lost and Found,CDE,ENGINEERING AUDITORIUM
719,720,20/09/2023,4:12,damaged properties,PGP,PGP RESIDENCES (BLOCK 17)
720,721,07/07/2023,4:03,Sexual Incident Reports,BTC,BTC-LI KA SHING BUILDING
721,722,23/03/2023,3:18,Lost and Found,UTown,DINING HALL (RC4 & CAPT)
722,723,07/10/2023,12:28,cases of emergency,SOC,LECTURE THEATRE 19
723,724,12/02/2023,2:47,Sexual Incident Reports,UTown,DINNING HALL (C&T COLLEGE)
724,725,01/04/2023,11:41,damaged properties,UCC,YST CONSERVATORY OF MUSIC
725,726,07/02/2023,4:01,Sexual Incident Reports,PGP,PGP RESIDENCES (BLOCK 1)
726,727,06/12/2022,13:27,cases of emergency,UTown,CINNAMON LEARN LOBE
727,728,23/06/2023,1:47,stolen items,PGP,PGP RESIDENCES CANTEEN 2
728,729,28/03/2023,13:43,Lost and Found,PGP,PGP RESIDENCES (BLOCK 27)
729,730,11/07/2023,20:18,cases of emergency,HALL,EUSOFF HALL (BLOCK A)
730,731,25/02/2023,5:15,stolen items,UTown,COLLEGE OF A&P TAN -MPH
731,732,30/04/2023,1:33,damaged properties,DNMS,DNMS CARPARK
732,733,17/09/2023,0:51,Lost and Found,PGP,INNOVATION 4.0
733,734,15/03/2023,5:51,cases of emergency,KR,5 KR BUNGALOW
734,735,30/06/2023,12:55,cases of emergency,HALL,TEMASEK HALL (COMMUNAL HALL)
735,736,12/09/2023,19:17,Lost and Found,FOS,FOS-RICE SHED C-NEXT TO S3&S4
736,737,11/09/2023,20:04,stolen items,UTown,UTOWN RESIDENCE-NORTH TOWER
737,738,13/05/2023,21:32,stolen items,FOS,MEDICINE BLOCK 10
738,739,01/11/2022,3:45,Lost and Found,FOS,LECTURE THEATRE 26
739,740,23/08/2023,6:56,Lost and Found,BTC,BTC-CJ KOH LIBRARY
740,741,01/06/2023,19:46,stolen items,PGP,PGP BUS-STOP (OFFICE)
741,742,08/02/2023,0:53,Sexual Incident Reports,FOS,NATIONAL UNIVERSITY CENTRE FOR ORAL HEALTH SINGAPORE
742,743,13/04/2023,12:06,stolen items,UTown,CINNAMON UNI SCH PROG (USP)
743,744,19/07/2023,10:05,cases of emergency,PGP,PGP RESIDENCES (BLOCK 18)
744,745,25/10/2022,10:40,stolen items,BTC,BTC-LOUNGE
745,746,28/01/2023,22:08,cases of emergency,UTown,CREATE (UTOWN PLAZA)
746,747,15/03/2023,12:13,damaged properties,FASS,LECTURE THEATRE 12
747,748,07/07/2023,1:13,Sexual Incident Reports,KR,9 KR BUNGALOW
748,749,05/09/2023,1:23,cases of emergency,FOS,SCIENCE BLOCK 8
749,750,18/09/2023,13:40,Lost and Found,YIH,RAFFLES HALL (BLOCK C)
750,751,28/02/2023,1:41,Lost and Found,FOS,LECTURE THEATRE 33
751,752,16/07/2023,13:39,Sexual Incident Reports,UTown,DINING HALL (RC4 & CAPT)
752,753,23/06/2023,22:40,Lost and Found,YIH,RIDGE VIEW RESIDENCE (BLOCK B)
753,754,04/02/2023,18:01,Sexual Incident Reports,CDE,ENGINEERING BLOCK A
754,755,08/12/2022,2:24,stolen items,BTC,BTC-LI KA SHING BUILDING
755,756,15/01/2023,2:02,Sexual Incident Reports,FOS,LECTURE THEATRE 20
756,757,02/09/2023,2:50,cases of emergency,PGP,TEMASEK LIFE SCIENCE LAB
757,758,27/08/2023,20:31,Lost and Found,PGP,PGP RESIDENCES (BLOCK 20)
758,759,25/04/2023,20:13,cases of emergency,CDE,EL SERVICE RESERVOIRS 1&2
759,760,09/01/2023,7:07,stolen items,FOS,LECTURE THEATRE 33
760,761,29/12/2022,1:15,stolen items,PGP,CRISP (NEAR KEVII HALL)
761,762,25/12/2022,19:54,Sexual Incident Reports,FOS,CANTEEN 4 (FRONTIER)
762,763,25/05/2023,23:16,cases of emergency,UTown,CREATE (INNOVATION)
763,764,22/12/2022,20:52,damaged properties,BTC,18 EVANS BUNGALOW
764,765,04/07/2023,23:18,stolen items,CDE,ENGINEERING BLOCK 2A (EDIC)
765,766,05/04/2023,9:01,Sexual Incident Reports,PGP,PGP RESIDENCES (BLOCK 1)
766,767,24/03/2023,23:57,Lost and Found,UCC,ALICE LEE PLAZA
767,768,03/06/2023,0:44,stolen items,SOC,DATA-CENTRE-NUS HIGH SCHOOL
768,769,25/03/2023,8:37,Lost and Found,FOS,SCIENCE BLOCK 8
769,770,30/12/2022,19:18,Lost and Found,UTown,YALE EAST CORE
770,771,19/08/2023,8:06,Lost and Found,PGP,3 PGP BUNGALOW
771,772,15/12/2022,20:32,Sexual Incident Reports,CDE,ENGINEERING BLOCK A
772,773,02/07/2023,1:08,damaged properties,FOS,SCIENCE BLOCK 7
773,774,10/06/2023,5:10,Sexual Incident Reports,UTown,EDUCATION RESOURCE CENTRE
774,775,28/10/2022,14:01,stolen items,UTown,EDUCATION RESOURCE CENTRE
775,776,04/02/2023,14:46,Lost and Found,HALL,HOUSE 5 ANNEX
776,777,12/06/2023,16:57,Lost and Found,KV,"KENT VALE APARTMENT BLK G, 115"
777,778,20/04/2023,9:56,damaged properties,UTown,YALE WEST CORE
778,779,27/12/2022,8:53,Sexual Incident Reports,YIH,RAFFLES HALL (BLOCK D)
779,780,18/09/2023,15:40,Lost and Found,HALL,TEMASEK HALL (BLOCK D)
780,781,10/05/2023,0:52,damaged properties,HALL,EUSOFF HALL (BLOCK A)
781,782,26/08/2023,7:48,cases of emergency,FOS,SCIENCE BLOCK 1A (LEE WEE KENG)
782,783,03/03/2023,8:24,Sexual Incident Reports,PGP,PGP RESIDENCES (BLOCK 7)
783,784,16/01/2023,22:59,damaged properties,UTown,YALE DINNING SERVICES
784,785,18/10/2022,12:24,damaged properties,KR,4 KR BUNGALOW
785,786,29/01/2023,3:04,cases of emergency,FOS,MEDICINE BLOCK 3
786,787,23/05/2023,12:23,stolen items,CDE,ENGINEERING BLOCK 1
787,788,10/09/2023,20:19,cases of emergency,PGP,18A PGP BUNGALOW
788,789,22/04/2023,12:19,cases of emergency,PGP,8 PGP BUNGALOW
789,790,23/11/2022,3:59,stolen items,FOS,MD BLK 6 (CTR FOR TRANS  MED)
790,791,04/07/2023,13:13,cases of emergency,UTown,YALE RESIDENTIAL COLLEGE 3
791,792,28/04/2023,17:27,Sexual Incident Reports,BIZ,SHAW FOUNDATION ALUMNI HOUSE
792,793,21/12/2022,9:28,Lost and Found,YIH,RAFFLES HALL (BLOCK C)
793,794,21/03/2023,16:06,damaged properties,FASS,ARTS & SOCIAL SCIENCES BLOCK 1
794,795,03/06/2023,10:31,cases of emergency,FOS,SUB-STATION 3 (NEAR S13)
795,796,16/04/2023,20:08,stolen items,FOS,LECTURE THEATRE 34
796,797,26/05/2023,23:53,damaged properties,FOS,LECTURE THEATRE 29
797,798,06/11/2022,14:57,Lost and Found,FASS,LECTURE THEATRE 11
798,799,06/10/2023,20:18,damaged properties,FOS,MEDICINE BLOCK 10
799,800,05/02/2023,21:29,stolen items,PGP,18 PGP BUNGALOW
800,801,23/03/2023,7:56,Lost and Found,FASS,ARTS & SOCIAL SCIENCES BLOCK 3
801,802,16/04/2023,9:53,damaged properties,CDE,LECTURE THEATRE 7
802,803,12/01/2023,22:04,stolen items,UTown,CINNAMON COLLEGE -MAIN BLK
803,804,17/01/2023,8:57,cases of emergency,PGP,3 PGP BUNGALOW
804,805,23/05/2023,9:30,damaged properties,YIH,MULTI-PURPOSE HALL 5 & 6
805,806,23/05/2023,5:00,cases of emergency,SOC,LECTURE THEATRE 16
806,807,12/11/2022,21:20,cases of emergency,UTown,CREATE (INNOVATION)
807,808,15/07/2023,1:47,cases of emergency,UTown,CREATE (RESEARCH)
808,809,08/12/2022,0:00,cases of emergency,HALL,EUSOFF HALL (BLOCK E)
809,810,14/04/2023,2:47,Lost and Found,UTown,STEPHEN RIADY CENTRE
810,811,06/10/2023,10:06,damaged properties,FOS,MEDICINE BLOCK 10
811,812,17/02/2023,5:35,damaged properties,FOS,SCIENCE BLOCK 13
812,813,07/11/2022,12:45,Sexual Incident Reports,PGP,PGP RESIDENCES (BLOCK 22)
813,814,24/05/2023,10:03,Lost and Found,FOS,LECTURE THEATRE 34
814,815,24/09/2023,16:19,cases of emergency,FOS,SCIENCE BLOCK 4A
815,816,13/05/2023,16:38,damaged properties,BTC,BTC-LECTURE THEATRE
816,817,22/09/2023,1:39,Sexual Incident Reports,FOS,SUB-STATION 3 (NEAR S13)
817,818,05/09/2023,16:24,Sexual Incident Reports,UTown,YALE RESIDENTIAL COLLEGE 3
818,819,20/08/2023,21:32,stolen items,SOC,LECTURE THEATRE 19
819,820,24/10/2022,22:22,damaged properties,BIZ,NUS SOCIETY-GUILD HOUSE
820,821,25/03/2023,18:41,cases of emergency,FOS,MEDICINE + SCIENCE LIBRARY
821,822,12/12/2022,15:13,cases of emergency,BIZ,NUS ENTERPRISE-JTC BLK71
822,823,28/03/2023,11:51,stolen items,UCC,UNIVERSITY CULTURAL CENTRE
823,824,11/06/2023,6:40,Lost and Found,BIZ,BUSINESS BLOCK 1-MOCHTAR RIADY
824,825,26/11/2022,3:26,stolen items,CDE,ENGINEERING BLOCK 5
825,826,06/11/2022,20:57,stolen items,UTown,YALE DINNING SERVICES
826,827,22/01/2023,7:40,stolen items,FOS,LECTURE THEATRE 36 (ALICE AND PETER TAN)
827,828,17/06/2023,19:31,Sexual Incident Reports,YIH,MULTI-PURPOSE HALL 1 - 4
828,829,25/01/2023,17:17,stolen items,YIH,RIDGE VIEW RESIDENCE (BLOCK E)
829,830,05/02/2023,3:58,cases of emergency,SOC,ISS CARPARK
830,831,16/09/2023,13:43,stolen items,BTC,18 EVANS BUNGALOW
831,832,26/04/2023,15:00,stolen items,YIH,UNIVERSITY SPORT CENTRE
832,833,20/12/2022,22:30,Lost and Found,PGP,PGP RESIDENCES (BLOCK 30)
833,834,26/05/2023,6:57,damaged properties,PGP,17 PGP BUNGALOW
834,835,14/12/2022,23:23,stolen items,PGP,PGP RESIDENCES (BLOCK 15)
835,836,10/09/2023,14:42,Lost and Found,CDE,TEMASEK LAB
836,837,03/05/2023,20:05,cases of emergency,PGP,PGP RESIDENCES (BLOCK 16)
837,838,24/10/2022,12:13,cases of emergency,CDE,LECTURE THEATRE 1
838,839,30/10/2022,22:24,damaged properties,HALL,KENT RIDGE (COMMUNAL HALL)
839,840,21/11/2022,12:13,Lost and Found,UCC,DECOM SUB-STATION 1 (NEAR LKCNHM)
840,841,18/07/2023,4:29,damaged properties,FOS,FOS - SHED B-NEXT TO S3&S4
841,842,01/05/2023,7:18,stolen items,UTown,CREATE (INNOVATION)
842,843,30/05/2023,5:25,Lost and Found,UCC,ALICE LEE PLAZA
843,844,10/04/2023,15:47,cases of emergency,YIH,NUS STAFF CLUB
844,845,04/09/2023,0:15,cases of emergency,FOS,MEDICINE BLOCK 4
845,846,25/07/2023,3:51,stolen items,FASS,ARTS & SOCIAL SCIENCES BLOCK 1
846,847,05/02/2023,18:03,Lost and Found,FOS,LECTURE THEATRE 28
847,848,31/01/2023,20:22,stolen items,UCC,BOOSTER PUMP HSE(NEXT LKCNHM)
848,849,05/04/2023,20:34,Sexual Incident Reports,BTC,BTC-TOWER BLOCK
849,850,05/10/2023,5:16,damaged properties,KV,"KENT VALE APARTMENT BLK H, 117"
850,851,01/09/2023,5:56,Sexual Incident Reports,UTown,UTOWN RESIDENCE SOUTH-TOWER
851,852,18/06/2023,16:24,stolen items,CDE,DESIGN & ENVIRONMENT BLOCK 3
852,853,25/04/2023,0:26,Lost and Found,BTC,BTC-LECTURE THEATRE
853,854,13/12/2022,8:47,stolen items,FOS,LECTURE THEATRE 33
854,855,05/07/2023,23:02,Sexual Incident Reports,CDE,INFORMATION TECHNOLOGY
855,856,08/04/2023,0:29,Lost and Found,HALL,TEMASEK HALL (BLOCK B)
856,857,21/06/2023,0:12,Lost and Found,UCC,UNIVERSITY CULTURAL CENTRE
857,858,19/03/2023,17:01,Lost and Found,PGP,PGP BUS-STOP (OFFICE)
858,859,16/11/2022,0:01,damaged properties,CDE,TEMASEK LAB
859,860,26/06/2023,6:03,cases of emergency,PGP,7 PGP BUNGALOW
860,861,27/03/2023,23:02,stolen items,YIH,RAFFLES HALL (BLOCK C)
861,862,03/12/2022,1:16,damaged properties,PGP,CRISP (NEAR KEVII HALL)
862,863,07/08/2023,6:21,Sexual Incident Reports,BTC,BTC-TOWER BLOCK
863,864,11/08/2023,7:36,stolen items,UTown,COLLEGE OF A&P TAN -TOWER
864,865,28/01/2023,12:32,Sexual Incident Reports,CDE,ENGINEERING BLOCK 4A
865,866,21/06/2023,15:11,stolen items,PGP,PGP RESIDENCES (BLOCK 30)
866,867,07/02/2023,8:22,cases of emergency,HALL,EUSOFF HALL (BLOCK E)
867,868,15/11/2022,17:23,Sexual Incident Reports,HALL,DECOM SUB-STATION 2 (NEAR TEM HALL)
868,869,05/01/2023,1:38,Sexual Incident Reports,FOS,NUHS-MAIN BUILDING
869,870,12/10/2023,16:17,damaged properties,PGP,PGP RESIDENCES (BLOCK 9)
870,871,28/02/2023,9:52,stolen items,BIZ,SHAW FOUNDATION ALUMNI HOUSE
871,872,15/11/2022,3:32,Lost and Found,CDE,LECTURE THEATRE 1
872,873,10/07/2023,20:43,stolen items,FOS,DSO CARPARK
873,874,06/03/2023,7:24,Sexual Incident Reports,PGP,PGP RESIDENCES (BLOCK 1)
874,875,09/07/2023,7:46,Lost and Found,FASS,ARTS & SOCIAL SCIENCES BLOCK 8
875,876,11/11/2022,23:17,damaged properties,DNMS,DNMS CARPARK
876,877,15/02/2023,14:51,damaged properties,FOS,FOS-RICE SHED C-NEXT TO S3&S4
877,878,16/07/2023,12:26,damaged properties,UTown,DINNING HALL (C&T COLLEGE)
878,879,07/03/2023,19:31,Lost and Found,UTown,RESIDENT COLLEGE 4 -MPH
879,880,18/05/2023,18:39,stolen items,FASS,AS8 CARPARK
880,881,12/12/2022,14:14,cases of emergency,FASS,CENTRAL LIBRARY
881,882,07/08/2023,3:25,Lost and Found,HMKT,HENG MUI KENG TERRACE BLOCK B
882,883,13/08/2023,17:22,stolen items,KV,"KENT VALE APARTMENT BLK G, 115"
883,884,05/10/2023,4:01,stolen items,PGP,14A PGP BUNGALOW
884,885,23/01/2023,9:14,stolen items,SOC,COMPUTING BLOCK 2
885,886,31/01/2023,15:15,Lost and Found,HALL,EUSOFF HALL (BLOCK E)
886,887,27/05/2023,16:37,stolen items,KR,1 KR BUNGALOW
887,888,30/12/2022,23:43,stolen items,FOS,MEDICINE BLOCK 2
888,889,09/05/2023,19:41,Lost and Found,UTown,RESIDENT COLLEGE 4 -MPH
889,890,20/02/2023,21:05,damaged properties,UTown,UTOWN RESIDENCE-NORTH TOWER
890,891,21/05/2023,4:36,damaged properties,HALL,SHEARES HALL (BLOCK C)
891,892,31/03/2023,1:04,Lost and Found,KR,9 KR BUNGALOW
892,893,03/03/2023,15:33,Sexual Incident Reports,HALL,TEMASEK HALL (COMMUNAL HALL)
893,894,26/08/2023,6:41,cases of emergency,CDE,ENGINEERING AUDITORIUM
894,895,07/11/2022,7:27,cases of emergency,CDE,ENGINEERING AUDITORIUM
895,896,06/07/2023,13:30,damaged properties,FOS,SCIENCE BLOCK 8
896,897,12/01/2023,17:13,damaged properties,FOS,LECTURE THEATRE 20
897,898,15/03/2023,13:53,damaged properties,PGP,PGP RESIDENCES LECTURE THEATRE
898,899,01/08/2023,4:09,damaged properties,FOS,MEDICINE BLOCK 2
899,900,03/05/2023,22:32,stolen items,PGP,PGP RESIDENCES (BLOCK 24)
900,901,27/12/2022,4:57,Lost and Found,HALL,KENT RIDGE HALL (BLOCK B)
901,902,11/08/2023,23:48,Sexual Incident Reports,PGP,PGP BUS-STOP (OFFICE)
902,903,08/12/2022,20:57,cases of emergency,PGP,KE VII HALL (COMMUNAL HALL)
903,904,21/11/2022,4:13,stolen items,FOS,DSO CARPARK
904,905,26/03/2023,14:56,damaged properties,PGP,PGP RESIDENCES (BLOCK 4)
905,906,21/02/2023,20:45,Sexual Incident Reports,UCC,YST CONSERVATORY OF MUSIC
906,907,30/04/2023,16:39,cases of emergency,HALL,KENT RIDGE (COMMUNAL HALL)
907,908,21/12/2022,9:15,damaged properties,UTown,DINNING HALL (C&T COLLEGE)
908,909,31/05/2023,3:15,Lost and Found,PGP,PGP RESIDENCES (BLOCK 18)
909,910,03/09/2023,17:50,damaged properties,PGP,6 PGP BUNGALOW
910,911,25/02/2023,18:09,Lost and Found,CDE,EXPERIMENTAL HOUSE
911,912,20/07/2023,20:45,cases of emergency,FOS,SCIENCE BLOCK 17
912,913,28/08/2023,19:12,damaged properties,BTC,16 EVANS BUNGALOW
913,914,25/11/2022,17:22,Lost and Found,UTown,YALE WEST CORE
914,915,09/07/2023,22:04,damaged properties,FOS,LECTURE THEATRE 33
915,916,18/09/2023,16:35,stolen items,HALL,SHEARES HALL (BLOCK C)
916,917,23/03/2023,20:43,cases of emergency,HALL,KENT RIDGE HALL (BLOCK C)
917,918,24/04/2023,6:54,damaged properties,HALL,TEMASEK HALL (BLOCK E)
918,919,22/07/2023,23:50,stolen items,PGP,KE VII HALL (COMMUNAL HALL)
919,920,24/05/2023,12:42,damaged properties,FOS,CANTEEN 4 (FRONTIER)
920,921,26/10/2022,11:35,damaged properties,HALL,KENT RIDGE HALL (BLOCK B)
921,922,29/03/2023,0:59,Sexual Incident Reports,UTown,YALE SPORTS HALL
922,923,19/02/2023,6:02,Sexual Incident Reports,SOC,I3
923,924,01/02/2023,2:00,Sexual Incident Reports,FOS,LECTURE THEATRE 36 (ALICE AND PETER TAN)
924,925,17/10/2022,9:50,stolen items,HALL,KENT RIDGE HALL (BLOCK B)
925,926,20/08/2023,3:06,cases of emergency,PGP,8 PGP BUNGALOW
926,927,07/11/2022,21:03,Lost and Found,HALL,INSTITUTE OF SYSTEMS SCIENCE
927,928,21/04/2023,7:35,Sexual Incident Reports,FOS,SCIENCE BLOCK 11
928,929,16/05/2023,17:17,cases of emergency,CDE,E6 CARPARK
929,930,22/12/2022,9:11,damaged properties,BTC,16 EVANS BUNGALOW
930,931,08/10/2023,8:21,damaged properties,PGP,PGP RESIDENCES RESTAURANT
931,932,20/07/2023,7:28,cases of emergency,UTown,CREATE (ENTERPRISE)
932,933,12/10/2023,19:57,cases of emergency,UTown,UHALL CARPARK
933,934,05/10/2023,5:53,cases of emergency,PGP,8 PGP BUNGALOW
934,935,05/11/2022,2:19,cases of emergency,FASS,ARTS & SOCIAL SCIENCES BLOCK 5
935,936,01/07/2023,8:39,stolen items,HALL,SHEARES HALL (BLOCK A)
936,937,05/05/2023,10:24,damaged properties,PGP,17 PGP BUNGALOW
937,938,14/06/2023,4:26,Sexual Incident Reports,CDE,ENGINEERING BLOCK 8
938,939,21/07/2023,11:36,damaged properties,KR,9 KR BUNGALOW
939,940,04/11/2022,18:04,Sexual Incident Reports,CDE,INFORMATION TECHNOLOGY
940,941,12/05/2023,6:47,damaged properties,FOS,FOS - SHED B-NEXT TO S3&S4
941,942,18/12/2022,22:21,stolen items,UCC,BOOSTER PUMP HSE(NEXT LKCNHM)
942,943,13/02/2023,3:48,Lost and Found,PGP,PGP RESIDENCES (BLOCK 27)
943,944,17/12/2022,18:15,Lost and Found,PGP,PGP RESIDENCES (BLOCK 30)
944,945,15/01/2023,8:43,damaged properties,PGP,PGP RESIDENCES (BLOCK 5)
945,946,08/05/2023,23:40,cases of emergency,BTC,BTC- MULTIPURPOSE AUDITORIUM
946,947,27/08/2023,9:08,Lost and Found,YIH,RAFFLES HALL (BLOCK B)
947,948,19/12/2022,17:49,stolen items,PGP,PGP RESIDENCES (BLOCK 8)
948,949,19/08/2023,17:16,Lost and Found,FASS,ARTS & SOCIAL SCIENCES BLOCK 4
949,950,12/01/2023,0:26,Sexual Incident Reports,HALL,SHEARES HALL (BLOCK B)
950,951,12/01/2023,7:08,Sexual Incident Reports,UTown,CREATE (INNOVATION)
951,952,06/10/2023,3:31,Sexual Incident Reports,UTown,YALE ADMINISTRATION BLOCK
952,953,15/09/2023,0:29,Lost and Found,PGP,3 PGP BUNGALOW
953,954,29/08/2023,2:47,cases of emergency,PGP,PGP RESIDENCES (BLOCK 5)
954,955,18/12/2022,22:35,Sexual Incident Reports,PGP,KE VII HALL (COMMUNAL HALL)
955,956,17/03/2023,10:09,Lost and Found,DNMS,TAN CHENG LOCK BABA HSE MUSEUM
956,957,28/04/2023,8:37,damaged properties,HALL,SHEARES HALL (BLOCK D)
957,958,31/01/2023,7:46,stolen items,CDE,LECTURE THEATRE 6
958,959,18/05/2023,18:08,cases of emergency,YIH,RAFFLES HALL (BLOCK C)
959,960,18/05/2023,7:55,Lost and Found,YIH,KUOK FOUNDATION HOUSE
960,961,01/03/2023,0:01,Sexual Incident Reports,PGP,PGP RESIDENCES RESTAURANT
961,962,17/04/2023,13:45,Sexual Incident Reports,FASS,LECTURE THEATRE 10
962,963,24/10/2022,15:00,cases of emergency,FOS,MEDICINE BLOCK 3
963,964,07/12/2022,16:31,stolen items,BTC,BTC-OEI TIONG HAM
964,965,22/10/2022,2:15,cases of emergency,PGP,PGP RESIDENCES (BLOCK 7)
965,966,05/12/2022,2:21,cases of emergency,FOS,SCIENCE BLOCK 16
966,967,04/09/2023,5:29,Lost and Found,CDE,ENGINEERING BLOCK 3
967,968,03/03/2023,0:42,stolen items,FOS,LECTURE THEATRE 36 (ALICE AND PETER TAN)
968,969,08/12/2022,16:40,Lost and Found,FOS,DSO BUILDING
969,970,13/08/2023,4:34,Sexual Incident Reports,UTown,SRC CARPARK
970,971,15/01/2023,17:59,Lost and Found,FASS,ARTS & SOCIAL SCIENCES BLOCK 4
971,972,17/05/2023,12:11,Lost and Found,PGP,PGP RESIDENCES (BLOCK 8)
972,973,11/12/2022,22:07,stolen items,PGP,PGP RESIDENCES (BLOCK 30)
973,974,03/09/2023,16:12,Sexual Incident Reports,HALL,TEMASEK HALL (BLOCK D)
974,975,28/08/2023,15:12,cases of emergency,UTown,TEMBUSU LEARN LOBE
975,976,26/09/2023,15:31,Sexual Incident Reports,PGP,KE VII HALL (BLOCK G)
976,977,09/07/2023,13:38,Lost and Found,FASS,CENTRAL STORAGE LIBRARY ANNEX
977,978,06/09/2023,1:21,Sexual Incident Reports,KV,KENT VALE CHILD CARE CENTRE
978,979,01/08/2023,20:04,damaged properties,HALL,SHEARS HALL/KENT RIDGE HALL SHARED SPACE
979,980,05/07/2023,22:21,Lost and Found,CDE,ENGINEERING BLOCK 1
980,981,09/03/2023,21:21,damaged properties,PGP,KE VII HALL (BLOCK G)
981,982,23/08/2023,21:20,damaged properties,FASS,LECTURE THEATRE 12
982,983,23/09/2023,13:58,damaged properties,UTown,YALE RESIDENTIAL COLLEGE 1
983,984,13/03/2023,11:07,stolen items,CDE,DESIGN & ENVIRONMENT BLOCK 2
984,985,29/04/2023,10:27,damaged properties,KV,"KENT VALE APARTMENT BLK H, 117"
985,986,04/09/2023,20:18,stolen items,FOS,FOS-RICE SHED C-NEXT TO S3&S4
986,987,25/03/2023,2:52,cases of emergency,BTC,BTC-BIN CENTRE
987,988,01/08/2023,3:00,cases of emergency,KR,4 KR BUNGALOW
988,989,17/07/2023,16:58,Lost and Found,CDE,ENGINEERING BLOCK 2
989,990,07/11/2022,3:31,Lost and Found,CDE,ENGINEERING BLOCK 2
990,991,04/05/2023,7:28,Lost and Found,PGP,2 PGP BUNGALOW
991,992,19/07/2023,23:23,cases of emergency,KV,"KENT VALE APARTMENT BLK B, 105"
992,993,25/03/2023,22:03,Sexual Incident Reports,YIH,RIDGE VIEW RESIDENCE (BLOCK A)
993,994,02/11/2022,17:37,Sexual Incident Reports,UTown,COLLEGE OF A&P TAN -TOWER
994,995,15/10/2023,16:53,stolen items,FOS,LECTURE THEATRE 31
995,996,10/12/2022,19:22,damaged properties,FOS,SCIENCE BLOCK 8
996,997,10/08/2023,13:15,damaged properties,PGP,KE VII HALL (BLOCK F)
997,998,10/02/2023,21:16,stolen items,PGP,8 PGP BUNGALOW
998,999,21/03/2023,2:41,cases of emergency,SOC,LECTURE THEATRE 19
999,1000,02/09/2023,0:29,Lost and Found,FASS,ARTS & SOCIAL SCIENCES BLOCK 1
