,Unnamed: 0,Classification,Disposition,datetime
0,0,Theft,Open Investigation,2021-03-30 17:40:00
1,1,Harassment,Open Investigation,2020-09-21 17:04:00
2,2,Trespassing,Open Investigation,2021-07-03 10:10:00
3,3,Assault,Unfounded,2021-01-03 02:50:00
4,4,Trespassing,Open Investigation,2020-12-07 04:42:00
5,5,Theft,Open Investigation,2021-06-21 00:19:00
6,6,Theft, Arrest,2021-02-02 09:02:00
7,7,Trespassing,Open Investigation,2021-05-04 19:29:00
8,8,Domestic Violence: Harassment,Open Investigation,2021-06-09 06:22:00
9,9,Shoplifting,Open Investigation,2021-08-05 18:12:00
10,10,Trespass,Closed,2021-03-26 00:43:00
11,11,False Public Alarm,Open Investigation,2020-12-13 03:45:00
12,12,Rape,Open Investigation,2021-06-19 17:49:00
13,13,Shoplifting,Open Investigation,2021-04-21 15:01:00
14,14,Theft,Arrest,2021-07-10 22:12:00
15,15,Shoplifting,Arrest,2021-08-25 10:09:00
16,16,Fraud, Open Investigation,2021-08-11 15:30:00
17,17,Defiant Trespass: Aggravated Assault,Open Investigation,2020-10-19 05:16:00
18,18,Bias Intimidation,Open Investigation,2021-03-09 10:53:00
19,19,Theft,Arrest,2021-01-02 15:46:00
20,20,False Public Alarm,Closed,2021-07-18 09:19:00
21,21,Harassment: Domestic Violence,Arrest,2021-10-27 00:23:00
22,22,Trespassing,Arrest,2020-11-16 01:33:00
23,23,Shoplifting,Open Investigation,2021-08-16 20:47:00
24,24,Harassment: Stalking,Open Investigation,2021-08-24 06:35:00
25,25,Harassment,Open Investigation,2020-10-08 15:42:00
26,26,Criminal Mischief,Unfounded,2021-09-09 04:30:00
27,27,Theft,Open Investigation,2020-09-24 17:20:00
28,28,Fraud,Unfounded,2021-04-23 18:02:00
29,29,Trespass,Arrest,2021-11-27 18:05:00
30,30,Trespass,Open Investigation,2021-04-14 14:46:00
31,31,Fraud,Open Investigation,2020-09-01 14:50:00
32,32,Assault: Domestic Violence,Open Investigation,2021-07-20 09:39:00
33,33,Theft,Arrest,2020-11-05 05:22:00
34,34,Extortion,Closed,2021-01-11 17:14:00
35,35,Trespassing,Arrest,2021-03-09 12:59:00
36,36,Theft: Criminal Mischief,Closed,2021-07-26 17:00:00
37,37,Criminal Mischief,Open Investigation,2021-07-27 04:29:00
38,38,Trespassing, Open Investigation,2021-09-11 00:47:00
39,39,Theft,Closed,2021-08-09 01:31:00
40,40,Assault,Open Investigation,2021-01-23 08:56:00
41,41,Theft,Unfounded,2021-01-21 13:36:00
42,42,Rape,Unfounded,2021-06-02 10:45:00
43,43,Theft: Criminal Mischief, Open Investigation,2021-08-04 07:57:00
44,44,Trespassing,Open Investigation,2021-06-09 02:22:00
45,45,Shoplifting,Open Investigation,2021-07-13 21:50:00
46,46,Assault,Open Investigation,2021-05-31 16:54:00
47,47,Fraud,Open Investigation,2021-10-04 04:25:00
48,48,Theft,Open Investigation,2021-02-02 21:55:00
49,49,Theft,Closed,2021-06-22 09:12:00
50,50,Terroristic Threats,Open Investigation,2020-12-16 08:33:00
51,51,Attempted Fraud,Closed,2021-06-10 02:06:00
52,52,Attempted Extortion,Open Investigation,2021-06-27 20:32:00
53,53,Theft,Open Investigation,2021-07-26 22:58:00
54,54,Theft,Open Investigation,2020-11-14 04:26:00
55,55,Shoplifting, Arrest,2020-11-06 10:41:00
56,56,Harassment: Trespassing,Open Investigation,2021-01-28 10:47:00
57,57,Terroristic Threats,Closed,2020-10-14 10:29:00
58,58,Theft,Open Investigation,2021-11-27 18:37:00
59,59,Burglary,Open Investigation,2020-10-15 08:30:00
60,60,Criminal Mischief,Open Investigation,2020-12-13 10:42:00
61,61,Trespassing,Arrest,2021-09-22 09:17:00
62,62,Assault: Domestic Violence,Open Investigation,2021-07-26 07:59:00
63,63,Trespass,Open Investigation,2021-10-15 18:58:00
64,64,False Public Alarm,Closed,2020-12-17 03:42:00
65,65,Defiant Trespass,unfounded,2020-11-07 15:51:00
66,66,Trespass,Arrest,2021-12-07 09:46:00
67,67,Trespassing,Open Investigation,2020-11-15 09:09:00
68,68,Rape,Unfounded,2021-10-07 13:46:00
69,69,Theft,Open Investigation,2021-01-28 01:39:00
70,70,Theft,Open Investigation,2020-10-05 12:29:00
71,71,Shoplifting ,Unfounded,2021-01-11 07:20:00
72,72,Assault: Domestic Violence,Arrest,2021-03-01 11:26:00
73,73,Rape,Arrest,2021-08-28 07:18:00
74,74,Trespassing,Closed,2021-03-30 01:51:00
75,75,Attempted Fraud,unfounded,2021-11-20 11:45:00
76,76,Theft: Criminal Mischief, Arrest,2021-10-29 04:06:00
77,77,Harassment: Bias Incident,Open Investigation,2020-10-06 10:18:00
78,78,Stalking,Open Investigation,2021-01-08 02:44:00
79,79,Criminal Mischief,Closed,2021-11-18 18:01:00
80,80,Defiant Trespass: Aggravated Assault,Open Investigation,2021-01-22 10:42:00
81,81,Harassment: Fraud,Unfounded,2021-01-01 17:56:00
82,82,Criminal Mischief,Open Investigation,2020-12-27 05:36:00
83,83,Shoplifting,Arrest,2021-06-27 18:02:00
84,84,Theft,Open Investigation,2020-11-11 10:06:00
85,85,Assault,Arrest,2021-10-31 01:13:00
86,86,Attempted Theft,Unfounded,2021-02-19 12:30:00
87,87,Harassment: Bias Incident,Open Investigation,2021-08-10 23:25:00
88,88,Theft: Criminal Mischief,Open Investigation,2021-08-03 11:16:00
89,89,Hindering Possession of Burglary Tools,Open Investigation,2021-08-06 12:35:00
90,90,Theft,Closed,2021-08-21 18:10:00
91,91,Theft: Criminal Mischief,Open Investigation,2021-04-27 15:26:00
92,92,Stalking,Closed,2021-01-21 08:38:00
93,93,Shoplifting,Arrest,2021-12-05 15:57:00
94,94,Shoplifting,Arrest,2021-10-26 23:51:00
95,95,Terroristic Threats,Open Investigation,2020-08-31 19:26:00
96,96,Harassment: Bias Incident,Arrest,2021-07-23 20:36:00
97,97,Attempted Fraud,Open Investigation,2021-08-05 02:23:00
98,98,Burglary,Open Investigation,2021-11-11 21:48:00
99,99,Service of Warrant,Closed,2021-07-20 04:30:00
100,100,Criminal Mischief,Open Investigation,2020-12-23 04:50:00
101,101,Harassment: Bias Incident,Open Investigation,2021-09-15 19:09:00
102,102,Theft,Closed,2021-05-25 05:16:00
103,103,False Public Alarm,Judicial Referral,2021-08-14 10:42:00
104,104,Criminal Mischief,Open Investigation,2021-08-24 10:00:00
105,105,Service of Warrant,Open Investigation,2021-06-25 05:32:00
106,106,Shoplifting ,Open Investigation,2021-10-29 15:26:00
107,107,Theft,Arrest,2020-11-30 23:59:00
108,108,Assault,Unfounded,2020-12-13 00:03:00
109,109,Trespassing,Arrest,2021-06-13 15:31:00
110,110,Theft,Open Investigation,2021-08-29 13:08:00
111,111,Shoplifting,Open Investigation,2021-02-20 14:37:00
112,112,Attempted Extortion,Open Investigation,2021-04-16 00:48:00
113,113,Attempted Extortion,Open Investigation,2020-12-21 11:56:00
114,114,Criminal Mischief, Arrest,2021-03-13 21:25:00
115,115,Trespass,unfounded,2021-02-07 12:31:00
116,116,Theft,Judicial Referral,2021-09-07 10:49:00
117,117,Terroristic Threats,Arrest,2021-09-10 07:44:00
118,118,Shoplifting,Open Investigation,2020-10-14 02:00:00
119,119,Shoplifting,Arrest,2020-12-30 11:48:00
120,120,Theft,Open Investigation,2021-03-07 01:01:00
121,121,Theft,Arrest,2020-12-18 08:09:00
122,122,Trespassing,Arrest,2021-04-25 19:20:00
123,123,Theft,Open Investigation,2021-05-25 06:32:00
124,124,Rape,Closed,2020-08-29 04:04:00
125,125,Shoplifting,Closed,2021-03-23 14:43:00
126,126,Theft,Open Investigation,2021-01-23 03:35:00
127,127,Theft,Arrest,2020-11-25 14:52:00
128,128,Theft, Open Investigation,2021-01-06 06:35:00
129,129,Harassment,Open Investigation,2020-12-31 03:29:00
130,130,Fraud,Open Investigation,2021-08-20 04:03:00
131,131,Lewdness,Open Investigation,2021-04-25 04:44:00
132,132,Theft,Open Investigation,2020-11-10 01:54:00
133,133,Trespassing,Arrest,2021-04-27 13:35:00
134,134,Lewdness,Open Investigation,2021-08-05 08:47:00
135,135,Trespassing,Open Investigation,2021-09-11 23:35:00
136,136,Criminal Mischief,Open Investigation,2021-01-21 12:08:00
137,137,Stalking,Unfounded,2020-09-29 00:35:00
138,138,Assault: Domestic Violence,Open Investigation,2020-10-05 00:40:00
139,139,Theft,Open Investigation,2021-09-24 02:01:00
140,140,Fraud, Open Investigation,2020-12-31 23:41:00
141,141,Possession of Burglary Tools 2,Closed,2021-01-26 14:39:00
142,142,Defiant Trespass,Open Investigation,2020-12-01 01:52:00
143,143,Shoplifting,Open Investigation,2021-07-20 08:27:00
144,144,Theft,Open Investigation,2020-09-30 03:45:00
145,145,Disorderly Conduct,Open Investigation,2020-10-02 21:18:00
146,146,Attempted Theft,Open Investigation,2020-10-26 02:06:00
147,147,Attempted Fraud, Closed,2021-02-07 09:24:00
148,148,Shoplifting ,Closed,2021-07-09 23:55:00
149,149,Criminal Mischief,Open Investigation,2021-02-17 14:39:00
150,150,False Public Alarm,Open Investigation,2021-09-09 12:19:00
151,151,Theft: Criminal Mischief, Arrest,2021-03-13 01:30:00
152,152,Theft,Open Investigation,2021-02-10 16:47:00
153,153,Theft,Arrest,2021-01-22 01:34:00
154,154,Trespass,Closed,2021-04-28 12:16:00
155,155,Trespassing,Open Investigation,2021-08-23 22:25:00
156,156,Shoplifting,Open Investigation,2021-05-27 07:42:00
157,157,Theft,Open Investigation,2020-12-15 14:33:00
158,158,Extortion,Arrest,2021-08-18 06:29:00
159,159,Trespassing,Open Investigation,2020-11-16 09:20:00
160,160,Trespass,Arrest,2021-06-01 04:07:00
161,161,Shoplifting , Closed,2020-10-13 02:48:00
162,162,Theft,Arrest,2021-07-04 01:55:00
163,163,Theft,Arrest,2021-01-06 04:33:00
164,164,Theft,Arrest,2020-12-06 19:45:00
165,165,Theft,Open Investigation,2021-01-31 00:31:00
166,166,Theft,Open Investigation,2021-09-24 08:10:00
167,167,Assault: Domestic Violence,Open Investigation,2021-04-21 10:09:00
168,168,Trespass,Open Investigation,2021-08-30 02:25:00
169,169,Theft,Open Investigation,2021-08-22 14:43:00
170,170,Extortion,Open Investigation,2021-01-19 16:27:00
171,171,False Public Alarm,Arrest,2021-07-16 08:09:00
172,172,Criminal Mischief,Closed,2021-11-30 22:49:00
173,173,Trespassing,Judicial Referral,2021-03-15 00:46:00
174,174,Criminal Mischief,Open Investigation,2021-04-19 04:57:00
175,175,Shoplifting,Closed,2021-04-30 12:03:00
176,176,Theft,Judicial Referral,2021-08-20 22:27:00
177,177,Trespassing,Open Investigation,2021-05-31 11:12:00
178,178,Criminal Mischief,Closed,2021-09-30 17:58:00
179,179,Theft,Open Investigation,2020-11-20 01:55:00
180,180,Theft,Open Investigation,2021-02-27 15:06:00
181,181,Theft,Open Investigation,2021-02-18 08:40:00
182,182,Shoplifting ,Unfounded,2020-12-07 16:15:00
183,183,Trespassing,Open Investigation,2021-02-01 23:08:00
184,184,Theft,Closed,2021-07-15 22:41:00
185,185,Rape,Open Investigation,2021-03-09 09:55:00
186,186,Lewdness,Arrest,2021-10-11 06:31:00
187,187,Trespassing, Arrest,2021-07-21 04:04:00
188,188,Terroristic Threats,Unfounded,2021-10-11 03:08:00
189,189,Theft,Open Investigation,2021-01-15 08:10:00
190,190,Trespass,Open Investigation,2021-08-10 14:06:00
191,191,Liquor Law Violation,Arrest,2021-10-30 05:28:00
192,192,Shoplifting ,Arrest,2020-12-07 14:01:00
193,193,Harassment,Arrest,2021-03-10 23:02:00
194,194,Theft,Open Investigation,2021-01-05 21:52:00
195,195,Defiant Trespass,Unfounded,2021-04-10 21:15:00
196,196,Bias Intimidation,Open Investigation,2021-01-01 22:49:00
197,197,Shoplifting,,2020-09-10 13:10:00
198,198,Criminal Mischief,Judicial Referral,2021-03-23 01:21:00
199,199,Intimidation,Closed,2021-08-23 19:38:00
200,200,Shoplifting,Arrest,2021-03-04 04:28:00
201,201,Trespassing,Unfounded,2021-10-24 11:39:00
202,202,False Public Alarm,Arrest,2020-09-10 09:32:00
203,203,Harassment,Arrest,2021-05-22 12:29:00
204,204,Trespass,Open Investigation,2021-03-27 16:34:00
205,205,Possession of Burglary Tools 2,,2020-12-08 02:25:00
206,206,False Public Alarm,Open Investigation,2021-09-26 00:15:00
207,207,Shoplifting,Arrest,2021-06-02 10:34:00
208,208,Attempted Extortion,Arrest,2021-01-21 06:15:00
209,209,Theft,Open Investigation,2021-06-15 00:17:00
210,210,Trespassing,Open Investigation,2020-10-30 04:29:00
211,211,Trespass,Unfounded,2021-01-10 09:03:00
212,212,False Public Alarm,Unfounded,2021-09-03 07:37:00
213,213,False Public Alarm,Unfounded,2021-07-10 06:12:00
214,214,Rape,Open Investigation,2021-08-06 00:58:00
215,215,Theft: Criminal Mischief, Open Investigation,2021-11-10 12:58:00
216,216,Trespassing,Open Investigation,2020-10-20 01:48:00
217,217,Fraud,Open Investigation,2021-02-14 23:24:00
218,218,Trespassing,Open Investigation,2020-11-27 21:15:00
219,219,Criminal Mischief,Unfounded,2020-12-09 14:21:00
220,220,Theft,Open Investigation,2021-06-13 16:57:00
221,221,Aggravated Assault,Open Investigation,2021-10-02 17:19:00
222,222,Harassment: Domestic Violence,Judicial Referral,2021-03-22 06:32:00
223,223,Criminal Mischief, Closed,2021-06-25 12:08:00
224,224,Harassment: Fraud,Open Investigation,2020-11-23 05:18:00
225,225,Trespassing,Arrest,2021-04-29 12:46:00
226,226,Extortion, Open Investigation,2021-12-16 03:02:00
227,227,Theft,Open Investigation,2021-07-31 07:10:00
228,228,Trespassing,Closed,2021-10-18 00:22:00
229,229,Theft,Unfounded,2021-04-14 11:11:00
230,230,Trespassing,Open Investigation,2021-09-19 11:47:00
231,231,Theft,Open Investigation,2020-12-10 09:16:00
232,232,Defiant Trespass,Closed,2021-06-23 21:51:00
233,233,Harassment,Arrest,2021-07-03 05:34:00
234,234,Hindering Possession of Burglary Tools,Open Investigation,2021-01-15 02:06:00
235,235,Domestic Violence: Harassment,Open Investigation,2021-08-10 09:55:00
236,236,False Public Alarm,Closed,2021-08-27 07:49:00
237,237,Terroristic Threats,Unfounded,2021-01-11 12:10:00
238,238,Trespassing,Open Investigation,2020-12-09 00:20:00
239,239,Lewdness,Closed,2021-05-07 14:09:00
240,240,Rape,Arrest,2021-08-09 11:06:00
241,241,Criminal Mischief,Open Investigation,2020-12-12 20:13:00
242,242,Attempted Extortion,Closed,2020-11-19 19:10:00
243,243,Extortion,Unfounded,2021-10-17 22:11:00
244,244,Terroristic Threats,Open Investigation,2021-08-31 01:00:00
245,245,Theft,Arrest,2021-01-13 20:20:00
246,246,Theft,Open Investigation,2020-11-04 04:03:00
247,247,Harassment: Trespassing,Open Investigation,2021-08-27 01:04:00
248,248,Trespassing,Open Investigation,2021-06-17 19:28:00
249,249,Harassment,Unfounded,2020-10-22 02:43:00
250,250,Shoplifting,Open Investigation,2020-12-01 02:51:00
251,251,Burglary,Judicial Referral,2021-03-11 03:19:00
252,252,Theft,Open Investigation,2021-06-13 01:41:00
253,253,Theft,Open Investigation,2020-12-04 16:07:00
254,254,Trespassing,Open Investigation,2021-01-28 08:07:00
255,255,Theft,Open Investigation,2021-05-16 07:41:00
256,256,Theft,Open Investigation,2021-07-12 05:55:00
257,257,Shoplifting,Open Investigation,2021-02-10 03:42:00
258,258,Shoplifting ,Arrest,2020-09-16 10:59:00
259,259,Burglary, Open Investigation,2021-03-19 20:55:00
260,260,Fraud,Unfounded,2021-11-29 04:48:00
261,261,Criminal Mischief,Arrest,2020-11-11 05:32:00
262,262,Trespass,Closed,2021-04-29 07:43:00
263,263,Theft,Open Investigation,2021-11-18 08:39:00
264,264,Theft,Open Investigation,2020-11-15 10:28:00
265,265,Harassment: Bias Incident,Open Investigation,2021-02-07 09:33:00
266,266,Criminal Mischief,Arrest,2021-08-06 20:05:00
267,267,Assault,Unfounded,2021-05-08 19:23:00
268,268,Theft,Open Investigation,2021-08-26 12:50:00
269,269,Assault,Open Investigation,2021-04-25 00:51:00
270,270,Attempted Theft,Open Investigation,2021-04-26 04:28:00
271,271,Service of Warrant,Open Investigation,2020-09-26 11:39:00
272,272,Disorderly Conduct,Open Investigation,2021-01-11 10:44:00
273,273,Extortion,Closed,2021-02-01 01:57:00
274,274,Assault: Domestic Violence,Open Investigation,2020-10-04 18:00:00
275,275,Trespass,Closed,2021-05-18 03:00:00
276,276,Disorderly Conduct,Arrest,2021-02-01 22:26:00
277,277,Theft,Open Investigation,2021-04-15 12:46:00
278,278,Theft,Unfounded,2021-07-03 18:19:00
279,279,Trespass,unfounded,2020-12-29 22:46:00
280,280,Assault: Domestic Violence,Arrest,2021-03-31 05:55:00
281,281,Trespassing,Arrest,2021-11-03 15:07:00
282,282,Disorderly Conduct,Closed,2021-06-18 20:43:00
283,283,Fraud,Closed,2021-01-19 02:25:00
284,284,Trespassing,Judicial Referral,2020-12-06 14:49:00
285,285,Trespass,Open Investigation,2021-01-15 08:23:00
286,286,Theft,Closed,2021-04-02 20:53:00
287,287,Theft: Criminal Mischief,Open Investigation,2020-10-27 04:47:00
288,288,Assault,Open Investigation,2020-11-25 14:39:00
289,289,Trespassing,Open Investigation,2021-04-03 11:27:00
290,290,Obstruction of Justice,Open Investigation,2021-08-29 08:26:00
291,291,Theft,Open Investigation,2020-10-25 06:09:00
292,292,Theft,Open Investigation,2020-12-28 23:27:00
293,293,Trespassing,Closed,2021-09-23 19:13:00
294,294,Criminal Mischief,Arrest,2020-10-23 09:36:00
295,295,Theft,Open Investigation,2020-12-12 16:26:00
296,296,Theft,Open Investigation,2021-06-29 00:58:00
297,297,Trespass,Arrest,2020-12-26 06:47:00
298,298,Liquor Law Violation,Open Investigation,2020-09-26 05:46:00
299,299,Theft,Open Investigation,2021-06-26 08:30:00
300,300,Assault,Arrest,2020-10-17 00:58:00
301,301,Trespass,Unfounded,2021-07-01 06:41:00
302,302,Disorderly Conduct,Open Investigation,2020-10-19 20:38:00
303,303,Theft,Open Investigation,2021-06-06 04:13:00
304,304,Attempted Fraud,Closed,2020-12-14 16:26:00
305,305,Shoplifting,Unfounded,2020-07-29 12:27:00
306,306,Attempted Fraud,Arrest,2021-01-06 18:11:00
307,307,Trespassing,Arrest,2021-06-18 23:45:00
308,308,Shoplifting,Arrest,2021-08-18 00:48:00
309,309,Harassment: Bias Incident,,2021-02-01 06:55:00
310,310,Harassment,Open Investigation,2021-06-11 14:58:00
311,311,Criminal Mischief,Open Investigation,2020-12-25 00:17:00
312,312,Disorderly Conduct,Open Investigation,2021-09-18 17:15:00
313,313,Criminal Mischief, Open Investigation,2021-08-11 15:48:00
314,314,Criminal Mischief,Open Investigation,2021-04-30 23:06:00
315,315,Shoplifting,Open Investigation,2021-04-04 05:48:00
316,316,Trespass,Open Investigation,2020-12-25 12:59:00
317,317,Fraud,Open Investigation,2021-08-26 02:18:00
318,318,Theft,Closed,2021-07-30 17:05:00
319,319,Attempted Fraud,Open Investigation,2021-11-14 20:21:00
320,320,Assault,Open Investigation,2021-10-02 05:27:00
321,321,Burglary,,2021-10-20 21:00:00
322,322,Shoplifting,Closed,2021-03-11 11:14:00
323,323,Theft,Open Investigation,2021-08-06 07:49:00
324,324,Harassment,Open Investigation,2021-08-04 12:54:00
325,325,Trespassing,Open Investigation,2020-11-25 20:51:00
326,326,Criminal Mischief,Open Investigation,2021-04-13 07:22:00
327,327,Trespassing,unfounded,2021-01-29 07:43:00
328,328,Assault,Closed,2021-07-09 16:04:00
329,329,Aggravated Assault,Closed,2021-05-16 05:28:00
330,330,Fraud,Open Investigation,2021-01-09 13:23:00
331,331,Criminal Mischief,Closed,2021-03-18 01:03:00
332,332,Aggravated Assault,Open Investigation,2021-09-21 18:35:00
333,333,Theft: Criminal Mischief,Open Investigation,2021-02-07 10:36:00
334,334,Shoplifting,Arrest,2021-11-16 09:44:00
335,335,Service of Warrant,Closed,2021-09-19 04:31:00
336,336,Burglary,Closed,2021-05-17 06:34:00
337,337,Theft: Bias Incident,Open Investigation,2020-12-25 18:39:00
338,338,Rape,,2021-07-23 15:53:00
339,339,Attempted Trespass 2,Unfounded,2021-08-05 22:17:00
340,340,Criminal Mischief,Open Investigation,2021-01-21 07:47:00
341,341,Trespassing,Closed,2020-10-23 17:13:00
342,342,Shoplifting , Closed,2021-05-23 13:50:00
343,343,Theft,Open Investigation,2021-09-22 06:42:00
344,344,Theft,Open Investigation,2021-04-29 21:58:00
345,345,Trespassing, Arrest,2021-05-13 17:14:00
346,346,Shoplifting,Arrest,2020-12-30 20:21:00
347,347,Criminal Mischief, Open Investigation,2021-06-05 15:25:00
348,348,Theft,Arrest,2021-05-21 08:02:00
349,349,Harassment,Arrest,2021-02-14 18:00:00
350,350,Possession of Burglary Tools 2,Open Investigation,2020-12-06 06:07:00
351,351,Harassment,,2021-06-03 07:38:00
352,352,Disorderly Conduct,Closed,2021-04-07 14:53:00
353,353,Bias Intimidation,Unfounded,2021-05-28 16:37:00
354,354,Trespass, Open Investigation,2021-05-31 07:27:00
355,355,Shoplifting,Unfounded,2021-07-19 09:50:00
356,356,Lewdness,Arrest,2021-01-08 08:09:00
357,357,Defiant Trespass: Aggravated Assault,Unfounded,2021-01-01 16:39:00
358,358,Assault: Domestic Violence,Open Investigation,2021-09-27 08:53:00
359,359,Theft,Arrest,2020-11-01 23:16:00
360,360,Theft,Open Investigation,2021-01-23 11:08:00
361,361,Criminal Mischief,Open Investigation,2021-04-29 19:54:00
362,362,Shoplifting, Closed,2021-03-27 09:18:00
363,363,Domestic Violence: Harassment,Open Investigation,2021-05-05 01:01:00
364,364,Shoplifting,Unfounded,2021-03-31 02:25:00
365,365,Harassment: Bias Incident,Open Investigation,2021-08-06 19:54:00
366,366,Burglary,Open Investigation,2021-02-11 11:36:00
367,367,Trespass, Arrest,2021-03-20 05:39:00
368,368,Identity Theft,,2020-11-15 03:25:00
369,369,Assault: Domestic Violence,Open Investigation,2021-01-15 14:00:00
370,370,Trespass,Judicial Referral,2021-06-12 16:55:00
371,371,Terroristic Threats,Open Investigation,2021-07-07 05:57:00
372,372,Fraud,Open Investigation,2021-03-10 10:40:00
373,373,Harassment,Open Investigation,2021-03-18 00:09:00
374,374,Attempted Theft, Arrest,2021-05-22 04:09:00
375,375,Theft: Criminal Mischief,Closed,2021-08-08 23:39:00
376,376,Shoplifting,Open Investigation,2021-07-13 04:00:00
377,377,Theft,Open Investigation,2020-12-19 19:29:00
378,378,Theft,Open Investigation,2021-08-08 07:03:00
379,379,Shoplifting,Open Investigation,2021-08-09 16:41:00
380,380,Trespass,Closed,2021-02-18 09:29:00
381,381,Trespassing,Open Investigation,2020-11-21 02:57:00
382,382,Criminal Mischief,Open Investigation,2021-01-25 01:52:00
383,383,Liquor Law Violation,Closed,2020-12-07 14:56:00
384,384,Shoplifting ,Open Investigation,2021-03-06 06:24:00
385,385,Criminal Mischief,Arrest,2020-12-21 09:41:00
386,386,Criminal Mischief,Open Investigation,2021-06-10 08:44:00
387,387,False Public Alarm,Judicial Referral,2021-06-15 12:07:00
388,388,Domestic Violence: Harassment,Closed,2021-04-22 06:03:00
389,389,Attempted Theft,Open Investigation,2020-10-06 19:46:00
390,390,Theft,Open Investigation,2020-12-07 23:18:00
391,391,Trespass, Open Investigation,2021-01-11 05:47:00
392,392,Shoplifting ,Open Investigation,2021-01-05 12:55:00
393,393,Harassment,Open Investigation,2021-02-05 19:01:00
394,394,Theft,Open Investigation,2021-08-21 20:31:00
395,395,Extortion,Open Investigation,2020-12-23 16:35:00
396,396,Shoplifting,Open Investigation,2021-03-10 21:02:00
397,397,Terroristic Threats,Unfounded,2021-08-06 19:15:00
398,398,Trespass,Open Investigation,2021-02-09 05:09:00
399,399,Harassment, Open Investigation,2021-05-22 06:46:00
400,400,Hindering Possession of Burglary Tools,unfounded,2021-10-28 08:22:00
401,401,Theft,Closed,2021-06-07 02:47:00
402,402,Identity Theft,Open Investigation,2021-01-27 10:30:00
403,403,Theft,Open Investigation,2021-04-11 13:41:00
404,404,Trespass,Arrest,2021-02-16 18:28:00
405,405,Shoplifting ,Open Investigation,2021-03-03 11:36:00
406,406,Criminal Mischief,Open Investigation,2020-10-11 03:05:00
407,407,Theft,Open Investigation,2021-06-28 14:10:00
408,408,Assault,Unfounded,2021-01-16 20:02:00
409,409,Theft,Arrest,2020-11-21 23:28:00
410,410,Theft,Open Investigation,2021-03-28 03:24:00
411,411,Attempted Fraud,Arrest,2020-12-16 03:32:00
412,412,Extortion,Closed,2020-10-07 21:06:00
413,413,Trespass, Open Investigation,2021-01-19 11:21:00
414,414,Theft,Open Investigation,2021-01-16 09:25:00
415,415,Trespassing,Open Investigation,2021-06-27 10:01:00
416,416,Harassment: Fraud,Arrest,2021-11-19 22:15:00
417,417,Trespassing,Arrest,2021-06-07 21:26:00
418,418,Theft,Open Investigation,2021-03-17 19:03:00
419,419,Possession of Burglary Tools 2,Open Investigation,2021-08-20 13:27:00
420,420,Rape,Arrest,2021-01-08 06:42:00
421,421,Trespassing,Closed,2021-11-01 07:41:00
422,422,Harassment,Arrest,2020-12-20 06:09:00
423,423,Extortion,Open Investigation,2021-07-20 04:51:00
424,424,Trespassing,Arrest,2021-03-14 09:07:00
425,425,Trespassing,,2021-05-29 10:19:00
426,426,Theft,Open Investigation,2020-12-25 22:45:00
427,427,Shoplifting ,Closed,2021-01-03 14:58:00
428,428,Trespass,Open Investigation,2020-10-22 03:12:00
429,429,Domestic Violence: Harassment,Unfounded,2021-09-06 13:03:00
430,430,Theft,Open Investigation,2021-08-15 06:07:00
431,431,Theft,Open Investigation,2021-11-23 07:40:00
432,432,Shoplifting,Arrest,2021-03-24 00:04:00
433,433,Trespass, Open Investigation,2021-04-08 16:14:00
434,434,False Public Alarm,Unfounded,2021-01-12 22:25:00
435,435,Assault,Arrest,2021-06-30 16:31:00
436,436,Theft: Criminal Mischief,Closed,2021-06-13 05:55:00
437,437,Theft,Open Investigation,2021-02-18 02:46:00
438,438,Burglary,Closed,2021-05-28 15:34:00
439,439,Fraud,Unfounded,2020-12-01 22:48:00
440,440,Harassment,Open Investigation,2021-09-25 13:36:00
441,441,Stalking,Arrest,2020-11-22 00:03:00
442,442,Theft,Open Investigation,2020-09-28 11:35:00
443,443,Trespassing,Open Investigation,2020-11-09 23:44:00
444,444,Theft,Open Investigation,2021-04-28 14:46:00
445,445,Disorderly Conduct,Open Investigation,2021-12-10 13:52:00
446,446,Shoplifting,Arrest,2021-01-14 20:50:00
447,447,Trespassing,Closed,2021-04-16 03:05:00
448,448,Liquor Law Violation,Open Investigation,2021-03-14 19:37:00
449,449,Theft,Closed,2020-12-28 15:12:00
450,450,Harassment,Unfounded,2021-12-08 23:15:00
451,451,Lewdness,Unfounded,2021-03-26 07:40:00
452,452,Defiant Trespass,Open Investigation,2021-06-09 14:54:00
453,453,False Public Alarm,Closed,2021-07-06 14:47:00
454,454,Theft,Open Investigation,2020-12-04 05:21:00
455,455,Theft: Bias Incident,Open Investigation,2021-08-28 07:08:00
456,456,Theft,Unfounded,2021-09-10 16:06:00
457,457,Harassment: Domestic Violence,Closed,2020-12-31 10:37:00
458,458,Rape,Open Investigation,2021-02-20 08:23:00
459,459,Extortion,Judicial Referral,2021-03-17 05:17:00
460,460,Obstruction of Justice,Open Investigation,2021-03-25 13:20:00
461,461,Trespassing,Open Investigation,2020-12-16 23:35:00
462,462,Criminal Mischief,Judicial Referral,2021-01-30 08:29:00
463,463,Lewdness,Closed,2021-04-12 19:19:00
464,464,Disorderly Conduct,Closed,2021-07-02 15:19:00
465,465,Trespassing,Arrest,2021-01-04 12:03:00
466,466,Criminal Mischief,Open Investigation,2020-12-10 11:33:00
467,467,Theft,Open Investigation,2021-08-30 06:45:00
468,468,Defiant Trespass,Open Investigation,2020-12-09 13:56:00
469,469,Trespassing,Arrest,2021-08-25 03:34:00
470,470,Burglary,,2021-09-29 09:04:00
471,471,Theft,Arrest,2021-06-11 17:35:00
472,472,Trespass,Judicial Referral,2021-08-15 18:42:00
473,473,Trespassing,Open Investigation,2020-09-21 16:02:00
474,474,Trespassing,Open Investigation,2020-11-07 05:42:00
475,475,Trespassing,Closed,2021-10-27 05:03:00
476,476,Theft,Open Investigation,2021-02-19 08:26:00
477,477,Shoplifting ,Unfounded,2020-11-17 19:01:00
478,478,Theft,Judicial Referral,2021-07-20 23:30:00
479,479,Liquor Law Violation,,2021-02-15 00:50:00
480,480,Attempted Trespass 2,Open Investigation,2021-04-16 23:37:00
481,481,Extortion, Arrest,2020-09-01 20:19:00
482,482,Harassment: Bias Incident, Arrest,2020-11-19 12:30:00
483,483,Fraud, Arrest,2021-03-12 12:04:00
484,484,Harassment: Bias Incident,Open Investigation,2020-11-11 19:21:00
485,485,Trespassing,Open Investigation,2021-08-12 21:54:00
486,486,Assault: Domestic Violence,Open Investigation,2021-06-12 14:49:00
487,487,Possession of Burglary Tools 2,,2021-05-29 23:45:00
488,488,Theft,Arrest,2021-07-18 18:42:00
489,489,Liquor Law Violation,,2021-01-12 16:57:00
490,490,Theft: Criminal Mischief,Arrest,2020-11-22 23:49:00
491,491,Hindering Possession of Burglary Tools,Open Investigation,2021-11-02 13:18:00
492,492,Trespass,Open Investigation,2020-12-16 19:02:00
493,493,Trespass,Closed,2021-05-17 21:23:00
494,494,False Public Alarm,Open Investigation,2021-01-13 07:11:00
495,495,Theft,Open Investigation,2021-06-21 05:30:00
496,496,Trespassing,Unfounded,2021-05-20 14:09:00
497,497,Theft,Open Investigation,2021-09-23 02:39:00
498,498,Theft,Open Investigation,2021-08-14 17:07:00
499,499,Shoplifting,Open Investigation,2021-09-13 09:45:00
500,500,Criminal Mischief,Arrest,2021-02-22 07:33:00
501,501,Trespassing,Arrest,2021-04-03 08:54:00
502,502,Shoplifting,Open Investigation,2021-10-29 03:45:00
503,503,Criminal Mischief, Closed,2021-03-21 02:10:00
504,504,Rape,Closed,2021-04-04 18:49:00
505,505,Shoplifting,Unfounded,2020-10-15 15:30:00
506,506,Extortion,unfounded,2021-11-15 03:54:00
507,507,Harassment,Open Investigation,2021-07-29 18:32:00
508,508,Harassment,Open Investigation,2021-05-26 18:25:00
509,509,Trespassing,Unfounded,2020-12-05 18:51:00
510,510,Extortion,Open Investigation,2021-03-22 09:50:00
511,511,Domestic Violence: Harassment,Arrest,2020-11-18 06:45:00
512,512,Trespassing, Arrest,2020-11-17 23:47:00
513,513,Rape,Unfounded,2021-09-09 10:21:00
514,514,Possession of Burglary Tools 2,Open Investigation,2021-01-15 07:55:00
515,515,Shoplifting,Arrest,2021-01-14 03:57:00
516,516,Harassment: Bias Incident,Closed,2020-09-24 22:29:00
517,517,Attempted Theft,Arrest,2021-08-01 04:06:00
518,518,Trespassing,Open Investigation,2021-01-21 23:59:00
519,519,Trespassing,Open Investigation,2020-12-24 19:39:00
520,520,Theft,Arrest,2021-07-22 13:58:00
521,521,Theft,Open Investigation,2021-01-17 07:36:00
522,522,Identity Theft,Open Investigation,2021-01-03 18:58:00
523,523,Assault,Arrest,2020-12-13 13:28:00
524,524,Attempted Extortion,Open Investigation,2021-06-06 17:58:00
525,525,Shoplifting,Arrest,2021-07-09 04:53:00
526,526,Attempted Extortion,Closed,2020-10-06 14:02:00
527,527,Disorderly Conduct,Open Investigation,2021-04-22 18:34:00
528,528,Criminal Mischief,Open Investigation,2021-07-11 01:42:00
529,529,Burglary,Closed,2021-08-05 18:56:00
530,530,Criminal Mischief, Arrest,2021-04-06 07:42:00
531,531,False Public Alarm,Arrest,2021-10-09 19:07:00
532,532,Criminal Mischief, Open Investigation,2021-05-05 07:43:00
533,533,Theft,Open Investigation,2021-05-16 12:36:00
534,534,Harassment,Open Investigation,2021-06-21 00:17:00
535,535,Liquor Law Violation,Arrest,2021-04-22 01:37:00
536,536,Trespassing,Open Investigation,2021-10-16 21:17:00
537,537,Theft: Bias Incident,Open Investigation,2021-01-11 20:23:00
538,538,Shoplifting,Open Investigation,2021-05-12 13:14:00
539,539,False Public Alarm,Open Investigation,2021-10-21 08:47:00
540,540,Criminal Mischief,Open Investigation,2020-12-13 05:05:00
541,541,Trespassing,Open Investigation,2021-08-11 15:38:00
542,542,Trespassing,Unfounded,2021-07-10 13:10:00
543,543,Service of Warrant,Closed,2021-08-28 21:52:00
544,544,Theft,Unfounded,2020-12-23 00:59:00
545,545,Theft,Open Investigation,2021-04-12 22:01:00
546,546,False Public Alarm,Open Investigation,2021-07-01 09:22:00
547,547,Terroristic Threats,Arrest,2021-04-24 11:34:00
548,548,Liquor Law Violation,Open Investigation,2021-01-28 01:25:00
549,549,Shoplifting,Open Investigation,2021-08-28 21:03:00
550,550,Disorderly Conduct,Open Investigation,2020-11-02 21:02:00
551,551,Theft,Open Investigation,2021-07-04 12:02:00
552,552,Trespass,Arrest,2020-12-12 09:20:00
553,553,Criminal Mischief,Open Investigation,2021-01-21 00:31:00
554,554,Rape,Arrest,2021-09-21 03:42:00
555,555,Theft,Open Investigation,2021-10-09 07:12:00
556,556,Theft: Criminal Mischief,Open Investigation,2021-04-01 07:52:00
557,557,Theft,Open Investigation,2020-10-25 15:38:00
558,558,Theft,Unfounded,2021-08-19 02:55:00
559,559,Trespassing,Arrest,2021-10-21 23:56:00
560,560,Attempted Extortion,Open Investigation,2021-09-05 23:55:00
561,561,Service of Warrant,Arrest,2021-07-22 16:22:00
562,562,Trespassing,Closed,2020-11-08 22:53:00
563,563,Theft, Open Investigation,2020-09-23 13:22:00
564,564,Theft,Open Investigation,2020-11-14 06:59:00
565,565,Harassment: Bias Incident,Open Investigation,2021-03-02 12:38:00
566,566,Theft,,2021-04-17 10:30:00
567,567,Identity Theft,Arrest,2021-07-16 06:59:00
568,568,Defiant Trespass: Aggravated Assault,Open Investigation,2021-08-07 05:48:00
569,569,Defiant Trespass,Unfounded,2021-06-02 22:54:00
570,570,Assault,Closed,2021-06-24 05:31:00
571,571,Defiant Trespass: Aggravated Assault,Arrest,2021-07-07 20:14:00
572,572,Trespassing,Judicial Referral,2021-03-30 20:46:00
573,573,Criminal Mischief, Arrest,2021-02-05 17:32:00
574,574,Criminal Mischief,Open Investigation,2020-12-07 02:07:00
575,575,Trespassing,Arrest,2021-09-05 03:22:00
576,576,Theft, Open Investigation,2020-12-04 03:38:00
577,577,False Public Alarm,Open Investigation,2021-01-02 02:03:00
578,578,Lewdness,Open Investigation,2021-10-16 08:10:00
579,579,Attempted Fraud,Open Investigation,2021-09-18 08:21:00
580,580,Fraud,Open Investigation,2021-02-23 03:48:00
581,581,Shoplifting,Open Investigation,2021-02-19 15:55:00
582,582,Trespassing,Open Investigation,2021-05-18 10:20:00
583,583,Fraud,Arrest,2021-11-09 11:43:00
584,584,Stalking,Open Investigation,2021-05-12 03:50:00
585,585,Trespassing,Open Investigation,2021-09-03 06:26:00
586,586,Trespassing,Open Investigation,2021-07-21 09:30:00
587,587,Theft,Open Investigation,2021-11-04 05:34:00
588,588,False Public Alarm,Arrest,2021-05-11 15:37:00
589,589,Extortion,Open Investigation,2021-05-28 03:59:00
590,590,Harassment: Bias Incident,Open Investigation,2021-01-26 08:12:00
591,591,Theft,Open Investigation,2021-10-08 03:51:00
592,592,Harassment,Closed,2021-04-04 01:09:00
593,593,Theft,Open Investigation,2021-08-08 04:11:00
594,594,Extortion,Open Investigation,2021-07-07 03:00:00
595,595,Theft,Open Investigation,2021-01-09 04:08:00
596,596,Shoplifting ,Open Investigation,2021-01-30 00:59:00
597,597,Trespass,Open Investigation,2021-05-16 13:53:00
598,598,Theft,Open Investigation,2020-10-18 18:18:00
599,599,Harassment: Bias Incident,Closed,2021-08-02 08:54:00
600,600,Criminal Mischief,Open Investigation,2021-04-17 21:25:00
601,601,Extortion,Unfounded,2021-01-13 22:38:00
602,602,False Public Alarm,,2021-02-10 16:16:00
603,603,Rape,Open Investigation,2021-02-16 06:14:00
604,604,Theft,Open Investigation,2021-08-29 07:14:00
605,605,Criminal Mischief,Judicial Referral,2020-11-13 15:11:00
606,606,Trespass,Open Investigation,2021-01-19 05:00:00
607,607,False Public Alarm,Open Investigation,2021-08-29 18:16:00
608,608,Obstruction of Justice,Open Investigation,2021-11-07 04:31:00
609,609,Harassment,Open Investigation,2021-02-06 10:18:00
610,610,Defiant Trespass: Aggravated Assault,Open Investigation,2020-10-04 21:31:00
611,611,Theft,Open Investigation,2021-01-09 16:03:00
612,612,Stalking,Open Investigation,2021-05-07 00:59:00
613,613,Shoplifting , Arrest,2020-12-28 12:09:00
614,614,Theft,Open Investigation,2021-01-09 19:58:00
615,615,Theft: Bias Incident,Arrest,2021-07-10 04:19:00
616,616,Shoplifting,Unfounded,2021-08-30 08:30:00
617,617,Extortion,Arrest,2021-01-27 00:17:00
618,618,Shoplifting,Open Investigation,2021-08-25 16:55:00
619,619,Theft,Open Investigation,2021-02-25 01:36:00
620,620,Theft,Open Investigation,2021-03-23 11:44:00
621,621,Trespassing,Open Investigation,2021-04-01 14:53:00
622,622,Theft,Open Investigation,2021-04-03 04:31:00
623,623,Criminal Mischief,Open Investigation,2020-12-11 21:24:00
624,624,Trespassing,Open Investigation,2020-10-11 21:35:00
625,625,Theft,Open Investigation,2020-11-09 14:58:00
626,626,Harassment,Open Investigation,2021-07-12 19:26:00
627,627,Harassment,Open Investigation,2021-11-30 00:08:00
628,628,Theft,Unfounded,2021-09-12 02:50:00
629,629,Intimidation,,2021-09-21 10:13:00
630,630,Fraud,Open Investigation,2021-07-17 20:54:00
631,631,Burglary,Unfounded,2021-01-27 11:12:00
632,632,Criminal Mischief,Open Investigation,2021-09-24 21:06:00
633,633,Theft,Open Investigation,2021-01-18 01:06:00
634,634,Trespassing, Closed,2021-08-15 04:36:00
635,635,Harassment,Arrest,2021-07-28 07:18:00
636,636,Theft,Open Investigation,2021-07-15 16:10:00
637,637,Extortion,Open Investigation,2021-05-24 04:38:00
638,638,Theft,Unfounded,2021-02-16 20:39:00
639,639,Harassment: Domestic Violence,Open Investigation,2021-01-11 02:44:00
640,640,Terroristic Threats,Arrest,2021-09-19 15:25:00
641,641,Fraud,Open Investigation,2021-02-13 14:05:00
642,642,Attempted Extortion,Open Investigation,2021-10-25 03:41:00
643,643,Criminal Mischief,Open Investigation,2021-03-03 10:45:00
644,644,Theft,Arrest,2020-11-20 23:10:00
645,645,Theft,Open Investigation,2021-09-08 04:26:00
646,646,Trespassing,Open Investigation,2021-09-10 12:00:00
647,647,Assault,Arrest,2020-12-13 19:00:00
648,648,Trespassing,Open Investigation,2021-07-26 11:03:00
649,649,Trespassing,Open Investigation,2021-04-04 19:56:00
650,650,Fraud,Closed,2021-03-28 06:49:00
651,651,Fraud,Closed,2021-01-18 11:22:00
652,652,Harassment: Domestic Violence,Arrest,2021-10-29 13:31:00
653,653,Assault,Judicial Referral,2021-07-21 08:05:00
654,654,Fraud,Open Investigation,2021-01-14 22:08:00
655,655,Theft,Open Investigation,2021-02-23 23:08:00
656,656,Theft,Open Investigation,2021-06-11 15:38:00
657,657,Domestic Violence: Harassment,Open Investigation,2020-11-20 13:35:00
658,658,Trespass, Closed,2021-02-24 18:41:00
659,659,Harassment,Open Investigation,2021-08-15 16:42:00
660,660,Harassment,Open Investigation,2021-03-24 15:06:00
661,661,Fraud,Judicial Referral,2021-07-23 12:59:00
662,662,Criminal Mischief,Open Investigation,2020-09-26 23:14:00
663,663,Possession of Burglary Tools 2, Closed,2021-08-02 02:28:00
664,664,Trespassing,Arrest,2020-12-06 05:16:00
665,665,Criminal Mischief,Open Investigation,2021-01-06 10:09:00
666,666,Fraud,Arrest,2020-11-07 05:09:00
667,667,Harassment,Arrest,2021-05-01 02:41:00
668,668,Theft,Closed,2020-11-28 02:24:00
669,669,Theft,Arrest,2021-05-08 07:35:00
670,670,Theft,Open Investigation,2021-01-30 08:15:00
671,671,Criminal Mischief,Open Investigation,2021-11-14 01:46:00
672,672,Assault: Domestic Violence,Open Investigation,2021-10-04 16:55:00
673,673,Trespass,Unfounded,2020-10-30 11:00:00
674,674,Shoplifting,,2021-02-20 09:06:00
675,675,Theft, Closed,2021-03-29 07:39:00
676,676,Criminal Mischief,Open Investigation,2020-12-08 22:47:00
677,677,Defiant Trespass,Unfounded,2021-08-01 11:52:00
678,678,Rape,Unfounded,2020-11-06 12:56:00
679,679,Theft,Open Investigation,2020-12-31 19:38:00
680,680,Criminal Mischief,Arrest,2021-03-14 08:19:00
681,681,Theft,Open Investigation,2021-02-18 13:11:00
682,682,Shoplifting ,unfounded,2021-01-21 05:17:00
683,683,Shoplifting,Open Investigation,2021-09-16 22:22:00
684,684,Fraud,unfounded,2021-03-03 11:10:00
685,685,Trespass,Unfounded,2021-05-07 00:51:00
686,686,Trespass,Open Investigation,2021-11-27 09:10:00
687,687,Shoplifting,Closed,2021-08-26 22:44:00
688,688,Harassment,Open Investigation,2021-03-11 03:42:00
689,689,Obstruction of Justice,Unfounded,2021-08-07 23:38:00
690,690,Criminal Mischief,unfounded,2021-10-29 21:59:00
691,691,Criminal Mischief,Open Investigation,2020-12-11 16:43:00
692,692,Extortion,Open Investigation,2021-06-01 15:32:00
693,693,Bias Intimidation,Open Investigation,2021-09-19 13:01:00
694,694,Stalking,Open Investigation,2021-07-07 22:10:00
695,695,Terroristic Threats, Closed,2021-03-20 00:59:00
696,696,Theft,Closed,2021-08-05 03:41:00
697,697,Theft,Open Investigation,2021-02-03 03:02:00
698,698,False Public Alarm,Judicial Referral,2021-11-20 01:11:00
699,699,Burglary,Open Investigation,2021-05-22 17:56:00
700,700,Theft,Open Investigation,2021-08-12 16:46:00
701,701,Service of Warrant,Open Investigation,2020-10-18 21:57:00
702,702,Trespassing,Open Investigation,2021-02-06 15:57:00
703,703,Criminal Mischief, Arrest,2021-09-27 14:25:00
704,704,Trespass,Open Investigation,2021-06-10 23:59:00
705,705,Criminal Mischief,Open Investigation,2021-03-01 00:01:00
706,706,Theft,Open Investigation,2021-04-21 10:23:00
707,707,Shoplifting,Arrest,2021-08-15 16:51:00
708,708,Theft,,2020-12-09 15:10:00
709,709,Burglary,Unfounded,2021-02-26 10:08:00
710,710,Fraud,Open Investigation,2020-10-21 18:13:00
711,711,Theft,Closed,2021-04-14 05:41:00
712,712,Theft,Open Investigation,2021-03-26 06:30:00
713,713,Harassment: Stalking,Unfounded,2021-09-16 10:52:00
714,714,False Public Alarm,Open Investigation,2021-03-15 00:27:00
715,715,Harassment,Open Investigation,2021-03-05 23:38:00
716,716,Criminal Mischief,Open Investigation,2020-11-19 22:57:00
717,717,Shoplifting,Open Investigation,2021-06-13 20:35:00
718,718,Stalking,Unfounded,2021-02-14 15:58:00
719,719,Rape,,2021-11-07 18:54:00
720,720,Trespassing, Arrest,2021-05-10 05:06:00
721,721,Trespassing,Open Investigation,2021-03-02 08:51:00
722,722,False Public Alarm,Unfounded,2021-02-17 06:36:00
723,723,Theft,Arrest,2021-10-09 16:32:00
724,724,Harassment: Fraud,unfounded,2021-01-27 14:51:00
725,725,Theft,Open Investigation,2021-03-26 00:07:00
726,726,Theft,unfounded,2020-12-27 04:13:00
727,727,Trespassing,Unfounded,2021-10-02 00:49:00
728,728,Trespassing,Open Investigation,2021-11-28 15:09:00
729,729,Theft,Open Investigation,2021-07-05 15:06:00
730,730,Trespassing,Open Investigation,2021-12-05 06:07:00
731,731,Harassment,Closed,2020-11-01 20:56:00
732,732,Defiant Trespass: Aggravated Assault,Judicial Referral,2021-06-12 06:01:00
733,733,Attempted Trespass 2, Open Investigation,2021-03-08 17:00:00
734,734,Trespassing,Unfounded,2021-09-09 03:11:00
735,735,Hindering Possession of Burglary Tools,Open Investigation,2021-03-04 21:48:00
736,736,Extortion,Open Investigation,2020-11-27 15:07:00
737,737,Theft,Open Investigation,2020-11-14 18:59:00
738,738,Harassment,Open Investigation,2021-08-31 13:14:00
739,739,Theft,Open Investigation,2021-07-08 01:27:00
740,740,Trespassing,Open Investigation,2020-12-17 22:47:00
741,741,Trespassing,Unfounded,2021-08-12 01:49:00
742,742,Assault,Open Investigation,2020-12-10 14:30:00
743,743,Shoplifting,Arrest,2021-03-08 16:57:00
744,744,Shoplifting,Open Investigation,2021-12-19 06:54:00
745,745,Lewdness,Open Investigation,2021-03-29 16:44:00
746,746,Harassment: Bias Incident, Closed,2020-11-07 08:43:00
747,747,Theft,Arrest,2021-07-02 12:52:00
748,748,Trespass,Arrest,2021-10-01 11:23:00
749,749,Shoplifting,Closed,2021-01-14 23:45:00
750,750,Trespassing,Open Investigation,2021-09-17 05:56:00
751,751,Theft,Open Investigation,2021-02-11 19:19:00
752,752,Trespassing,Open Investigation,2021-10-13 18:52:00
753,753,Trespass, Open Investigation,2021-01-05 18:55:00
754,754,Theft,Open Investigation,2021-08-18 19:40:00
755,755,False Public Alarm,Open Investigation,2021-01-29 06:20:00
756,756,Harassment: Domestic Violence,,2021-05-28 02:00:00
757,757,Disorderly Conduct,Arrest,2020-09-26 19:14:00
758,758,Defiant Trespass: Aggravated Assault,Open Investigation,2021-09-03 03:37:00
759,759,Identity Theft,Unfounded,2021-01-16 22:10:00
760,760,Disorderly Conduct,Open Investigation,2021-01-14 01:22:00
761,761,Trespassing,Arrest,2021-07-20 13:36:00
762,762,Trespass, Open Investigation,2020-10-22 19:02:00
763,763,Harassment: Domestic Violence,Open Investigation,2021-09-12 06:32:00
764,764,Criminal Mischief,Arrest,2021-09-07 10:39:00
765,765,Assault, Closed,2021-10-04 19:46:00
766,766,Theft,Arrest,2020-10-13 14:45:00
767,767,Criminal Mischief,Open Investigation,2021-04-26 05:57:00
768,768,Criminal Mischief,Unfounded,2021-09-07 04:30:00
769,769,Harassment: Stalking,Arrest,2021-03-17 16:25:00
770,770,Fraud,Open Investigation,2021-08-08 21:41:00
771,771,Shoplifting , Arrest,2021-06-12 20:21:00
772,772,Stalking,Open Investigation,2020-12-08 05:49:00
773,773,Assault,Judicial Referral,2020-10-02 13:41:00
774,774,Defiant Trespass,Arrest,2021-04-19 12:57:00
775,775,Trespassing,Open Investigation,2020-12-23 20:47:00
776,776,Shoplifting ,Arrest,2021-04-07 08:48:00
777,777,Criminal Mischief,Open Investigation,2021-06-07 10:48:00
778,778,Trespassing,Open Investigation,2021-04-10 06:59:00
779,779,Fraud,Unfounded,2020-10-24 07:41:00
780,780,False Public Alarm,Arrest,2021-01-08 23:20:00
781,781,Hindering Possession of Burglary Tools,Unfounded,2021-09-21 17:33:00
782,782,Criminal Mischief,Unfounded,2020-11-17 02:48:00
783,783,Trespass,Open Investigation,2021-01-17 21:26:00
784,784,Extortion, Closed,2020-12-18 10:41:00
785,785,Trespassing,,2020-11-16 17:53:00
786,786,Hindering Possession of Burglary Tools, Open Investigation,2021-05-09 14:25:00
787,787,Shoplifting,Open Investigation,2021-09-16 12:40:00
788,788,Theft,Open Investigation,2020-11-23 21:21:00
789,789,Theft,Open Investigation,2021-05-18 10:26:00
790,790,Trespassing,Open Investigation,2021-02-22 12:32:00
791,791,Trespassing, Arrest,2021-04-12 13:05:00
792,792,Extortion,Closed,2021-07-30 22:12:00
793,793,Terroristic Threats,Arrest,2021-08-12 19:16:00
794,794,Harassment: Domestic Violence,Open Investigation,2021-05-10 20:05:00
795,795,Terroristic Threats,Open Investigation,2021-04-24 23:56:00
796,796,Trespass,,2021-06-16 16:46:00
797,797,Harassment: Domestic Violence,Open Investigation,2021-07-06 02:49:00
798,798,Rape,Open Investigation,2020-12-19 02:15:00
799,799,Shoplifting,Closed,2021-06-08 23:24:00
800,800,Harassment: Fraud,Open Investigation,2021-10-03 22:02:00
801,801,Criminal Mischief,Open Investigation,2021-07-03 20:38:00
802,802,Shoplifting,Open Investigation,2020-09-27 10:37:00
803,803,Harassment,Open Investigation,2021-05-31 08:00:00
804,804,Theft,Open Investigation,2021-06-26 20:53:00
805,805,Trespass,Open Investigation,2020-12-07 01:08:00
806,806,Theft,Open Investigation,2020-09-14 01:17:00
807,807,Rape,Arrest,2021-01-14 12:51:00
808,808,Stalking,Closed,2020-11-20 17:15:00
809,809,Harassment,Arrest,2020-10-07 06:45:00
810,810,Harassment,Open Investigation,2021-02-01 19:51:00
811,811,Theft,Arrest,2021-01-15 07:43:00
812,812,Trespassing,Open Investigation,2021-03-06 14:49:00
813,813,Criminal Mischief,Open Investigation,2021-08-23 04:09:00
814,814,Trespass,Open Investigation,2021-05-04 00:27:00
815,815,Disorderly Conduct,Unfounded,2021-03-15 10:08:00
816,816,Rape,Open Investigation,2021-07-18 07:32:00
817,817,Theft: Criminal Mischief,Closed,2021-02-23 07:28:00
818,818,Theft,Open Investigation,2021-04-21 09:40:00
819,819,Theft,Arrest,2021-06-20 10:14:00
820,820,Shoplifting,Open Investigation,2020-11-19 13:54:00
821,821,Theft,Open Investigation,2020-12-07 01:46:00
822,822,Harassment: Domestic Violence,Open Investigation,2020-12-03 11:14:00
823,823,Attempted Fraud,Open Investigation,2021-12-07 01:52:00
824,824,Theft, Closed,2021-11-01 03:43:00
825,825,Theft,Open Investigation,2020-11-02 08:48:00
826,826,Criminal Mischief,Open Investigation,2021-03-12 11:33:00
827,827,Burglary,Open Investigation,2021-01-10 11:07:00
828,828,Attempted Extortion,Open Investigation,2020-12-16 10:09:00
829,829,Theft,Arrest,2021-03-22 03:34:00
830,830,Criminal Mischief,Open Investigation,2021-06-16 17:45:00
831,831,Rape,Open Investigation,2021-09-18 00:57:00
832,832,Trespassing,Arrest,2021-08-06 09:15:00
833,833,Trespassing,Closed,2021-07-13 02:25:00
834,834,Trespassing,Closed,2021-10-05 02:51:00
835,835,Harassment: Trespassing,Judicial Referral,2021-08-01 07:03:00
836,836,Trespass,,2021-01-26 16:55:00
837,837,Fraud,Open Investigation,2021-06-16 03:01:00
838,838,Trespassing,Open Investigation,2021-01-20 12:37:00
839,839,Assault,Open Investigation,2021-03-04 01:44:00
840,840,Bias Intimidation,Open Investigation,2021-03-16 12:39:00
841,841,Rape,Open Investigation,2020-11-01 16:48:00
842,842,Harassment: Bias Incident,Unfounded,2021-08-27 07:38:00
843,843,False Public Alarm,Closed,2021-10-01 22:13:00
844,844,Assault,Open Investigation,2021-07-29 04:36:00
845,845,Hindering Possession of Burglary Tools,Unfounded,2021-03-28 09:55:00
846,846,Theft,,2021-08-13 21:14:00
847,847,Fraud,Open Investigation,2021-09-04 00:54:00
848,848,Harassment: Bias Incident,Unfounded,2021-07-24 16:39:00
849,849,Harassment,Unfounded,2021-09-04 18:53:00
850,850,Shoplifting,Open Investigation,2021-02-15 20:34:00
851,851,Theft,Unfounded,2021-07-21 11:02:00
852,852,Harassment,Arrest,2021-02-02 10:01:00
853,853,Criminal Mischief,Open Investigation,2020-12-14 14:07:00
854,854,Attempted Fraud,Arrest,2021-07-12 13:53:00
855,855,Rape,Closed,2021-04-30 17:52:00
856,856,Defiant Trespass, Open Investigation,2020-12-08 08:41:00
857,857,Defiant Trespass: Aggravated Assault,Closed,2021-04-13 11:28:00
858,858,Theft: Bias Incident,Unfounded,2021-05-04 19:52:00
859,859,Trespassing,Open Investigation,2020-12-15 17:48:00
860,860,Bias Intimidation,Open Investigation,2021-02-08 17:07:00
861,861,Rape,Unfounded,2021-02-24 19:46:00
862,862,Theft,Arrest,2021-01-18 18:20:00
863,863,Theft: Criminal Mischief,Open Investigation,2021-09-08 03:55:00
864,864,Shoplifting ,Open Investigation,2021-07-25 10:38:00
865,865,Service of Warrant, Open Investigation,2021-10-01 10:32:00
866,866,Fraud,Open Investigation,2021-12-14 23:21:00
867,867,Theft,Arrest,2021-06-18 04:34:00
868,868,Trespassing,Judicial Referral,2021-02-16 12:37:00
869,869,Criminal Mischief,Open Investigation,2021-03-12 18:10:00
870,870,Theft,Open Investigation,2020-11-11 08:47:00
871,871,Possession of Burglary Tools 2,Unfounded,2021-05-12 11:20:00
872,872,Attempted Trespass 2,Unfounded,2021-05-05 03:14:00
873,873,Domestic Violence: Harassment,Open Investigation,2021-04-04 16:56:00
874,874,Theft,Open Investigation,2021-05-01 00:50:00
875,875,Theft,Open Investigation,2021-08-26 00:20:00
876,876,Defiant Trespass: Aggravated Assault,Open Investigation,2020-12-27 09:47:00
877,877,Theft,Open Investigation,2021-11-15 02:11:00
878,878,Theft,Closed,2021-03-05 23:09:00
879,879,Theft, Closed,2021-03-28 10:45:00
880,880,Theft,Judicial Referral,2021-11-14 10:08:00
881,881,Theft: Bias Incident,Open Investigation,2021-03-06 08:04:00
882,882,Trespassing,Open Investigation,2021-01-16 14:39:00
883,883,Theft,Closed,2021-10-06 07:00:00
884,884,Criminal Mischief,Open Investigation,2021-09-28 01:00:00
885,885,Domestic Violence: Harassment,Open Investigation,2021-11-09 06:12:00
886,886,Criminal Mischief,Unfounded,2020-10-25 03:10:00
887,887,Criminal Mischief,Open Investigation,2021-07-15 17:04:00
888,888,Theft,Open Investigation,2021-03-13 00:45:00
889,889,Trespass,Open Investigation,2021-09-15 17:18:00
890,890,Lewdness,Unfounded,2020-12-26 06:10:00
891,891,Criminal Mischief,Closed,2021-07-10 02:45:00
892,892,Assault,Open Investigation,2021-07-14 15:02:00
893,893,Trespassing,Open Investigation,2021-02-06 16:46:00
894,894,Fraud,Open Investigation,2021-06-14 17:20:00
895,895,Theft,Arrest,2021-07-02 05:56:00
896,896,False Public Alarm,Open Investigation,2020-12-22 03:24:00
897,897,Trespass,Open Investigation,2021-08-14 09:42:00
898,898,False Public Alarm,Judicial Referral,2020-11-09 18:10:00
899,899,Attempted Extortion,Judicial Referral,2021-05-15 02:07:00
900,900,Intimidation,Closed,2021-06-30 16:00:00
901,901,Fraud,Unfounded,2021-09-15 21:14:00
902,902,False Public Alarm,Judicial Referral,2021-09-02 12:23:00
903,903,Rape,Closed,2020-12-16 17:48:00
904,904,Criminal Mischief,Open Investigation,2021-01-18 21:59:00
905,905,Theft,Open Investigation,2021-08-23 17:13:00
906,906,Harassment,Open Investigation,2021-03-12 07:10:00
907,907,Theft,Open Investigation,2021-03-25 12:30:00
908,908,Burglary,Open Investigation,2021-04-12 13:00:00
909,909,Trespassing,Judicial Referral,2021-04-27 14:57:00
910,910,Stalking,Open Investigation,2021-01-09 05:59:00
911,911,Trespassing,Open Investigation,2021-06-23 16:49:00
912,912,Trespass,Open Investigation,2021-07-25 22:08:00
913,913,Trespass,Closed,2020-11-07 08:48:00
914,914,Liquor Law Violation,Open Investigation,2021-02-08 09:19:00
915,915,Assault,Arrest,2021-11-16 12:46:00
916,916,Shoplifting,Closed,2021-02-23 23:30:00
917,917,Rape,Arrest,2021-01-20 00:26:00
918,918,Rape,Arrest,2021-09-28 03:47:00
919,919,Harassment: Trespassing,Arrest,2020-12-24 12:50:00
920,920,Defiant Trespass,Closed,2020-12-18 05:39:00
921,921,Criminal Mischief,Open Investigation,2021-04-10 15:33:00
922,922,Shoplifting ,Open Investigation,2021-05-13 21:48:00
923,923,Obstruction of Justice,Unfounded,2021-09-21 20:30:00
924,924,Assault,Unfounded,2020-12-14 19:23:00
925,925,Assault: Domestic Violence,Unfounded,2020-12-18 16:39:00
926,926,Trespass,Open Investigation,2021-03-27 09:56:00
927,927,Theft,Open Investigation,2021-01-28 00:19:00
928,928,Theft, Arrest,2021-04-16 00:48:00
929,929,Attempted Trespass 2,Unfounded,2021-01-16 15:08:00
930,930,Rape,Open Investigation,2021-08-20 23:37:00
931,931,Harassment,Arrest,2021-04-21 08:37:00
932,932,Lewdness,Closed,2021-04-14 07:00:00
933,933,Disorderly Conduct,Unfounded,2021-09-25 10:05:00
934,934,Attempted Fraud,,2020-12-11 17:16:00
935,935,Assault,Arrest,2021-05-05 13:16:00
936,936,Trespassing,Open Investigation,2021-04-14 09:47:00
937,937,Assault, Closed,2020-11-03 04:15:00
938,938,Trespassing,Arrest,2020-12-08 02:14:00
939,939,Trespassing,Arrest,2020-10-27 07:04:00
940,940,Rape, Open Investigation,2021-06-19 01:53:00
941,941,Harassment, Arrest,2021-01-19 00:38:00
942,942,Harassment,,2021-12-01 15:44:00
943,943,Theft,Open Investigation,2021-02-01 05:11:00
944,944,Harassment,Open Investigation,2021-01-01 06:22:00
945,945,Shoplifting ,Unfounded,2021-06-06 23:41:00
946,946,False Public Alarm,Judicial Referral,2021-08-05 09:49:00
947,947,Theft,Open Investigation,2020-12-22 01:10:00
948,948,Shoplifting,Closed,2021-03-05 09:07:00
949,949,Shoplifting ,Open Investigation,2020-12-10 04:32:00
950,950,Theft: Criminal Mischief,Unfounded,2020-12-23 13:07:00
951,951,Harassment,Open Investigation,2020-09-14 10:02:00
952,952,Shoplifting,Open Investigation,2021-05-13 20:27:00
953,953,Theft,Open Investigation,2021-10-17 06:15:00
954,954,Trespassing,Open Investigation,2021-04-25 06:25:00
955,955,Shoplifting,Open Investigation,2021-06-13 05:52:00
956,956,Theft,Open Investigation,2021-04-03 23:25:00
957,957,Theft,Closed,2021-05-10 12:24:00
958,958,Theft,Open Investigation,2021-10-18 09:37:00
959,959,Harassment: Bias Incident,Open Investigation,2021-02-06 05:26:00
960,960,Criminal Mischief,Arrest,2021-02-16 17:27:00
961,961,Trespass,Closed,2020-12-02 12:35:00
962,962,Shoplifting,Closed,2021-09-27 07:56:00
963,963,Burglary,Unfounded,2020-10-05 21:38:00
964,964,Trespassing,Closed,2021-10-08 22:00:00
965,965,Defiant Trespass,Open Investigation,2021-11-15 19:32:00
966,966,Burglary,Open Investigation,2021-07-26 09:47:00
967,967,Attempted Extortion,Closed,2021-02-20 05:53:00
968,968,Criminal Mischief,Open Investigation,2021-04-02 12:50:00
969,969,Theft,Open Investigation,2021-11-21 08:43:00
970,970,Theft,Open Investigation,2021-04-15 10:45:00
971,971,Defiant Trespass: Aggravated Assault,Arrest,2021-06-16 18:37:00
972,972,Shoplifting,Arrest,2021-11-19 04:49:00
973,973,Theft,Arrest,2020-12-21 05:37:00
974,974,Theft,Open Investigation,2021-11-04 11:47:00
975,975,Disorderly Conduct,Open Investigation,2020-12-09 02:43:00
976,976,Trespassing,Open Investigation,2021-11-23 11:16:00
977,977,Shoplifting,Open Investigation,2020-09-24 04:49:00
978,978,Fraud,Open Investigation,2021-03-27 12:02:00
979,979,Harassment,Open Investigation,2021-04-14 00:07:00
980,980,Trespassing,Closed,2021-03-21 12:23:00
981,981,Defiant Trespass,Open Investigation,2021-08-13 19:05:00
982,982,Shoplifting ,Open Investigation,2021-08-13 02:20:00
983,983,Shoplifting,Closed,2020-12-17 11:18:00
984,984,Trespassing,,2021-05-12 03:19:00
985,985,Attempted Fraud,Open Investigation,2021-06-27 14:20:00
986,986,Harassment,Arrest,2021-03-15 17:15:00
987,987,Trespass,,2021-05-04 09:54:00
988,988,Trespass,Unfounded,2021-08-30 16:43:00
989,989,Trespass,unfounded,2020-12-05 15:01:00
990,990,Stalking,Open Investigation,2021-03-10 10:19:00
991,991,Attempted Theft,Judicial Referral,2020-12-24 10:04:00
992,992,Trespassing,,2021-06-26 23:57:00
993,993,Criminal Mischief,Closed,2020-11-02 19:19:00
994,994,Rape,Unfounded,2020-10-11 19:20:00
995,995,Trespassing,Arrest,2021-10-10 20:21:00
996,996,Shoplifting,Open Investigation,2021-02-02 09:22:00
997,997,Shoplifting,Open Investigation,2020-12-29 21:16:00
998,998,Disorderly Conduct,Arrest,2021-11-13 22:19:00
999,999,Shoplifting ,Unfounded,2020-11-01 11:07:00
1000,1000,Theft,Arrest,2021-03-09 12:22:00
1001,1001,Harassment,Open Investigation,2020-12-19 09:20:00
1002,1002,Theft, Closed,2021-06-21 23:46:00
1003,1003,Harassment,Open Investigation,2021-05-21 17:41:00
1004,1004,Harassment: Trespassing,Unfounded,2020-11-15 00:06:00
1005,1005,Disorderly Conduct,Open Investigation,2021-08-05 23:30:00
1006,1006,Theft,Unfounded,2021-07-14 06:06:00
1007,1007,Fraud,Unfounded,2021-02-18 01:39:00
1008,1008,Trespassing,Open Investigation,2021-03-01 11:27:00
1009,1009,Harassment: Domestic Violence,Open Investigation,2021-10-20 14:59:00
1010,1010,Trespassing,Open Investigation,2021-09-21 05:12:00
1011,1011,Criminal Mischief,Open Investigation,2020-12-20 07:29:00
1012,1012,Criminal Mischief,Open Investigation,2020-09-29 11:27:00
1013,1013,Assault,Open Investigation,2021-01-20 14:06:00
1014,1014,Trespassing,Open Investigation,2020-11-27 05:56:00
1015,1015,Harassment: Fraud,Closed,2021-05-07 05:43:00
1016,1016,Trespassing,Judicial Referral,2021-01-20 02:00:00
1017,1017,Harassment,Open Investigation,2021-04-01 02:04:00
1018,1018,Shoplifting,Open Investigation,2021-06-30 14:15:00
1019,1019,Shoplifting,Arrest,2021-03-20 20:38:00
1020,1020,Rape,Open Investigation,2021-11-04 19:23:00
1021,1021,Criminal Mischief,Closed,2020-12-25 16:24:00
1022,1022,Burglary,Open Investigation,2021-11-15 03:32:00
1023,1023,Theft,Open Investigation,2021-08-25 02:51:00
1024,1024,Extortion,Open Investigation,2021-07-17 08:14:00
1025,1025,Fraud,Open Investigation,2021-10-31 04:00:00
1026,1026,Extortion,Unfounded,2021-03-09 03:01:00
1027,1027,Theft,Arrest,2021-06-06 10:34:00
1028,1028,Defiant Trespass,Unfounded,2021-02-12 04:06:00
1029,1029,Theft,Open Investigation,2020-08-26 18:05:00
1030,1030,Disorderly Conduct,Open Investigation,2020-10-22 07:14:00
1031,1031,Theft,Closed,2020-12-03 01:54:00
1032,1032,Liquor Law Violation,Arrest,2020-10-15 20:23:00
1033,1033,Criminal Mischief,Open Investigation,2021-05-08 23:14:00
1034,1034,Trespassing,Open Investigation,2021-03-12 15:30:00
1035,1035,Trespass,Open Investigation,2021-10-01 04:10:00
1036,1036,Burglary,Open Investigation,2020-11-09 03:19:00
1037,1037,Harassment,Open Investigation,2021-06-30 21:54:00
1038,1038,Shoplifting,Open Investigation,2021-05-13 09:47:00
1039,1039,False Public Alarm,Open Investigation,2021-12-03 23:14:00
1040,1040,Harassment: Bias Incident, Open Investigation,2021-02-12 04:57:00
1041,1041,Theft,Open Investigation,2021-07-20 02:10:00
1042,1042,Theft: Bias Incident,Open Investigation,2021-03-10 08:08:00
1043,1043,Harassment: Trespassing,Open Investigation,2020-11-22 20:02:00
1044,1044,Rape,Open Investigation,2021-08-15 21:32:00
1045,1045,Theft,Open Investigation,2021-08-26 20:44:00
1046,1046,Attempted Theft,Unfounded,2021-06-04 07:00:00
1047,1047,Trespass,Open Investigation,2020-11-12 23:56:00
1048,1048,Theft,Unfounded,2020-11-22 16:24:00
1049,1049,Criminal Mischief,Open Investigation,2020-11-05 10:45:00
1050,1050,Possession of Burglary Tools 2,Open Investigation,2021-09-06 03:45:00
1051,1051,Harassment: Bias Incident,unfounded,2021-05-13 05:30:00
1052,1052,False Public Alarm,Unfounded,2021-09-26 06:24:00
1053,1053,Harassment: Bias Incident,Open Investigation,2020-10-31 11:42:00
1054,1054,Disorderly Conduct,Open Investigation,2021-12-05 12:08:00
1055,1055,Theft,Open Investigation,2020-12-20 18:20:00
1056,1056,Fraud,Unfounded,2021-06-02 12:44:00
1057,1057,Defiant Trespass, Closed,2020-11-20 08:28:00
1058,1058,Liquor Law Violation,,2021-04-10 03:29:00
1059,1059,Disorderly Conduct, Open Investigation,2021-10-22 00:23:00
1060,1060,Theft,Open Investigation,2021-07-27 11:08:00
1061,1061,Terroristic Threats,Arrest,2021-07-27 00:59:00
1062,1062,Extortion, Closed,2021-06-16 21:24:00
1063,1063,Harassment: Bias Incident,Judicial Referral,2020-11-01 10:14:00
1064,1064,Theft,Open Investigation,2021-09-07 17:04:00
1065,1065,Defiant Trespass,Open Investigation,2020-12-25 13:10:00
1066,1066,Trespassing,Arrest,2021-11-01 23:35:00
1067,1067,Fraud,unfounded,2021-06-21 14:05:00
1068,1068,Theft,,2021-07-23 10:07:00
1069,1069,Shoplifting,Open Investigation,2021-08-22 16:22:00
1070,1070,Trespass,Unfounded,2020-11-25 01:02:00
1071,1071,Theft,Open Investigation,2021-04-22 15:30:00
1072,1072,Shoplifting,Open Investigation,2021-10-07 05:32:00
1073,1073,Obstruction of Justice,Open Investigation,2021-04-04 12:54:00
1074,1074,Shoplifting,Judicial Referral,2020-12-23 19:27:00
1075,1075,Attempted Extortion,Open Investigation,2021-03-03 06:13:00
1076,1076,Rape,Arrest,2020-12-31 17:35:00
1077,1077,Harassment,Open Investigation,2020-12-29 06:43:00
1078,1078,Fraud,Closed,2021-11-09 04:51:00
1079,1079,Harassment: Bias Incident,Open Investigation,2021-04-05 17:05:00
1080,1080,Trespassing,Open Investigation,2021-10-27 22:18:00
1081,1081,Assault,Open Investigation,2020-10-17 04:07:00
1082,1082,Obstruction of Justice,Arrest,2020-11-12 03:44:00
1083,1083,Assault,Open Investigation,2021-04-19 14:31:00
1084,1084,Trespassing, Arrest,2020-11-22 21:19:00
1085,1085,Fraud,Arrest,2021-05-16 22:37:00
1086,1086,Theft: Bias Incident,Open Investigation,2020-11-19 22:55:00
1087,1087,False Public Alarm,Open Investigation,2020-12-28 23:24:00
1088,1088,Attempted Trespass 2,Open Investigation,2021-02-06 07:53:00
1089,1089,Harassment: Fraud,Open Investigation,2021-08-03 16:25:00
1090,1090,Theft,unfounded,2021-08-10 22:35:00
1091,1091,Harassment: Stalking,Open Investigation,2021-08-06 03:06:00
1092,1092,Theft, Open Investigation,2021-09-09 20:28:00
1093,1093,Shoplifting,Open Investigation,2020-11-13 06:16:00
1094,1094,Criminal Mischief,Open Investigation,2020-10-13 12:32:00
1095,1095,Criminal Mischief,Unfounded,2021-10-17 10:36:00
1096,1096,Trespassing,Open Investigation,2021-05-18 00:55:00
1097,1097,Trespassing,Open Investigation,2021-08-28 10:14:00
1098,1098,Trespassing,Arrest,2021-04-03 22:11:00
1099,1099,Terroristic Threats,Open Investigation,2020-11-26 17:50:00
1100,1100,Criminal Mischief,Unfounded,2021-05-11 20:55:00
1101,1101,Trespass,Open Investigation,2020-12-25 11:19:00
1102,1102,Theft,Arrest,2020-11-24 09:01:00
1103,1103,Criminal Mischief,Closed,2021-04-17 09:01:00
1104,1104,Lewdness,Open Investigation,2020-12-17 12:51:00
1105,1105,Extortion,unfounded,2021-02-03 19:06:00
1106,1106,Theft,Open Investigation,2020-12-30 19:49:00
1107,1107,Rape, Arrest,2021-03-04 22:40:00
1108,1108,Theft,Open Investigation,2021-05-20 03:03:00
1109,1109,Fraud,Open Investigation,2021-05-25 22:04:00
1110,1110,Theft,Open Investigation,2021-08-01 06:43:00
1111,1111,Criminal Mischief,Open Investigation,2021-11-05 03:59:00
1112,1112,Harassment,Arrest,2021-03-30 02:54:00
1113,1113,Attempted Extortion,Open Investigation,2021-10-16 14:21:00
1114,1114,Harassment: Bias Incident,Open Investigation,2021-03-09 13:15:00
1115,1115,Criminal Mischief,Open Investigation,2020-11-03 01:41:00
1116,1116,Intimidation,Arrest,2021-08-24 08:39:00
1117,1117,Lewdness,Open Investigation,2021-09-09 23:19:00
1118,1118,False Public Alarm,Unfounded,2021-10-23 02:25:00
1119,1119,Trespassing,Open Investigation,2020-12-25 15:36:00
1120,1120,Trespass,Unfounded,2020-12-25 18:45:00
1121,1121,Defiant Trespass: Aggravated Assault,Unfounded,2021-01-13 22:20:00
1122,1122,Theft: Criminal Mischief,Open Investigation,2021-07-07 10:41:00
1123,1123,Criminal Mischief,Open Investigation,2021-08-25 20:28:00
1124,1124,Theft,Open Investigation,2021-07-23 02:02:00
1125,1125,False Public Alarm, Arrest,2021-03-27 08:07:00
1126,1126,Trespassing, Open Investigation,2021-09-21 15:38:00
1127,1127,Trespass,Open Investigation,2020-08-26 22:46:00
1128,1128,Criminal Mischief,Open Investigation,2020-11-24 11:26:00
1129,1129,Harassment,Arrest,2021-01-08 19:07:00
1130,1130,Trespassing,Open Investigation,2021-02-13 17:19:00
1131,1131,Trespassing,Open Investigation,2020-09-06 22:55:00
1132,1132,Shoplifting ,Open Investigation,2021-08-09 22:55:00
1133,1133,Fraud,Open Investigation,2021-01-06 00:09:00
1134,1134,Trespassing,Open Investigation,2021-11-17 12:03:00
1135,1135,Harassment,Arrest,2021-03-31 14:29:00
1136,1136,Harassment,Open Investigation,2020-12-01 03:00:00
1137,1137,Extortion,Open Investigation,2021-03-10 12:23:00
1138,1138,Bias Intimidation,Open Investigation,2021-05-03 13:57:00
1139,1139,Attempted Fraud,Arrest,2021-03-05 21:16:00
1140,1140,Theft,Unfounded,2020-12-09 13:34:00
1141,1141,Trespassing,Arrest,2021-09-14 12:21:00
1142,1142,Criminal Mischief,Arrest,2021-01-30 23:07:00
1143,1143,Harassment: Bias Incident,Open Investigation,2021-04-11 13:09:00
1144,1144,Trespassing,Unfounded,2021-01-14 07:23:00
1145,1145,Disorderly Conduct,Closed,2021-03-02 21:06:00
1146,1146,Assault,Open Investigation,2021-09-27 13:05:00
1147,1147,Criminal Mischief,Open Investigation,2021-10-21 01:49:00
1148,1148,Harassment,unfounded,2021-01-11 21:43:00
1149,1149,Trespass,Unfounded,2020-12-26 00:31:00
1150,1150,Harassment,Open Investigation,2021-06-12 21:40:00
1151,1151,Theft,Open Investigation,2021-07-01 08:57:00
1152,1152,Shoplifting,,2021-07-22 09:33:00
1153,1153,Theft,Open Investigation,2021-12-23 15:26:00
1154,1154,Trespassing,Closed,2021-10-24 10:15:00
1155,1155,Identity Theft,Closed,2020-10-29 19:01:00
1156,1156,Trespassing,Unfounded,2021-05-13 06:51:00
1157,1157,Trespassing, Arrest,2020-10-22 22:16:00
1158,1158,Trespassing,Open Investigation,2021-03-06 04:45:00
1159,1159,Shoplifting,Open Investigation,2020-11-03 11:43:00
1160,1160,Theft,Open Investigation,2021-01-16 07:23:00
1161,1161,Criminal Mischief,Judicial Referral,2021-08-27 07:49:00
1162,1162,Theft,Open Investigation,2021-12-13 22:13:00
1163,1163,Burglary,Open Investigation,2021-09-28 01:53:00
1164,1164,Theft,Open Investigation,2021-08-09 12:28:00
1165,1165,Trespassing,Open Investigation,2021-03-19 10:01:00
1166,1166,Extortion,Open Investigation,2021-01-20 00:17:00
1167,1167,Shoplifting,Unfounded,2020-12-07 19:10:00
1168,1168,False Public Alarm,Arrest,2021-09-02 17:45:00
1169,1169,Trespass,Unfounded,2021-02-06 00:01:00
1170,1170,Theft,Open Investigation,2020-12-24 12:46:00
1171,1171,Theft,Open Investigation,2020-12-25 03:35:00
1172,1172,Criminal Mischief,Arrest,2021-08-05 11:53:00
1173,1173,False Public Alarm,Open Investigation,2020-12-22 17:34:00
1174,1174,Trespassing,Closed,2021-08-20 03:39:00
1175,1175,Trespass,Unfounded,2021-05-12 08:03:00
1176,1176,Criminal Mischief,Open Investigation,2021-03-29 03:48:00
1177,1177,Trespassing,,2020-12-29 15:13:00
1178,1178,Theft, Arrest,2020-11-11 11:14:00
1179,1179,Rape,Unfounded,2021-09-19 20:33:00
1180,1180,Rape,Open Investigation,2021-02-09 04:22:00
1181,1181,Trespass,Closed,2021-11-09 11:04:00
1182,1182,Attempted Trespass 2,Closed,2021-06-10 05:34:00
1183,1183,Harassment,Arrest,2021-04-20 07:47:00
1184,1184,Theft,Open Investigation,2021-03-13 19:52:00
1185,1185,Bias Intimidation,Arrest,2021-08-02 00:02:00
1186,1186,Disorderly Conduct,Open Investigation,2020-10-17 12:47:00
1187,1187,Criminal Mischief,Arrest,2021-04-08 23:38:00
1188,1188,Trespassing,Closed,2021-10-16 15:36:00
1189,1189,Theft,Open Investigation,2020-12-29 13:51:00
1190,1190,Harassment,,2021-10-06 06:48:00
1191,1191,Theft,Open Investigation,2021-02-06 01:06:00
1192,1192,Shoplifting ,Open Investigation,2021-05-18 13:33:00
1193,1193,Disorderly Conduct,Open Investigation,2021-05-19 07:26:00
1194,1194,Trespassing,Closed,2021-10-22 01:51:00
1195,1195,Disorderly Conduct,,2021-04-25 07:49:00
1196,1196,Harassment: Domestic Violence,Arrest,2021-03-30 21:26:00
1197,1197,Shoplifting,Judicial Referral,2021-05-30 23:01:00
1198,1198,Theft,unfounded,2021-03-01 09:40:00
1199,1199,Theft,Arrest,2021-03-13 14:38:00
1200,1200,Trespassing,Open Investigation,2021-09-20 06:19:00
1201,1201,Trespassing,Arrest,2021-12-16 14:47:00
1202,1202,Hindering Possession of Burglary Tools,Arrest,2021-07-13 16:01:00
1203,1203,Theft,Closed,2021-06-05 02:57:00
1204,1204,Harassment,Open Investigation,2020-12-08 00:49:00
1205,1205,Liquor Law Violation,Arrest,2021-03-01 11:45:00
1206,1206,Harassment,Open Investigation,2021-11-11 05:15:00
1207,1207,Harassment: Bias Incident,Arrest,2021-07-27 04:57:00
1208,1208,Trespassing,Open Investigation,2021-03-05 13:09:00
1209,1209,Theft,Open Investigation,2021-07-18 08:24:00
1210,1210,Criminal Mischief,unfounded,2021-03-13 11:54:00
1211,1211,Trespassing, Closed,2021-01-18 19:21:00
1212,1212,Trespassing, Arrest,2021-02-13 00:45:00
1213,1213,Theft,Unfounded,2021-10-17 12:15:00
1214,1214,Theft,Open Investigation,2021-11-07 10:30:00
1215,1215,Identity Theft,Open Investigation,2021-09-26 21:00:00
1216,1216,Burglary,Arrest,2020-12-25 16:31:00
1217,1217,Shoplifting,Closed,2021-06-09 01:32:00
1218,1218,Shoplifting,Closed,2021-08-23 23:11:00
1219,1219,Trespassing,Unfounded,2021-01-21 00:20:00
1220,1220,Service of Warrant,Arrest,2021-08-29 20:09:00
1221,1221,Trespassing,Arrest,2021-03-26 01:56:00
1222,1222,Identity Theft,,2020-11-22 11:32:00
1223,1223,Trespass,,2021-06-05 16:27:00
1224,1224,Trespassing,Unfounded,2021-09-19 20:27:00
1225,1225,Fraud,Open Investigation,2020-09-29 05:59:00
1226,1226,False Public Alarm,Closed,2021-06-06 05:11:00
1227,1227,Theft,Open Investigation,2021-01-03 03:04:00
1228,1228,False Public Alarm,Open Investigation,2021-11-19 03:00:00
1229,1229,Assault,Arrest,2021-07-02 15:59:00
1230,1230,Theft,Judicial Referral,2021-06-15 13:29:00
1231,1231,Trespass,Closed,2021-04-11 03:15:00
1232,1232,Trespassing,Closed,2021-01-16 22:35:00
1233,1233,Shoplifting,Closed,2020-12-22 15:15:00
1234,1234,Theft,Arrest,2020-11-30 12:06:00
1235,1235,Theft: Bias Incident,Closed,2021-02-11 09:58:00
1236,1236,Trespass,Open Investigation,2021-05-13 02:25:00
1237,1237,Harassment: Domestic Violence,Open Investigation,2021-03-10 12:38:00
1238,1238,Theft,Arrest,2021-02-06 22:14:00
1239,1239,Theft,Open Investigation,2021-03-14 03:02:00
1240,1240,Shoplifting,Arrest,2021-04-09 18:29:00
1241,1241,Criminal Mischief,Open Investigation,2021-09-25 11:49:00
1242,1242,Theft,Judicial Referral,2021-11-24 02:08:00
1243,1243,Theft,Open Investigation,2021-05-24 12:40:00
1244,1244,Disorderly Conduct,Closed,2021-04-03 07:35:00
1245,1245,Theft,Open Investigation,2021-08-04 02:08:00
1246,1246,Harassment,Open Investigation,2021-11-15 01:06:00
1247,1247,Shoplifting,Closed,2021-02-16 06:42:00
1248,1248,Trespassing,Open Investigation,2021-09-26 01:27:00
1249,1249,Trespass,Arrest,2021-09-14 20:51:00
1250,1250,Fraud,Unfounded,2021-03-16 14:52:00
1251,1251,Criminal Mischief, Arrest,2020-10-23 14:25:00
1252,1252,Trespass,Arrest,2021-11-01 09:18:00
1253,1253,Shoplifting,Open Investigation,2021-02-02 06:34:00
1254,1254,Harassment: Trespassing,Open Investigation,2021-03-27 04:54:00
1255,1255,Trespass,Open Investigation,2020-12-21 03:49:00
1256,1256,Theft,Open Investigation,2021-04-15 10:24:00
1257,1257,Theft,Arrest,2020-12-01 17:09:00
1258,1258,Trespassing,Open Investigation,2021-07-08 17:35:00
1259,1259,Shoplifting,Open Investigation,2021-06-14 09:35:00
1260,1260,Theft,Open Investigation,2020-11-06 16:12:00
1261,1261,Trespassing,Arrest,2021-03-09 11:04:00
1262,1262,Service of Warrant,Open Investigation,2020-11-08 21:05:00
1263,1263,Trespass,Judicial Referral,2021-04-17 09:59:00
1264,1264,Trespassing,Arrest,2021-03-05 16:32:00
1265,1265,Criminal Mischief,Unfounded,2021-01-23 11:42:00
1266,1266,Attempted Trespass 2, Arrest,2021-02-04 11:35:00
1267,1267,Criminal Mischief, Open Investigation,2021-08-25 07:01:00
1268,1268,Criminal Mischief,Open Investigation,2021-07-19 00:51:00
1269,1269,Assault,Unfounded,2021-08-20 00:00:00
1270,1270,Trespass,Arrest,2021-06-06 05:33:00
1271,1271,Possession of Burglary Tools 2,Judicial Referral,2020-12-21 17:38:00
1272,1272,Rape,Unfounded,2020-11-28 05:08:00
1273,1273,Stalking,Closed,2021-01-19 17:48:00
1274,1274,Theft,Open Investigation,2021-10-13 13:09:00
1275,1275,Trespassing,Open Investigation,2021-04-04 11:28:00
1276,1276,Harassment: Trespassing, Open Investigation,2021-09-06 07:57:00
1277,1277,Harassment,Open Investigation,2021-01-02 12:48:00
1278,1278,Theft,Open Investigation,2020-12-29 22:25:00
1279,1279,Criminal Mischief,,2020-12-31 05:15:00
1280,1280,Assault,Open Investigation,2021-09-27 07:42:00
1281,1281,Theft,Open Investigation,2021-11-09 16:16:00
1282,1282,Theft,Closed,2021-11-06 00:21:00
1283,1283,Trespass,Arrest,2021-05-17 22:34:00
1284,1284,Trespassing,Arrest,2020-12-04 05:19:00
1285,1285,Harassment: Bias Incident,Open Investigation,2021-03-18 09:59:00
1286,1286,Trespassing,Unfounded,2020-11-30 22:28:00
1287,1287,Theft, Arrest,2021-04-25 19:10:00
1288,1288,Theft,Closed,2021-03-04 12:16:00
1289,1289,Criminal Mischief,Open Investigation,2021-08-05 22:59:00
1290,1290,Fraud,Closed,2021-07-17 21:43:00
1291,1291,Harassment: Fraud,Open Investigation,2021-11-28 05:15:00
1292,1292,Shoplifting,Closed,2021-03-12 11:30:00
1293,1293,Attempted Fraud,Open Investigation,2021-02-14 05:39:00
1294,1294,Theft,Open Investigation,2021-11-17 16:13:00
1295,1295,Theft,Unfounded,2021-06-09 00:22:00
1296,1296,Theft,Open Investigation,2021-10-15 12:40:00
1297,1297,Theft,Arrest,2020-12-15 09:16:00
1298,1298,Trespass,Unfounded,2021-11-14 04:30:00
1299,1299,Theft,Open Investigation,2020-12-02 17:06:00
1300,1300,Harassment: Trespassing,Open Investigation,2021-07-04 03:46:00
1301,1301,Harassment,Open Investigation,2021-04-12 16:05:00
1302,1302,Attempted Fraud,unfounded,2021-07-29 20:33:00
1303,1303,Trespassing,Unfounded,2021-08-15 14:58:00
1304,1304,Harassment: Bias Incident,Arrest,2020-12-02 11:53:00
1305,1305,False Public Alarm,Open Investigation,2021-01-19 16:12:00
1306,1306,Theft,Unfounded,2021-04-19 22:11:00
1307,1307,Harassment: Fraud,Open Investigation,2020-11-19 16:38:00
1308,1308,Criminal Mischief,Judicial Referral,2021-10-02 11:00:00
1309,1309,Theft,Open Investigation,2021-03-06 22:28:00
1310,1310,Assault, Open Investigation,2021-09-25 16:26:00
1311,1311,Trespassing,Arrest,2021-02-18 12:12:00
1312,1312,Trespass,Open Investigation,2021-01-10 23:08:00
1313,1313,Trespassing,Judicial Referral,2021-11-07 19:59:00
1314,1314,Trespassing,Open Investigation,2021-07-09 18:12:00
1315,1315,Fraud,Arrest,2020-11-06 17:24:00
1316,1316,Theft,Open Investigation,2021-05-18 12:44:00
1317,1317,Theft,Open Investigation,2021-01-23 06:26:00
1318,1318,Theft,Open Investigation,2021-04-03 17:27:00
1319,1319,Fraud, Closed,2021-02-18 08:49:00
1320,1320,Shoplifting ,Unfounded,2021-01-03 20:00:00
1321,1321,Hindering Possession of Burglary Tools,Closed,2021-04-30 00:52:00
1322,1322,Criminal Mischief,Arrest,2020-10-16 21:28:00
1323,1323,Trespassing,Open Investigation,2021-05-09 05:46:00
1324,1324,Theft,Open Investigation,2021-05-22 08:22:00
1325,1325,Trespass,Closed,2021-07-16 22:51:00
1326,1326,Trespassing,Closed,2021-05-17 07:36:00
1327,1327,Burglary,Judicial Referral,2021-10-11 11:05:00
1328,1328,Attempted Fraud,Closed,2021-09-17 09:59:00
1329,1329,Criminal Mischief,Open Investigation,2021-04-12 17:33:00
1330,1330,Trespassing,Open Investigation,2021-05-26 11:26:00
1331,1331,Obstruction of Justice,Open Investigation,2021-07-07 07:49:00
1332,1332,Criminal Mischief,Open Investigation,2021-01-07 22:50:00
1333,1333,Terroristic Threats,Closed,2021-03-06 06:13:00
1334,1334,Shoplifting,Open Investigation,2021-01-31 09:00:00
1335,1335,Trespassing,Open Investigation,2021-04-06 21:09:00
1336,1336,Assault,Closed,2020-12-28 01:47:00
1337,1337,Attempted Theft,Unfounded,2021-01-06 17:07:00
1338,1338,Possession of Burglary Tools 2,Closed,2021-10-20 08:43:00
1339,1339,Attempted Extortion,Open Investigation,2021-09-29 10:43:00
1340,1340,Shoplifting,Open Investigation,2021-09-28 10:19:00
1341,1341,Harassment: Bias Incident,Open Investigation,2021-01-20 02:29:00
1342,1342,Harassment: Fraud,Unfounded,2021-07-06 04:22:00
1343,1343,Trespassing,Arrest,2021-02-01 16:29:00
1344,1344,Shoplifting,Open Investigation,2021-12-18 10:43:00
1345,1345,Aggravated Assault,Open Investigation,2020-12-03 13:24:00
1346,1346,Theft,Arrest,2020-11-19 05:29:00
1347,1347,Theft,Open Investigation,2021-10-25 14:11:00
1348,1348,Fraud,Closed,2021-02-01 13:33:00
1349,1349,Theft,Open Investigation,2021-04-14 02:58:00
1350,1350,Trespassing,Unfounded,2021-01-10 14:34:00
1351,1351,Trespassing, Arrest,2021-09-14 06:50:00
1352,1352,Trespassing,Open Investigation,2021-01-04 06:00:00
1353,1353,Trespassing,Unfounded,2020-09-25 06:49:00
1354,1354,Theft,,2021-06-27 16:21:00
1355,1355,Shoplifting ,Arrest,2020-11-18 10:25:00
1356,1356,Harassment,Open Investigation,2021-06-09 18:56:00
1357,1357,Criminal Mischief,Open Investigation,2021-01-14 02:16:00
1358,1358,Criminal Mischief,Open Investigation,2021-03-06 07:59:00
1359,1359,Trespass,Arrest,2020-10-10 07:34:00
1360,1360,Attempted Theft,Arrest,2021-05-29 19:22:00
1361,1361,Theft,Open Investigation,2020-12-18 17:23:00
1362,1362,Fraud, Arrest,2021-04-24 21:19:00
1363,1363,Trespassing,Arrest,2020-10-15 03:53:00
1364,1364,Harassment: Bias Incident,Judicial Referral,2021-03-17 16:23:00
1365,1365,Trespass,Closed,2021-02-26 11:11:00
1366,1366,Harassment, Arrest,2021-04-17 09:58:00
1367,1367,Theft,Open Investigation,2021-10-11 07:02:00
1368,1368,Trespass, Open Investigation,2021-04-04 15:24:00
1369,1369,Harassment,Open Investigation,2020-11-26 18:05:00
1370,1370,Harassment,Open Investigation,2020-12-27 15:30:00
1371,1371,Trespassing,Arrest,2020-10-28 02:07:00
1372,1372,Trespassing,Open Investigation,2021-10-14 00:28:00
1373,1373,Trespassing,Open Investigation,2021-10-02 05:19:00
1374,1374,Identity Theft,Unfounded,2021-05-05 23:02:00
1375,1375,Harassment: Fraud,Open Investigation,2021-10-16 18:59:00
1376,1376,Trespassing,Open Investigation,2021-04-17 10:19:00
1377,1377,Trespassing,Open Investigation,2021-04-07 06:02:00
1378,1378,Bias Intimidation,Open Investigation,2021-02-20 20:00:00
1379,1379,Theft,Open Investigation,2020-09-20 20:43:00
1380,1380,Shoplifting,Closed,2020-11-18 17:01:00
1381,1381,Trespassing,Open Investigation,2021-06-02 08:40:00
1382,1382,Fraud,Open Investigation,2021-07-13 07:59:00
1383,1383,Harassment: Fraud,Arrest,2021-03-16 20:08:00
1384,1384,Shoplifting,Open Investigation,2020-10-16 10:05:00
1385,1385,Criminal Mischief,Open Investigation,2020-12-22 19:42:00
1386,1386,Theft,Open Investigation,2021-01-14 06:57:00
1387,1387,Shoplifting,Open Investigation,2021-05-26 18:39:00
1388,1388,Burglary,Arrest,2020-11-12 22:32:00
1389,1389,Fraud,Arrest,2020-12-16 09:00:00
1390,1390,Trespassing, Closed,2021-09-04 03:29:00
1391,1391,Assault,Arrest,2021-05-06 02:09:00
1392,1392,Fraud,Open Investigation,2021-05-13 14:50:00
1393,1393,Attempted Theft,,2021-10-17 22:48:00
1394,1394,Possession of Burglary Tools 2,Closed,2020-10-22 12:00:00
1395,1395,Criminal Mischief,Open Investigation,2021-09-05 00:49:00
1396,1396,Theft,Open Investigation,2021-03-16 18:26:00
1397,1397,Hindering Possession of Burglary Tools,Open Investigation,2021-03-22 02:54:00
1398,1398,Shoplifting,Closed,2021-01-06 19:54:00
1399,1399,Fraud,Arrest,2020-11-30 00:32:00
1400,1400,Theft,Open Investigation,2021-05-09 17:58:00
1401,1401,Assault: Domestic Violence,Open Investigation,2021-10-07 22:57:00
1402,1402,Theft,Open Investigation,2021-08-16 17:47:00
1403,1403,Trespass,Unfounded,2020-10-08 06:13:00
1404,1404,Rape,Open Investigation,2021-02-03 20:55:00
1405,1405,Theft, Open Investigation,2021-07-06 04:32:00
1406,1406,Criminal Mischief,Closed,2021-01-28 16:26:00
1407,1407,Harassment,Open Investigation,2021-02-21 11:25:00
1408,1408,Criminal Mischief,,2021-02-23 03:41:00
1409,1409,Harassment,Open Investigation,2021-04-04 02:32:00
1410,1410,Attempted Fraud, Arrest,2021-02-24 01:54:00
1411,1411,Theft,Open Investigation,2021-07-12 15:03:00
1412,1412,Shoplifting,Open Investigation,2021-06-13 20:51:00
1413,1413,Theft,Open Investigation,2020-10-09 05:09:00
1414,1414,Theft,Judicial Referral,2021-09-14 11:05:00
1415,1415,Trespass,Open Investigation,2021-06-22 05:34:00
1416,1416,Theft,Open Investigation,2020-10-27 03:59:00
1417,1417,Harassment: Domestic Violence,Open Investigation,2021-01-16 10:15:00
1418,1418,Liquor Law Violation,Open Investigation,2021-10-04 16:35:00
1419,1419,Defiant Trespass,Open Investigation,2021-01-23 09:21:00
1420,1420,Theft,Arrest,2021-01-29 21:03:00
1421,1421,Bias Intimidation, Arrest,2021-03-08 03:28:00
1422,1422,False Public Alarm,Open Investigation,2020-11-09 14:17:00
1423,1423,Terroristic Threats,Closed,2021-04-08 12:46:00
1424,1424,Attempted Extortion,Open Investigation,2021-02-08 01:02:00
1425,1425,Trespassing,Open Investigation,2021-10-20 21:48:00
1426,1426,Theft,Arrest,2020-09-05 19:57:00
1427,1427,Criminal Mischief,Arrest,2021-06-01 21:34:00
1428,1428,Stalking,Unfounded,2021-05-14 01:55:00
1429,1429,Shoplifting,Arrest,2021-01-03 14:31:00
1430,1430,Intimidation,Unfounded,2021-10-23 10:45:00
1431,1431,Fraud,Open Investigation,2020-12-06 08:51:00
1432,1432,False Public Alarm,Closed,2021-07-26 19:03:00
1433,1433,Theft,Open Investigation,2021-01-27 19:26:00
1434,1434,Shoplifting ,Closed,2021-07-08 09:31:00
1435,1435,Fraud,Closed,2021-11-04 23:05:00
1436,1436,Trespassing,Open Investigation,2021-11-24 03:28:00
1437,1437,Service of Warrant,Unfounded,2021-06-28 15:29:00
1438,1438,Shoplifting ,Open Investigation,2021-05-07 21:42:00
1439,1439,Theft,Open Investigation,2021-03-08 00:35:00
1440,1440,Theft,Open Investigation,2021-09-29 10:14:00
1441,1441,Theft,Open Investigation,2021-08-19 19:52:00
1442,1442,Trespass,Closed,2021-08-14 19:33:00
1443,1443,Criminal Mischief,Open Investigation,2021-11-09 03:45:00
1444,1444,Fraud,Open Investigation,2021-01-27 10:25:00
1445,1445,Harassment,Open Investigation,2021-07-21 11:15:00
1446,1446,Theft,Unfounded,2020-11-14 04:19:00
1447,1447,Harassment: Domestic Violence,Open Investigation,2021-05-29 03:01:00
1448,1448,Liquor Law Violation,Closed,2021-01-17 07:46:00
1449,1449,Trespassing,Unfounded,2021-06-06 23:34:00
1450,1450,Theft,Judicial Referral,2021-12-21 05:24:00
1451,1451,Shoplifting,Closed,2020-11-04 04:53:00
1452,1452,Fraud,Open Investigation,2020-08-25 17:31:00
1453,1453,Attempted Extortion,Open Investigation,2021-01-07 16:15:00
1454,1454,Shoplifting,,2021-06-20 10:00:00
1455,1455,Theft,Open Investigation,2020-12-14 02:18:00
1456,1456,Harassment: Bias Incident,Closed,2021-08-12 00:16:00
1457,1457,Criminal Mischief,Open Investigation,2021-12-08 17:49:00
1458,1458,Assault,Open Investigation,2020-11-24 22:49:00
1459,1459,Harassment,Open Investigation,2021-02-09 10:28:00
1460,1460,Possession of Burglary Tools 2,Open Investigation,2020-11-10 18:10:00
1461,1461,Aggravated Assault,Open Investigation,2020-11-17 08:02:00
1462,1462,Theft,Arrest,2021-02-18 19:14:00
1463,1463,Fraud,Open Investigation,2020-12-04 22:31:00
1464,1464,Defiant Trespass,Closed,2021-04-22 20:19:00
1465,1465,Rape,Open Investigation,2021-05-07 02:36:00
1466,1466,Trespassing,Open Investigation,2021-03-02 13:15:00
1467,1467,Theft,Closed,2021-09-01 09:57:00
1468,1468,Trespass,Unfounded,2021-02-25 23:06:00
1469,1469,Harassment,Arrest,2020-10-14 19:50:00
1470,1470,Theft,Open Investigation,2021-11-22 13:59:00
1471,1471,Trespass,Arrest,2020-10-25 20:46:00
1472,1472,Harassment,Open Investigation,2021-05-22 22:52:00
1473,1473,Trespassing,Open Investigation,2021-08-19 23:03:00
1474,1474,Criminal Mischief,Open Investigation,2021-07-12 13:15:00
1475,1475,Theft,Open Investigation,2021-02-04 08:55:00
1476,1476,Theft,Open Investigation,2021-08-24 09:56:00
1477,1477,Trespassing,Arrest,2020-11-10 00:06:00
1478,1478,Theft: Bias Incident,Open Investigation,2020-11-22 16:39:00
1479,1479,Trespassing,Open Investigation,2021-02-26 23:01:00
1480,1480,Extortion,Open Investigation,2021-01-09 02:42:00
1481,1481,Attempted Trespass 2,Open Investigation,2021-05-16 10:35:00
1482,1482,Shoplifting,Unfounded,2021-09-01 02:18:00
1483,1483,Shoplifting,Open Investigation,2020-09-14 08:11:00
1484,1484,Liquor Law Violation,Open Investigation,2021-11-20 10:01:00
1485,1485,Burglary,Open Investigation,2020-10-11 10:46:00
1486,1486,Trespassing,Unfounded,2020-12-04 18:24:00
1487,1487,Criminal Mischief,Arrest,2021-01-05 22:59:00
1488,1488,Theft,Open Investigation,2021-05-03 23:07:00
1489,1489,Theft,Arrest,2021-03-12 12:58:00
1490,1490,Shoplifting,Arrest,2020-10-24 16:03:00
1491,1491,Terroristic Threats,Open Investigation,2020-12-21 12:27:00
1492,1492,Trespass,Arrest,2020-12-09 04:29:00
1493,1493,Shoplifting ,Open Investigation,2020-12-04 08:54:00
1494,1494,Trespass,Open Investigation,2021-05-30 00:55:00
1495,1495,Trespassing,Arrest,2021-04-10 11:14:00
1496,1496,Criminal Mischief,Unfounded,2021-01-16 23:21:00
1497,1497,Assault,Arrest,2020-11-03 08:39:00
1498,1498,Theft,Open Investigation,2021-11-01 15:02:00
1499,1499,Trespassing,Arrest,2021-03-19 15:59:00
1500,1500,Theft,Open Investigation,2021-10-21 17:26:00
1501,1501,Assault,Unfounded,2021-02-18 15:21:00
1502,1502,Trespassing, Closed,2021-03-09 13:16:00
1503,1503,Harassment,Open Investigation,2020-09-29 02:11:00
1504,1504,Theft,Arrest,2020-11-23 11:21:00
1505,1505,Trespassing,Open Investigation,2021-06-19 05:21:00
1506,1506,Theft,Open Investigation,2021-05-05 07:57:00
1507,1507,Assault,Open Investigation,2021-04-04 18:20:00
1508,1508,False Public Alarm,Open Investigation,2020-12-13 23:45:00
1509,1509,Assault: Domestic Violence,Open Investigation,2021-10-17 00:01:00
1510,1510,Assault: Domestic Violence,Open Investigation,2020-11-04 17:28:00
1511,1511,Trespassing,Open Investigation,2021-01-30 18:33:00
1512,1512,Disorderly Conduct,Open Investigation,2021-01-20 11:09:00
1513,1513,Theft,Unfounded,2021-10-16 07:07:00
1514,1514,Trespass, Open Investigation,2021-09-27 10:23:00
1515,1515,Trespass,Open Investigation,2021-11-02 03:41:00
1516,1516,Shoplifting, Arrest,2021-04-29 10:58:00
1517,1517,Theft,Open Investigation,2021-05-19 03:48:00
1518,1518,Harassment,Arrest,2021-03-22 01:06:00
1519,1519,Criminal Mischief,Arrest,2021-08-23 18:07:00
1520,1520,Harassment,Open Investigation,2021-03-02 09:44:00
1521,1521,Trespassing,Open Investigation,2021-10-16 17:28:00
1522,1522,False Public Alarm,unfounded,2021-02-19 23:14:00
1523,1523,Assault,Arrest,2020-12-21 11:26:00
1524,1524,Shoplifting ,Closed,2020-09-16 09:54:00
1525,1525,Theft,Open Investigation,2020-10-21 04:05:00
1526,1526,False Public Alarm,Closed,2021-09-02 16:05:00
1527,1527,Theft,Arrest,2021-04-04 14:05:00
1528,1528,Shoplifting,Unfounded,2021-09-27 14:22:00
1529,1529,Trespassing,Open Investigation,2021-07-23 17:34:00
1530,1530,Trespassing,Open Investigation,2021-05-04 17:58:00
1531,1531,Assault: Domestic Violence,Closed,2021-06-19 08:13:00
1532,1532,Shoplifting,Arrest,2021-09-15 01:02:00
1533,1533,Rape,Closed,2021-03-03 09:44:00
1534,1534,Theft,Open Investigation,2021-09-18 11:51:00
1535,1535,Theft,Closed,2021-10-26 06:55:00
1536,1536,Theft,Unfounded,2021-11-10 17:41:00
1537,1537,Disorderly Conduct,Open Investigation,2020-08-21 22:35:00
1538,1538,Criminal Mischief,Open Investigation,2021-08-25 09:36:00
1539,1539,Theft,Open Investigation,2020-10-22 01:40:00
1540,1540,Theft,Open Investigation,2021-06-30 07:33:00
1541,1541,Defiant Trespass,Open Investigation,2021-12-05 08:04:00
1542,1542,Harassment,Open Investigation,2020-11-19 20:20:00
1543,1543,Extortion,Open Investigation,2021-01-31 19:02:00
1544,1544,Theft,Open Investigation,2021-02-16 05:12:00
1545,1545,Theft, Open Investigation,2021-03-14 14:52:00
1546,1546,Trespassing,,2021-10-20 00:13:00
1547,1547,Theft,Open Investigation,2021-01-25 02:33:00
1548,1548,Trespassing,Open Investigation,2021-03-27 05:50:00
1549,1549,Harassment,Arrest,2021-10-21 04:21:00
1550,1550,Harassment,Open Investigation,2020-12-06 00:42:00
1551,1551,False Public Alarm,Closed,2021-07-09 23:07:00
1552,1552,Shoplifting ,Unfounded,2021-01-15 07:15:00
1553,1553,Criminal Mischief,Judicial Referral,2021-03-19 12:25:00
1554,1554,Theft,Open Investigation,2021-03-26 01:03:00
1555,1555,Trespassing,Unfounded,2021-04-12 09:37:00
1556,1556,Trespass,Open Investigation,2021-05-25 15:13:00
1557,1557,Theft,Open Investigation,2021-10-29 02:19:00
1558,1558,Assault,Open Investigation,2021-04-08 11:38:00
1559,1559,Fraud,Arrest,2021-09-04 01:31:00
1560,1560,Theft,Open Investigation,2021-08-19 08:41:00
1561,1561,Harassment, Arrest,2021-05-30 08:05:00
1562,1562,Trespass,unfounded,2021-01-01 12:57:00
1563,1563,Harassment: Bias Incident,Open Investigation,2021-02-24 08:38:00
1564,1564,Trespassing,,2021-11-16 22:41:00
1565,1565,Trespass,Open Investigation,2021-03-03 20:11:00
1566,1566,Attempted Trespass 2,Open Investigation,2020-11-29 03:44:00
1567,1567,Theft,Open Investigation,2021-04-10 21:50:00
1568,1568,Theft,Open Investigation,2021-04-25 16:39:00
1569,1569,Liquor Law Violation,Open Investigation,2020-09-27 10:09:00
1570,1570,Harassment: Domestic Violence,Open Investigation,2020-10-30 00:37:00
1571,1571,Theft,Open Investigation,2021-05-13 16:26:00
1572,1572,Rape,Open Investigation,2020-11-26 05:47:00
1573,1573,Criminal Mischief,Closed,2021-01-14 14:41:00
1574,1574,Theft,Open Investigation,2021-03-02 10:16:00
1575,1575,Theft,Open Investigation,2021-03-19 02:18:00
1576,1576,Shoplifting ,Open Investigation,2021-04-06 02:29:00
1577,1577,Harassment: Bias Incident,Open Investigation,2021-01-26 05:04:00
1578,1578,Fraud,Open Investigation,2021-01-17 19:12:00
1579,1579,Theft,Arrest,2020-10-10 06:03:00
1580,1580,Attempted Fraud, Closed,2020-11-21 10:19:00
1581,1581,Liquor Law Violation,Arrest,2021-02-10 14:01:00
1582,1582,Assault,Open Investigation,2021-07-14 09:16:00
1583,1583,Shoplifting,Open Investigation,2021-07-13 23:32:00
1584,1584,Burglary,Open Investigation,2021-05-22 01:21:00
1585,1585,Shoplifting ,Open Investigation,2021-01-30 18:09:00
1586,1586,Shoplifting,Arrest,2021-04-08 13:32:00
1587,1587,Theft,Open Investigation,2021-10-11 22:38:00
1588,1588,Lewdness,Open Investigation,2021-04-07 12:36:00
1589,1589,Rape,Open Investigation,2020-12-22 02:54:00
1590,1590,Theft,Closed,2020-12-06 01:38:00
1591,1591,Theft,Open Investigation,2021-09-24 23:33:00
1592,1592,Assault: Domestic Violence,Open Investigation,2021-04-13 18:44:00
1593,1593,Attempted Extortion,Judicial Referral,2021-10-26 12:28:00
1594,1594,Disorderly Conduct,Unfounded,2020-10-05 01:48:00
1595,1595,Harassment,Judicial Referral,2021-07-21 05:48:00
1596,1596,Identity Theft, Closed,2020-10-28 03:59:00
1597,1597,Theft,Unfounded,2021-01-09 15:42:00
1598,1598,Intimidation,Open Investigation,2021-04-14 10:48:00
1599,1599,False Public Alarm,Closed,2021-11-19 02:31:00
1600,1600,Trespassing,unfounded,2021-11-29 20:12:00
1601,1601,Trespassing,Arrest,2021-02-04 12:02:00
1602,1602,Defiant Trespass,Closed,2021-09-18 17:52:00
1603,1603,Fraud,Judicial Referral,2021-04-28 07:41:00
1604,1604,Theft,Open Investigation,2021-05-30 06:43:00
1605,1605,Shoplifting,Open Investigation,2021-01-25 19:42:00
1606,1606,Theft,Open Investigation,2021-03-12 12:10:00
1607,1607,Theft,Open Investigation,2020-11-26 13:07:00
1608,1608,Shoplifting,Open Investigation,2021-07-26 17:12:00
1609,1609,Theft,Open Investigation,2020-11-10 00:52:00
1610,1610,Burglary,Open Investigation,2021-08-11 08:29:00
1611,1611,Attempted Fraud,Arrest,2021-05-09 22:51:00
1612,1612,Attempted Theft,Open Investigation,2021-04-24 10:11:00
1613,1613,Disorderly Conduct,Open Investigation,2021-08-20 21:35:00
1614,1614,Criminal Mischief,Open Investigation,2020-10-14 19:16:00
1615,1615,Lewdness,Open Investigation,2021-09-09 20:19:00
1616,1616,Trespassing,Open Investigation,2021-04-25 05:17:00
1617,1617,Shoplifting,Open Investigation,2021-03-12 23:47:00
1618,1618,Disorderly Conduct,Open Investigation,2020-12-11 22:04:00
1619,1619,Criminal Mischief,Arrest,2021-08-01 07:34:00
1620,1620,Criminal Mischief,Open Investigation,2021-01-31 01:57:00
1621,1621,Fraud,Open Investigation,2021-05-06 02:32:00
1622,1622,Fraud,Closed,2021-05-18 11:06:00
1623,1623,Trespassing,Closed,2021-07-31 11:28:00
1624,1624,Theft,Open Investigation,2021-06-03 18:54:00
1625,1625,Criminal Mischief,Open Investigation,2020-11-15 15:29:00
1626,1626,Fraud,Unfounded,2021-02-17 10:53:00
1627,1627,Stalking,Closed,2021-05-25 00:09:00
1628,1628,Harassment: Domestic Violence,Open Investigation,2021-07-12 08:32:00
1629,1629,Fraud,Open Investigation,2021-07-20 11:43:00
1630,1630,Theft,Open Investigation,2020-11-01 01:13:00
1631,1631,Defiant Trespass: Aggravated Assault,Open Investigation,2021-07-19 00:11:00
1632,1632,Harassment,Open Investigation,2020-11-26 19:27:00
1633,1633,Extortion,Closed,2021-08-05 01:16:00
1634,1634,Harassment,Open Investigation,2021-01-29 18:42:00
1635,1635,Theft,Open Investigation,2020-12-30 16:32:00
1636,1636,Shoplifting,Open Investigation,2021-06-11 14:35:00
1637,1637,Fraud,Open Investigation,2021-02-01 03:20:00
1638,1638,Trespassing,Open Investigation,2021-03-12 15:40:00
1639,1639,Theft,Open Investigation,2021-06-14 05:23:00
1640,1640,Theft,Open Investigation,2021-01-02 21:36:00
1641,1641,Theft,Open Investigation,2021-02-20 16:26:00
1642,1642,Trespass,Open Investigation,2020-10-02 22:23:00
1643,1643,False Public Alarm,Arrest,2020-11-06 23:12:00
1644,1644,Harassment: Bias Incident,Arrest,2020-12-05 00:22:00
1645,1645,Shoplifting,Open Investigation,2020-10-21 03:29:00
1646,1646,Theft,Open Investigation,2021-02-01 09:10:00
1647,1647,Theft,Unfounded,2020-11-13 18:11:00
1648,1648,Burglary,unfounded,2021-04-15 13:59:00
1649,1649,Hindering Possession of Burglary Tools,Open Investigation,2021-01-02 13:01:00
1650,1650,Criminal Mischief,Open Investigation,2021-08-12 02:14:00
1651,1651,Trespassing,Open Investigation,2021-05-25 04:35:00
1652,1652,Shoplifting,Unfounded,2020-11-19 17:23:00
1653,1653,Criminal Mischief,Open Investigation,2020-12-14 17:51:00
1654,1654,Theft,Open Investigation,2021-08-25 18:28:00
1655,1655,Trespassing,Open Investigation,2020-11-10 04:21:00
1656,1656,Trespass,Unfounded,2021-07-30 02:09:00
1657,1657,Harassment: Trespassing,Unfounded,2021-09-05 22:20:00
1658,1658,Fraud,Closed,2021-01-20 09:53:00
1659,1659,Defiant Trespass: Aggravated Assault,Open Investigation,2021-03-19 12:08:00
1660,1660,Identity Theft,Arrest,2021-06-21 11:54:00
1661,1661,Theft, Open Investigation,2021-07-10 15:39:00
1662,1662,Fraud,Arrest,2021-03-23 22:56:00
1663,1663,Theft,Closed,2021-08-23 12:50:00
1664,1664,Shoplifting,Arrest,2021-08-13 10:28:00
1665,1665,Fraud,Open Investigation,2021-01-02 21:16:00
1666,1666,Aggravated Assault,Open Investigation,2021-08-07 23:28:00
1667,1667,Attempted Extortion,Unfounded,2020-12-16 11:41:00
1668,1668,Attempted Trespass 2,Open Investigation,2021-03-10 11:25:00
1669,1669,Defiant Trespass,Open Investigation,2021-11-14 05:14:00
1670,1670,Fraud,Open Investigation,2021-02-23 18:20:00
1671,1671,Stalking,Unfounded,2021-10-10 01:15:00
1672,1672,Harassment,Arrest,2021-03-19 18:20:00
1673,1673,Trespass,Open Investigation,2021-03-04 20:40:00
1674,1674,Attempted Fraud,Open Investigation,2021-09-11 14:23:00
1675,1675,Criminal Mischief,Open Investigation,2021-01-18 19:37:00
1676,1676,Theft,Arrest,2021-01-23 05:50:00
1677,1677,Harassment,Open Investigation,2021-08-11 05:34:00
1678,1678,Possession of Burglary Tools 2,Arrest,2021-03-28 07:01:00
1679,1679,Shoplifting ,,2021-08-22 11:09:00
1680,1680,Theft,Open Investigation,2021-04-28 06:58:00
1681,1681,Trespassing,Open Investigation,2021-02-23 21:10:00
1682,1682,Theft,Open Investigation,2021-07-17 20:51:00
1683,1683,Assault,Open Investigation,2021-01-10 02:42:00
1684,1684,Criminal Mischief,Open Investigation,2021-01-08 19:11:00
1685,1685,Criminal Mischief,Unfounded,2021-08-09 23:04:00
1686,1686,Trespassing,Open Investigation,2021-06-18 18:58:00
1687,1687,Trespassing,Open Investigation,2021-06-06 06:19:00
1688,1688,Lewdness,Open Investigation,2021-09-17 13:54:00
1689,1689,Trespass,Open Investigation,2021-02-14 13:18:00
1690,1690,Aggravated Assault,Judicial Referral,2021-08-25 13:53:00
1691,1691,Harassment: Trespassing,Open Investigation,2021-11-04 07:37:00
1692,1692,Fraud, Arrest,2021-04-08 07:16:00
1693,1693,Harassment,Open Investigation,2021-06-25 20:39:00
1694,1694,Attempted Extortion,Arrest,2021-11-17 03:48:00
1695,1695,Service of Warrant,Unfounded,2021-05-02 06:43:00
1696,1696,Trespassing,Judicial Referral,2021-09-09 04:07:00
1697,1697,Theft,Open Investigation,2021-01-29 15:38:00
1698,1698,Trespass,Unfounded,2021-07-03 18:43:00
1699,1699,Disorderly Conduct,Open Investigation,2021-04-15 10:26:00
1700,1700,Trespass,Closed,2021-09-15 19:14:00
1701,1701,Stalking,Open Investigation,2021-06-17 18:52:00
1702,1702,Attempted Theft,Arrest,2021-01-21 14:46:00
1703,1703,Extortion,unfounded,2021-03-22 00:32:00
1704,1704,Criminal Mischief,Open Investigation,2020-11-25 20:23:00
1705,1705,Trespassing,Arrest,2020-12-08 22:50:00
1706,1706,Shoplifting,Closed,2020-11-28 06:56:00
1707,1707,Fraud,Open Investigation,2020-11-27 08:20:00
1708,1708,Theft,Arrest,2021-03-03 03:30:00
1709,1709,Trespass,Arrest,2021-04-21 08:02:00
1710,1710,Shoplifting,Open Investigation,2021-09-02 10:17:00
1711,1711,Harassment: Stalking,Open Investigation,2021-05-19 01:12:00
1712,1712,Rape,Open Investigation,2021-01-04 20:25:00
1713,1713,Harassment,Open Investigation,2021-08-28 19:30:00
1714,1714,Trespassing,Open Investigation,2021-02-07 19:25:00
1715,1715,Shoplifting,Arrest,2021-08-06 23:36:00
1716,1716,Shoplifting,Open Investigation,2020-10-27 15:58:00
1717,1717,Shoplifting,Open Investigation,2021-05-21 14:26:00
1718,1718,Theft,Open Investigation,2020-12-25 14:27:00
1719,1719,Possession of Burglary Tools 2,Judicial Referral,2020-10-20 12:17:00
1720,1720,Theft: Criminal Mischief,Open Investigation,2021-01-14 12:38:00
1721,1721,Criminal Mischief,Open Investigation,2021-08-23 07:32:00
1722,1722,Harassment,Open Investigation,2020-12-28 01:48:00
1723,1723,Defiant Trespass,Unfounded,2021-10-18 23:47:00
1724,1724,Trespass,Open Investigation,2020-12-15 10:38:00
1725,1725,Theft,Open Investigation,2021-03-10 08:17:00
1726,1726,Assault,Open Investigation,2021-07-24 09:23:00
1727,1727,Trespass,Open Investigation,2021-06-30 08:48:00
1728,1728,Assault,Open Investigation,2021-08-21 17:56:00
1729,1729,Shoplifting,Open Investigation,2020-12-16 21:02:00
1730,1730,Liquor Law Violation,Arrest,2021-07-23 04:07:00
1731,1731,Theft: Criminal Mischief,Open Investigation,2021-07-21 12:43:00
1732,1732,Burglary,Unfounded,2020-09-20 21:54:00
1733,1733,Trespassing,Closed,2021-01-27 14:17:00
1734,1734,Theft,Judicial Referral,2021-03-17 09:00:00
1735,1735,Trespassing,Open Investigation,2021-08-23 05:32:00
1736,1736,False Public Alarm,Unfounded,2021-05-16 22:23:00
1737,1737,Theft,Open Investigation,2021-04-21 21:37:00
1738,1738,Terroristic Threats,Open Investigation,2020-12-14 10:03:00
1739,1739,Shoplifting ,Open Investigation,2021-02-14 05:17:00
1740,1740,Trespassing,Open Investigation,2021-06-30 08:57:00
1741,1741,Harassment,Open Investigation,2021-06-10 12:37:00
1742,1742,Criminal Mischief,Open Investigation,2021-04-02 01:27:00
1743,1743,Theft,Open Investigation,2021-03-31 01:41:00
1744,1744,False Public Alarm,Open Investigation,2021-03-22 17:02:00
1745,1745,Hindering Possession of Burglary Tools,Open Investigation,2021-08-12 08:41:00
1746,1746,Criminal Mischief,Open Investigation,2021-04-08 09:16:00
1747,1747,Fraud,Open Investigation,2021-04-15 23:10:00
1748,1748,Shoplifting ,Unfounded,2021-05-11 21:20:00
1749,1749,Shoplifting,Open Investigation,2021-02-18 09:47:00
1750,1750,Theft,Judicial Referral,2021-05-09 09:22:00
1751,1751,Theft,Open Investigation,2021-09-13 17:46:00
1752,1752,Shoplifting,Judicial Referral,2021-02-05 10:35:00
1753,1753,Harassment: Trespassing,Arrest,2021-05-27 17:57:00
1754,1754,Theft,Open Investigation,2021-04-30 19:07:00
1755,1755,False Public Alarm,Open Investigation,2021-01-24 14:45:00
1756,1756,Harassment: Trespassing,Open Investigation,2021-03-18 18:07:00
