Classification,Case Number,Date,Time,Occurred Earliest,Time_Cleaned,Occurred Latest,General Location,Disposition
Theft,22-1858-OF,10/28/2022,7:07,10/18/2022 15:00,10/18/2022 15:00,10/19/2022 04:50,Guyot Hall,Unfounded
Fraud,22-1859-OF,10/28/2022,12:13,10/12/22 15:30,12/10/2022 15:30,10/28/2022 12:13,Class of 1903 Hall,Open Investigation
Harassment,22-1860-OF,10/28/2022,11:29,10/27/2022 14:40,10/27/2022 14:40,10/27/2022 14:40,Parking Lot 23,Open Investigation
Theft,22-1862-OF,10/28/2022,16:06,10/28/2022 12:00,10/28/2022 12:00,10/28/2022 13:30,Jadwin Hall,Unfounded
Criminal Mischief,22-1876-OF,10/29/2022,7:29,10/28/2022 13:00,10/28/2022 13:00,10/29/2022 06:30,Pyne Hall,Open Investigation
Criminal Mischief,22-1877-OF,10/29/2022,11:26,10/28/2022 15:30,10/28/2022 15:30,10/29/2022 11:25,Forbes Annex,Open Investigation
Theft,22-1883-OF,10/29/2022,16:28,10/29/2022 13:00,10/29/2022 13:00,10/29/2022 16:00,Princeton Stadium,Open Investigation
Criminal Mischief,22-1920-OF,10/31/2022,16:07,10/26/2022 19:10,10/26/2022 19:10,10/26/2022 20:37,Fine Hall,Open Investigation
Assault,22-1926-OF,10/31/2022,22:49,10/31/2022 21:30,10/31/2022 21:30,10/31/2022 21:30,Frist Campus Center,Open Investigation
Shoplifting,22-1928-OF,11/1/22,9:34,11/1/22 9:16,1/11/2022 9:16,11/1/22 9:30,University Store,Open Investigation
Fraud,22-1929-OF,11/1/22,16:21,10/31/2022 21:08,10/31/2022 21:08,10/31/2022 23:00,Thomas Laboratory,Open Investigation
Attempted Fraud,22-1940-OF,11/2/22,16:07,10/31/2022 21:07,10/31/2022 21:07,10/31/2022 21:07,McCosh Infirmary,Open Investigation
Theft,22-1943-OF,11/2/22,17:50,11/2/22 12:00,2/11/2022 12:00,11/2/22 17:00,Buyers Hall,Open Investigation
Theft,22-1946-OF,11/3/22,9:29,11/2/22 21:00,2/11/2022 21:00,11/2/22 22:30,Bloomberg Hall,Open Investigation
Theft,22-1948-OF,11/3/22,12:26,10/28/2022 08:30,10/28/2022 08:30,10/31/2022 17:00,McCosh Infirmary,Open Investigation
Theft,22-1951-OF,11/4/22,0:29,11/3/22 0:01,3/11/2022 0:01,11/3/22 7:00,Henry Hall ,Open Investigation
Theft: Criminal Mischief,22-1962-OF,11/5/22,9:41,11/2/22 20:30,2/11/2022 20:30,11/5/22 9:15,Lawrence Apartments,Open Investigation
Attempted Extortion,22-1967-OF,11/5/22,16:34,11/5/22 11:30,5/11/2022 11:30,11/5/22 11:30,Elm Drive,Open Investigation
Criminal Mischief,22-1972-OF,11/5/22,21:46,11/5/22 21:46,5/11/2022 21:46,11/5/22 21:46,Brown Hall,Open Investigation
Theft,22-1981-OF,11/7/22,13:18,11/4/22 15:00,4/11/2022 15:00,11/6/22 20:00,Little Hall,Open Investigation
Theft,22-1982-OF,11/7/22,13:20,11/1/22 19:00,1/11/2022 19:00,11/7/22 13:20,Firestone Library,Open Investigation
Theft: Criminal Mischief,22-1985-OF,11/7/22,18:03,10/30/2022 01:00,10/30/2022 01:00,11/5/22 13:00,Lawrence Apartments,Open Investigation
Criminal Mischief,22-1991-OF,11/8/22,5:56,11/8/22 5:56,8/11/2022 5:56,11/8/22 5:56,Architecture Building,Open Investigation
Trespassing,22-1992-OF,11/8/22,9:51,11/8/22 9:30,8/11/2022 9:30,11/8/22 9:30,Henry Hall,Open Investigation
Theft,22-2000-OF,11/9/22,14:31,11/6/22 12:15,6/11/2022 12:15,11/6/22 14:30,Shea Rowing Center,Open Investigation
Harassment,22-2003-OF,11/10/22,2:40,11/10/22 2:35,10/11/2022 2:35,11/10/22 2:53,Walker Hall,Open Investigation
Criminal Mischief,22-2004-OF,11/10/22,8:57,11/10/22 0:22,10/11/2022 0:22,11/10/22 8:52,Wawa ,Open Investigation
Criminal Mischief,22-2005-OF,11/10/22,9:10,11/9/22 14:00,9/11/2022 14:00,11/10/22 10:30,Fu Hall ,Open Investigation
Criminal Mischief,22-2017-OF,11/11/22,2:15,11/11/22 2:15,11/11/2022 2:15,11/11/22 2:15,Scudders Plaza,Open Investigation
Shoplifting,22-51-AR,11/11/22,8:48,11/11/22 10:02,11/11/2022 10:02,11/11/22 10:02,University Store ,Arrest
Harassment,22-2021-OF,11/11/22,14:10,11/2/22 12:00,2/11/2022 12:00,11/2/22 12:10,Center for Jewish Life,Open Investigation
Theft: Criminal Mischief,22-2032-OF,11/12/22,11:25,11/11/22 20:51,11/11/2022 20:51,11/12/22 7:40,Holder Hall,Open Investigation
Theft,22-2036-OF,11/13/2022,21:37,11/12/22 21:40,12/11/2022 21:40,11/13/2022 00:10,Old Graduate College,Open Investigation
Harassment,22-2043-OF,11/14/2022,18:41,11/14/2022 18:30,11/14/2022 18:30,11/14/2022 19:30,Yeh College Open ,Open Investigation
Harassment,22-2047-OF,11/15/2022,9:41,02/20/2020 11:30,02/20/2020 11:30,11/15/2022 08:43,Neuro Psychology Building,Open Investigation
Shoplifting,22-2048-OF,11/15/2022,10:55,11/1/22 20:52,1/11/2022 20:52,11/12/22 17:55,University Store Open In,Open Investigation
Shoplifting,22-2049-OF,11/15/2022,10:36,11/14/2022 09:17,11/14/2022 09:17,11/14/2022 09:17,University Store Open In,Open Investigation
Stalking,22-2059-OF,11/16/2022,15:18,9/8/22 0:01,9/8/2022 0:01,11/2/22 23:59,Main Campus ,Closed
Harassment,22-2061-OF,11/16/2022,22:11,11/16/2022 19:45,11/16/2022 19:45,11/16/2022 19:46,Center for Jewish Life,Open Investigation
Harassment,22-2066-OF,11/17/2022,10:51,2/2/22 8:00,2/2/2022 8:00,10/23/2022 08:00,West Windsor Fields,Open Investigation
Theft,22-2068-OF,11/17/2022,20:31,11/17/2022 12:41,11/17/2022 12:41,11/17/2022 18:55,New Grad College ,Open Investigation
Theft: Bias Incident,22-2074-OF,11/18/2022,11:10,11/17/2022 12:50,11/17/2022 12:50,11/17/2022 23:57,Pyne Hall,Open Investigation
Rape,22-2076-OF,11/18/2022,14:24,10/28/2022 00:01,10/28/2022 00:01,10/28/2022 23:59,Main Campus ,Closed
Theft,22-2077-OF,11/18/2022,16:10,11/17/2022 14:02,11/17/2022 14:02,11/17/2022 17:00,Lawrence Apartments,Open Investigation
Fraud,22-2097-OF,11/20/2022,0:28,11/19/2022 23:19,11/19/2022 23:19,11/19/2022 23:19,Henry Hall,Open Investigation
False Public Alarm,22-2093-OF,11/19/2022,22:45,11/19/2022 22:45,11/19/2022 22:45,11/19/2022 22:45,Blair Hall,Open Investigation
Theft,22-2109-OF,11/21/2022,1:15,11/21/2022 00:35,11/21/2022 00:35,11/21/2022 01:15,Wawa ,Open Investigation
Theft,22-2113-OF,11/21/2022,11:01,11/18/2022 16:00,11/18/2022 16:00,11/21/2022 07:00,Parking Lot 20,Open Investigation
Trespassing,22-2120-OF,11/22/2022,1:23,11/22/2022 01:23,11/22/2022 01:23,11/22/2022 01:23,Frist Campus Center,Open Investigation
Criminal Mischief,22-2127-OF,11/22/2022,9:50,11/21/2022 8:00,11/21/2022 8:00,11/22/2022 8:00,New College West,Open Investigation
Lewdness,22-59-AR,11/22/2022,10:10,11/22/2022 10:10,11/22/2022 10:10,11/22/2022 10:10,Firestone Plaza,Arrest
Theft,22-2132-OF,11/23/2022,18:09,11/23/2022 16:00,11/23/2022 16:00,11/23/2022 17:30,Lakeside Apartments Ope,Open Investigation
Theft,22-2150-OF,11/28/2022,17:12,11/16/2022 08:18,11/16/2022 08:18,11/28/2022 16:30,Frist Campus Center Ope,Open Investigation
Theft,22-2174-OF,12/2/22,11:42,12/1/22 6:42,12/1/2022 6:42,12/1/22 19:30,Lakeside Apartments Unf,unfounded
Theft,22-2182-OF,12/2/22,21:42,11/20/2022 01:00,11/20/2022 01:00,11/30/2022 23:59,Cuyler Hall,Open Investigation
Theft,22-2192-OF,12/3/22,12:10,6/1/22 0:00,1/6/2022 0:00,12/2/22 14:00,Whitman College Complex,Open Investigation
Theft,22-2230-OF,12/8/22,20:48,12/8/22 10:00,8/12/2022 10:00,12/8/22 13:15,Frist Campus Center ,Open Investigation
Theft,22-2298-OF,12/17/2022,12:38,12/16/2022 21:00,12/16/2022 21:00,12/17/2022 12:00,1903 Hall ,Open Investigation
Theft,22-2300-OF,12/17/2022,17:37,12/16/2022 14:30,12/16/2022 14:30,12/17/2022 17:35,Bloomberg Hall ,Open Investigation
Trespassing,22-66-AR,12/4/22,1:41,12/4/22 1:41,4/12/2022 1:41,12/4/22 1:41,Brown Hall,Arrest
Trespassing,22-65-AR,12/1/22,10:22,12/1/22 10:22,1/12/2022 10:22,12/1/22 10:22,University Store, Arrest
Shoplifting,22-2145-OF,11/28/2022,9:08,11/28/2022 09:08,11/28/2022 09:08,11/28/2022 09:48,36 University Place,Open Investigation
Trespassing,22-69-AR,12/20/2022,13:54,12/20/2022 13:54,12/20/2022 13:54,12/20/2022 13:54,University Store,Arrest
Extortion,22-2188-OF,12/3/22,1:50,12/3/22 1:30,3/12/2022 1:30,12/3/22 1:50,Henry Hall,Open Investigation
Trespass,22-2305-OF,12/17/2022,22:21,12/17/2022 22:21,12/17/2022 22:21,12/17/2022 22:21,Fine Hall,Closed
Trespassing,22-2229-OF,12/8/22,19:37,12/8/22 19:37,8/12/2022 19:37,12/8/22 19:37,Mendel Library - Woolworth,Closed
Harassment,22-2286-OF,12/15/2022,9:34,12/14/2022 20:00,12/14/2022 20:00,12/15/22 08:00 ,Lakeside Housing ,Open Investigation
Theft,22-2319-OF,12/20/2022,17:17,12/20/2022 08:55,12/20/2022 08:55,12/20/2022 17:15,Theater Drive Garage,Open Investigation
Harassment,22-2157-OF,11/29/2022,22:43,11/27/2022 13:37,11/27/2022 13:37,11/21/2022 13:42,Lakeside Apartments,Open Investigation
Harassment,22-2214-OF,12/5/22,23:52,12/5/22 20:48,5/12/2022 20:48,12/5/22 20:48,Class of 1976 Hall,Open Investigation
Criminal Mischief,22-2215-OF,12/2/22,21:42,11/19/2022 23:00,11/19/2022 23:00,11/20/2022 01:00,Frist Campus Center,Open Investigation
Criminal Mischief,22-2148-OF,11/28/2022,12:23,10/4/22 15:00,4/10/2022 15:00,11/27/2022 13:30,Princeton Stadium,Open Investigation
Criminal Mischief,22-2197-OF,12/4/22,7:08,12/3/22 13:30,3/12/2022 13:30,12/4/22 7:00,Bogle Hall,Open Investigation
Criminal Mischief,22-2259-OF,12/11/22,0:44,12/11/22 0:44,11/12/2022 0:44,12/11/22 1:12,Pyne Hall,Open Investigation
Criminal Mischief,22-2275-OF,12/12/22,13:00,12/9/22 15:30,9/12/2022 15:30,12/12/22 8:00,New College West ,Open Investigation
Criminal Mischief,22-2278-OF,12/13/2022,12:37,12/12/22 12:00,12/12/2022 12:00,12/13/2022 12:37,McCosh Hall ,Open Investigation
Harassment,22-2328-OF,12/21/2022,11:57,11/12/22 0:01,12/11/2022 0:01,11/12/22 23:59,60 Woodlands Way,Open Investigation
False Public Alarm,22-2205-OF,12/4/22,23:39,12/4/22 23:39,4/12/2022 23:39,12/4/22 23:39,Lauritzen Hall ,Open Investigation
False Public Alarm,22-2266-OF,12/11/22,9:21,12/11/22 9:21,11/12/2022 9:21,12/11/22 9:22,Frist Campus Center,Closed
False Public Alarm,22-2276-OF,12/12/22,19:33,12/12/22 19:33,12/12/2022 19:33,12/12/22 19:33,Peyton Hall ,Closed
Trespassing,22-2335-OF,12/23/2022,5:55,12/22/2022 12:45,12/22/2022 12:45,12/23/2022 05:55,Frist Campus Center,Closed
Harassment,22-2336-OF,12/23/2022,8:29,12/23/2022 08:00,12/23/2022 08:00,12/23/2022 08:15,Parking Lot 19,Open Investigation
Shoplifting,22-67-AR (22-2235-OF),12/9/22,2:01,12/9/22 1:30,9/12/2022 1:30,12/9/22 1:50,1967 Hall,Judicial Referral
Trespassing,22-71-AR,12/23/2022,20:04,12/23/2022 20:04,12/23/2022 20:04,12/23/2022 20:04,Yeh College,Arrest
Trespassing,22-72-AR,12/25/2022,5:05,12/25/2022 05:05,12/25/2022 05:05,12/25/2022 05:05,Grousbeck Hall,Arrest
Theft,22-2309-OF,12/19/2022,15:53,12/18/2022 10:40,12/18/2022 10:40,12/18/2022 11:00,Lawrence Apartments,Open Investigation
Theft,22-70-AR (22-2313-OF),12/19/2022,22:04,12/19/2022 22:04,12/19/2022 22:04,12/19/2022 22:04,Frist Campus Center,Arrest
Theft,22-2367-OF,12/30/2022,16:07,11/29/2022 17:20,11/29/2022 17:20,11/30/2022 13:00,Old Graduate College,Open Investigation
Theft,23-2-OF,1/2/23,13:42,11/18/2022 17:00,11/18/2022 17:00,1/2/23 14:15,Hariri Hall,Open Investigation
Burglary,23-4-OF,1/3/23,9:29,12/22/2022 15:00,12/22/2022 15:00,1/3/23 9:30,East Pyne Hall,Open Investigation
Trespassing,23-16-OF,1/5/23,14:21,12/23/2022 14:00,12/23/2022 14:00,1/5/23 14:15,Dodge Hall,Open Investigation
Criminal Mischief,23-28-OF,1/10/23,10:47,1/7/23 16:00,7/1/2023 16:00,1/10/23 10:58,Princeton Stadium,Open Investigation
Harassment: Domestic Violence,23-35-OF,1/11/23,15:30,08/22/2021 01:00,08/22/2021 01:00,1/5/23 0:00,East Pyne Hall,Open Investigation
Harassment,23-43-OF,01/15/2023,14:08,12/31/2022 9:00,12/31/2022 9:00,1/11/23 9:00,Lawrence Apartments,Open Investigation
Harassment,23-51-OF,01/18/2023,8:15,01/16/2022 01:24,01/16/2022 01:24,01/18/2023 07:14,Pyne Drive,Open Investigation
Burglary,23-3-AR (23-52-OF),01/18/2023,12:55,01/18/2023 08:45,01/18/2023 08:45,01/18/2023 12:45,Edwards Place,Arrest
Theft,23-54-OF,01/18/2023,19:30,01/18/2023 18:00,01/18/2023 18:00,01/18/2023 19:39,Louis A. Simpson International Building,Open Investigation
Shoplifting ,23-56-OF,01/19/2023,14:08,10/6/22 13:39,6/10/2022 13:39,12/7/22 9:36,University Store,Judicial Referral
Shoplifting,23-57-OF,01/19/2023,15:23,11/3/22 14:33,3/11/2022 14:33,12/10/22 15:45,University Store,Judicial Referral
Shoplifting,23-58-OF,01/19/2023,15:24,11/7/22 0:00,7/11/2022 0:00,12/19/2022 14:30,University Store,Judicial Referral
Harassment,23-60-OF,01/20/2023,13:45,01/13/2023 08:20,01/13/2023 08:20,01/20/2023 08:25,Firestone Library,Open Investigation
Theft,23-66-OF,01/22/2023,14:09,1/12/23 9:00,12/1/2023 9:00,01/20/2023 18:00,Lakeside Parking Garage,Open Investigation
Fraud,23-71-OF,01/23/2023,19:58,01/23/2023 16:00,01/23/2023 16:00,01/23/2023 16:00,Pyne Hall,Open Investigation
Criminal Mischief,23-73-OF,01/24/2023,8:13,01/24/2023 04:47,01/24/2023 04:47,01/24/2023 08:13,Bloomberg Hall,Open Investigation
Shoplifting,23-2-AR (23-77-OF),01/25/2023,8:05,12/19/2022 06:20,12/19/2022 06:20,01/25/2023 06:16,University Store,Arrest
Theft,23-79-OF,01/25/2023,13:34,12/23/2022 17:30,12/23/2022 17:30,01/24/2023 10:00,Kwanza Marion Jones Hall,Open Investigation
Burglary,23-3-AR (23-80-OF),01/25/2023,13:00,12/21/2022 12:00,12/21/2022 12:00,01/24/2023 16:00,College Road Faculty Apartments,Arrest
Fraud,23-81-OF,01/25/2023,18:22,01/19/2023 07:00,01/19/2023 07:00,01/19/2023 07:00,Kwanza Marion Jones Hall,Open Investigation
Shoplifting,23-89-OF,01/27/2023,13:12,10/29/2022 21:35,10/29/2022 21:35,12/17/2022 00:09,University Store,Open Investigation
Shoplifting,23-90-OF,01/27/2023,13:12,12/6/22 10:43,6/12/2022 10:43,01/21/2023 12:47,University Store,Open Investigation
Harassment,23-91-OF,01/26/2023,21:21,01/27/2023 18:25,01/27/2023 18:25,01/27/2023 18:25,Morrison Hall,Open Investigation
Theft,23-97-OF,01/29/2023,11:46,01/29/2023 10:20,01/29/2023 10:20,01/29/2023 11:20,Engineering Quad C-Wing,Open Investigation
Criminal Mischief,23-98-OF,01/29/2023,10:19,12/17/2022 14:00,12/17/2022 14:00,01/28/2023 18:00,Buyers Hall,Open Investigation
Intimidation,23-100-OF,01/29/2023,15:27,01/29/2023 02:21,01/29/2023 02:21,01/29/2023 02:21,Morrison Hall,Open Investigation
Harassment,23-101-OF,01/29/2023,17:07,01/29/2023 17:25,01/29/2023 17:25,01/29/2023 17:25,University Place,Open Investigation
Theft,23-104-OF,01/29/2023,23:00,01/29/2023 16:15,01/29/2023 16:15,01/29/2023 23:00,Poe Field,Open Investigation
Trespassing,23-110-OF,01/30/2023,11:08,01/27/2023 11:30,01/27/2023 11:30,01/30/2023 11:00,Dean Mathey Apartment Complex,Open Investigation
Criminal Mischief,23-115-OF,01/30/2023,15:18,12/20/2022 09:00,12/20/2022 09:00,01/30/2023 15:00,20 Washington Road,Open Investigation
Theft,23-116-OF,01/30/2023,16:22,01/28/2023 11:00,01/28/2023 11:00,01/30/2023 15:30,New College West,Open Investigation
Burglary,23-3-AR (23-118-OF),01/30/2023,17:20,01/30/2023 07:30,01/30/2023 07:30,0 01/30/2023 17:20,Edwards Place,Arrest
Harassment,23-128-OF,2/1/23,12:42,2/1/23 12:10,1/2/2023 12:10,2/1/23 12:20,Wawa,Open Investigation
Lewdness,23-11-AR (23-132-OF),2/1/23,15:28,2/1/23 15:15,1/2/2023 15:15,2/1/23 15:15,Elm Drive,Arrest
Theft,23-134-OF,2/1/23,18:08,12/23/2022 12:00,12/23/2022 12:00,01/25/2023 12:00,Buyers Hall,Open Investigation
Theft,23-135-OF,2/1/23,22:02,01/30/2023 10:00,01/30/2023 10:00,01/30/2023 11:30,McCosh Hall,Open Investigation
Harassment,23-288-OF,2/2/23,16:00,03/16/2022 04:47,03/16/2022 04:47,01/28/2023 13:59,Green Hall,Open Investigation
Trespassing,23-148-OF,2/3/23,8:54,2/3/23 7:30,3/2/2023 7:30,2/3/23 9:52,78 Alexander Street,Open Investigation
Trespassing,23-149-OF,2/3/23,11:13,2/3/23 7:30,3/2/2023 7:30,2/3/23 9:52,76 Alexander Street,Open Investigation
Theft,23-154-OF,2/3/23,17:00,11/18/2022 10:04,11/18/2022 10:04,11/18/2022 10:40,Hibben Magie Road,Open Investigation
Theft,23-156-OF,2/3/23,17:00,11/26/202 00:00,11/26/202 00:00,01/25/2023 15:00,Hibben Magie Road,Open Investigation
Theft,23-157-OF,2/3/23,21:29,2/3/23 17:30,3/2/2023 17:30,2/3/23 21:00,Jadwin Gymnasium,Open Investigation
Harassment,23-150-OF,2/3/23,10:41,01/27/2023 18:15,01/27/2023 18:15,02/02/202318:25,Wawa,Open Investigation
Theft,23-170-OF,2/4/23,15:28,12/3/22 9:00,3/12/2022 9:00,01/29/2023 14:00,Class of 1901 Laughlin Hall,Open Investigation
Shoplifting,23-188-OF,2/6/23,10:02,11/27/2022 22:25,11/27/2022 22:25,2/4/23 17:43,University Store,Open Investigation
Shoplifting,23-5-AR (23-189-OF),2/6/23,10:02,10/25/2022 14:03,10/25/2022 14:03,01/25/2023 21:42,University Store,Arrest
Shoplifting,23-6-AR (23-199-OF),2/6/23,18:59,01/28/2022 17:59,01/28/2022 17:59,12/9/22 13:06,University Store,Open Investigation
Theft,23-213-OF,2/8/23,12:40,2/7/23 11:45,7/2/2023 11:45,2/7/23 12:45,Class of 1967 Hall,Open Investigation
Harassment: Bias Incident,23-220-OF,2/9/23,9:11,2/9/23 6:14,9/2/2023 6:14,2/9/23 6:14,McCosh Hall,Open Investigation
Trespassing,23-227-OF,2/9/23,23:12,2/9/23 22:50,9/2/2023 22:50,2/9/23 22:50,Baker Hall,Open Investigation
Criminal Mischief,23-231-OF,2/10/23,7:21,2/9/23 16:30,9/2/2023 16:30,2/10/23 7:00,Alexander Road,Open Investigation
Theft,23-233-OF,2/10/23,13:54,2/10/23 13:42,10/2/2023 13:42,2/10/23 13:46,Frist Campus Center,Open Investigation
Theft,23-234-OF,2/10/23,15:22,1/12/23 0:00,12/1/2023 0:00,2/10/23 10:00,Aliya Kanji Hall,Open Investigation
Trespassing,23-249-OF,2/11/23,16:44,2/11/23 16:44,11/2/2023 16:44,2/11/23 16:44,Wu Hall,Open Investigation
Trespassing,23-252-OF,2/11/23,22:17,2/11/23 22:17,11/2/2023 22:17,2/11/23 22:17,Lewis Center for the Arts,Open Investigation
Harassment,23-268-OF,02/13/2023,1:53,02/13/2023 01:53,02/13/2023 01:53,02/13/2023 01:53,Forbes College ,Open Investigation
Criminal Mischief,23-269-OF,2/3/23,8:10,2/7/23 17:15,7/2/2023 17:15,2/8/23 9:00,Theater Garage,Open Investigation
Fraud,23-272-OF,02/13/2023,14:16,2/12/23 22:00,12/2/2023 22:00,02/13/2023 13:56,Fisher Hall,Open Investigation
Theft,23-285-OF,02/15/2023,7:39,02/14/2023 19:00,02/14/2023 19:00,02/15/2023 07:30,Hariri Hall,Open Investigation
Trespassing,23-4-AR,02/15/2023,15:54,02/15/2023 15:54,02/15/2023 15:54,02/15/2023 15:54,Jadwin Hall,Arrest
Theft,23-300-OF,02/16/2023,18:20,02/16/2023 13:30,02/16/2023 13:30,02/16/2023 18:00,Class of 1981 Hall ,Open Investigation
Theft,23-301-OF,02/16/2023,22:29,2/9/23 14:00,9/2/2023 14:00,2/9/23 15:00,McCosh Hall, Open Investigation
Theft,23-308-OF,02/17/2023,13:34,02/16/2023 21:45,02/16/2023 21:45,02/17/2023 0945,New Residence College,Open Investigation
Rape,23-314-OF,02/17/2023,21:32,2/11/23 0:00,11/2/2023 0:00,2/11/23 23:59,Main Campus Dormitory,Closed
Rape,23-315-OF,02/17/2023,21:59,10/31/2022 00:00,10/31/2022 00:00,10/31/2022 23:59,Main Campus Dormitory,Closed
Assault,23-319-OF,12/20/2023,13:54,12/20/2023 13:54,12/20/2023 13:54,12/20/2023 13:54,University Store,Open Investigation
Criminal Mischief,23-330-OF,02/19/2023,13:57,02/19/2023 02:48,02/19/2023 02:48,02/19/2023 13:57,Cuyler Hall,Open Investigation
Theft,23-339-OF,02/19/2023,23:21,02/19/2023 22:00,02/19/2023 22:00,02/19/2023 23:56,Grousbeck Hall,Open Investigation
Criminal Mischief,23-340-OF,02/20/2023,8:38,02/18/2023 12:00,02/18/2023 12:00,02/20/2023 08:30,Walker Hall,Open Investigation
Trespassing,23-343-OF,02/20/2023,12:16,02/20/2023 12:15,02/20/2023 12:15,02/20/2023 12:18,Holder Hall,Open Investigation
Assault,23-21-AR (23-345-OF),02/20/2023,17:51,02/18/2023 23:3,02/18/2023 23:3,0 02/19/2023 00:30,Yeh College,Arrest
Theft,23-347-OF,02/21/2023,9:34,02/20/2023 10:00,02/20/2023 10:00,02/20/2023 17:00,48 University Place,Closed
Hindering Possession of Burglary Tools,23-7-AR,02/21/2023,13:00,02/21/2023 13:00,02/21/2023 13:00,02/21/2023 13:00,Parking Lot 19,Arrest
Possession of Burglary Tools 2,23-8-AR,02/21/2023,13:00,02/21/2023 13:00,02/21/2023 13:00,02/21/2023 13:00,Parking Lot 19,Arrest
Domestic Violence: Harassment,23-354-OF,02/21/2023,15:12,12/9/22 0:01,9/12/2022 0:01,02/21/2023 15:00,Forbes College,Open Investigation
Theft,23-352-OF 0,02/21/2023,16:40,02/15/2023 16:00,02/15/2023 16:00,02/15/2023 17:00,McCosh Infirmary,Open Investigation
Theft,23-368-OF,02/23/2023,11:43,02/14/2023 15:14,02/14/2023 15:14,02/14/2023 15:14,Green Hall,Open Investigation
Harassment,23-375-OF,02/23/2023,19:58,02/23/2023 19:58,02/23/2023 19:58,02/23/2023 19:58,Lakeside Apartments,Open Investigation
Trespassing,23-10-AR,02/23/2023,11:00,02/23/2023 11:00,02/23/2023 11:00,02/23/2023 11:00,Frist Campus Center,Arrest
Harassment,23-389-OF,02/25/2023,11:46,02/24/2023 12:00,02/24/2023 12:00,02/24/2023 12:00,University Place,Open Investigation
Criminal Mischief,23-398-OF,02/26/2023,3:00,02/26/2023 03:00,02/26/2023 03:00,02/26/2023 03:00,Henry Hall,Open Investigation
Criminal Mischief,23-400-OF,02/26/2023,15:43,02/26/2023 01:00,02/26/2023 01:00,02/26/2023 13:00,Little Hall,Open Investigation
Criminal Mischief,23-411-OF,02/27/2023,6:29,02/26/2023 00:30,02/26/2023 00:30,02/27/2023 06:30,Prospect House,Open Investigation
Theft,23-414-OF,02/27/2023,12:40,02/27/2023 10:00,02/27/2023 10:00,02/27/2023 10:50,McCosh Hall,Open Investigation
Attempted Fraud,23-419-OF,02/27/2023,18:30,02/27/2023 17:18,02/27/2023 17:18,02/27/2023 17:18,McDonnell Hall,Open Investigation
Criminal Mischief,23-426-OF,02/28/2023,11:48,1/9/23 0:00,9/1/2023 0:00,02/27/2023 10:26,Firestone Library,Open Investigation
Theft,23-435-OF,3/1/23,19:56,3/1/23 18:45,1/3/2023 18:45,3/1/23 19:15,Lewis Library,Open Investigation
Criminal Mischief,23-440-OF,3/2/23,6:11,02/28/2023 12:00,02/28/2023 12:00,3/2/23 6:11,Old Graduate College,Open Investigation
Harassment: Bias Incident,23-14-AR (23-449-OF),3/3/23,11:10,9/1/21 8:00,1/9/2021 8:00,3/3/23 11:10,300 Washington Road,Arrest
Shoplifting,23-13-AR (23-451-OF),3/3/23,13:29,02/20/2023 08:57,02/20/2023 08:57,02/20/2023 09:02,University Store,Arrest
Burglary,23-17-AR (23-466-OF),3/5/23,0:57,3/5/23 0:57,5/3/2023 0:57,3/5/23 0:57,Guyot Hall,Arrest
Assault,23-471-OF,3/5/23,15:25,3/5/23 15:25,5/3/2023 15:25,3/5/23 15:25,Washington Road at Faculty Road,Open Investigation
Theft,23-479-OF,3/6/23,15:27,3/4/23 23:00,4/3/2023 23:00,3/6/23 13:00,Scully Hall,Open Investigation
Trespass,23-483-OF,3/7/23,10:33,3/7/23 10:33,7/3/2023 10:33,3/7/23 10:33,Frist Campus Center,Closed
Trespass,23-12-AR,3/7/23,15:43,3/7/23 15:43,7/3/2023 15:43,3/7/23 15:43,Jadwin Hall ,Arrest
Trespass,23-488-OF,3/8/23,3:35,3/8/23 3:35,8/3/2023 3:35,3/8/23 3:35,Lewis Center for the Arts, Closed
Theft,23-491-OF,3/8/23,14:16,3/8/23 13:20,8/3/2023 13:20,3/8/23 13:30,Forbes College ,Open Investigation
Theft,23-493-OF,3/8/23,17:05,11/15/2022 15:00,11/15/2022 15:00,3/8/23 17:29,Firestone Library,Open Investigation
Shoplifting,23-13-AR (23-492-OF),3/8/23,15:25,3/8/23 8:30,8/3/2023 8:30,3/8/23 8:46,University Store,Arrest
Extortion,23-499-OF,3/9/23,17:04,3/6/23 18:00,6/3/2023 18:00,3/9/23 17:00,Aliya Kanji Hall,Open Investigation
Trespassing,23-13-AR (23-495-OF),3/9/23,9:40,3/9/23 9:10,9/3/2023 9:10,3/9/23 9:25,Engineering Quad D-Wing,Arrest
Trespassing,23-13-AR (23-497-OF),3/9/23,12:43,3/9/23 12:43,9/3/2023 12:43,3/9/23 12:43,Jones Hall,Arrest
Theft,23-507-OF,3/10/23,16:09,01/13/2023 17:30,01/13/2023 17:30,3/10/23 15:30,New South,Open Investigation
Harassment: Stalking,23-506-OF,3/10/23,15:03,11/11/21 18:00,11/11/2021 18:00,12/6/22 16:00,Taplin Auditorium,Open Investigation
Theft,23-518-OF,03/13/2023,16:51,3/8/23 19:30,8/3/2023 19:30,3/9/23 17:00,Firestone Library,Open Investigation
Criminal Mischief,23-520-OF,03/13/2023,17:46,03/13/2023 08:25,03/13/2023 08:25,03/13/2023 17:10,Stadium Drive Parking Garage,Open Investigation
Theft,23-528-OF,03/15/2023,14:04,12/27/2022 16:15,12/27/2022 16:15,01/17/2023 08:00,Old Graduate College,Open Investigation
Harassment,23-533-OF,03/16/2023,11:08,3/6/23 0:01,6/3/2023 0:01,03/13/2023 08:00,Jadwin Hall,Open Investigation
Theft,23-16-AR (23-535-OF),03/16/2023,14:57,3/6/23 10:07,6/3/2023 10:07,03/16/2023 11:00,Theater Drive Garage,Judicial Referral
Harassment: Bias Incident,23-541-OF,03/17/2023,7:13,3/10/23 20:13,10/3/2023 20:13,3/10/23 20:13,Robertson Hall,Open Investigation
Harassment,23-542-OF,03/17/2023,10:29,08/26/2023 15:44,08/26/2023 15:44,03/16/2023 16:30,Woolworth Music Center,Open Investigation
Identity Theft,23-543-OF,03/17/2023,19:27,01/14/2019 12:00,01/14/2019 12:00,03/17/2023 20:36,Pyne Hall,Open Investigation
Extortion,23-547-OF,03/18/2023,13:59,03/18/2023 12:41,03/18/2023 12:41,03/18/2023 13:55,Hariri Hall,Open Investigation
Theft,23-554-OF,03/20/2023,10:03,03/19/2023 14:00,03/19/2023 14:00,03/20/2023 10:03,Campbell Hall,Open Investigation
Theft,23-558-OF,03/20/2023,13:39,03/19/2023 21:30,03/19/2023 21:30,03/20/2023 13:00,Firestone Plaza,Open Investigation
Trespass,23-562-OF,03/21/2023,5:41,03/21/2023 05:41,03/21/2023 05:41,03/21/2023 05:41,Lewis Center for the Arts,Closed
Theft,23-569-OF,03/21/2023,19:00,03/20/2023 17:00,03/20/2023 17:00,03/21/2023 19:00,Bloomberg Hall,Open Investigation
Assault,23-15-AR,03/21/2023,21:07,03/21/2023 21:07,03/21/2023 21:07,03/21/2023 21:07,Architecture Building,Arrest
Disorderly Conduct,23-15-AR,03/21/2023,21:07,03/21/2023 21:07,03/21/2023 21:07,03/21/2023 21:07,Architecture Building,Arrest
False Public Alarm,23-15-AR,03/21/2023,21:07,03/21/2023 21:07,03/21/2023 21:07,03/21/2023 21:07,Wooten Hall,Arrest
False Public Alarm,23-15-AR,03/21/2023,21:07,03/21/2023 21:07,03/21/2023 21:07,03/21/2023 21:07,McCosh Hall,Arrest
Obstruction of Justice,23-15-AR,03/21/2023,21:07,03/21/2023 21:07,03/21/2023 21:07,03/21/2023 21:07,Robertson Hall,Arrest
Criminal Mischief,23-579-OF,03/23/2023,5:37,03/23/2023 05:37,03/23/2023 05:37,03/23/2023 05:37,Cannon Green,Open Investigation
Criminal Mischief,23-584-OF,03/23/2023,22:50,03/23/2023 22:49,03/23/2023 22:49,03/23/2023 22:50,Little Hall,Open Investigation
False Public Alarm,23-590-OF,03/24/2023,20:50,03/24/2023 20:50,03/24/2023 20:50,03/24/2023 20:50,Bendheim Hall,Open Investigation
Harassment,23-596-OF,03/25/2023,16:00,03/25/2023 16:00,03/25/2023 16:00,03/25/2023 16:00,Lauritzen Hall,Open Investigation
Theft,23-601-OF,03/25/2023,19:21,03/25/2023 14:00,03/25/2023 14:00,03/25/2023 16:00,Friends Center,Unfounded
Attempted Trespass 2,23-602-OF,03/25/2023,21:19,03/25/2023 21:19,03/25/2023 21:19,03/25/2023 21:19,Blair Hall,Open Investigation
False Public Alarm,23-607-OF,03/26/2023,2:52,03/26/2023 02:52,03/26/2023 02:52,03/26/2023 02:52,Wright Hall,Open Investigation
Criminal Mischief,23-610-OF,03/26/2023,9:12,03/26/2023 01:30,03/26/2023 01:30,03/26/2023 09:13,Class of 1903 Hall,Open Investigation
Theft,23-616-OF,03/26/2023,19:32,03/24/2023 06:00,03/24/2023 06:00,03/26/2023 19:00,Little Hall,Open Investigation
Attempted Theft,23-621-OF,03/27/2023,21:42,03/27/2023 21:42,03/27/2023 21:42,03/27/2023 21:42,Lawrence Apartments,Open Investigation
Trespassing,23-622-OF,03/28/2023,5:37,03/28/2023 05:37,03/28/2023 05:37,03/28/2023 05:37,Frist Campus Center,Closed
Theft,23-623-OF,03/28/2023,8:29,02/17/2023 15:00,02/17/2023 15:00,02/17/2023 18:00,Lawrence Apartments,Open Investigation
Assault: Domestic Violence,23-18-AR,03/28/2023,11:27,03/28/2023 12:25,03/28/2023 12:25,03/28/2023 12:25,Bloomberg Hall,Arrest
Theft,23-632-OF,03/29/2023,13:22,03/28/2023 23:00,03/28/2023 23:00,03/29/2023 12:00,Lawrence Apartments,Open Investigation
Theft,23-637-OF,03/29/2023,19:16,03/29/2023 16:00,03/29/2023 16:00,09/29/2023 19:16,Princeton Stadium,Open Investigation
Fraud,23-638-OF,03/29/2023,19:40,03/29/2023 19:40,03/29/2023 19:40,03/29/2023 19:40,Carnegie Center,Open Investigation
Fraud,23-641-OF,03/30/2023,9:58,03/29/2023 23:00,03/29/2023 23:00,03/30/2023 10:32,701 Carnegie Center,Open Investigation
Fraud,23-649-OF,03/30/2023,15:16,03/29/2023 09:00,03/29/2023 09:00,03/29/2023 09:00,Jadwin Hall,Open Investigation
Fraud,23-654-OF,03/30/2023,22:40,03/28/2023 09:00,03/28/2023 09:00,03/28/2023 09:00,Buyers Hall,Open Investigation
Fraud,23-648-OF,03/30/2023,15:22,03/28/2023 14:00,03/28/2023 14:00,03/30/2023 09:00,Neuro Psychology Building,Open Investigation
Fraud,23-647-OF,03/30/2023,14:52,03/20/2023 16:58,03/20/2023 16:58,03/20/2023 16:58,Engineering Quadrangle Complex,Open Investigation
Attempted Extortion,23-643-OF,03/30/2023,10:11,03/29/2023 11:00,03/29/2023 11:00,03/30/2023 12:50,Lawrence Apartments,Open Investigation
Criminal Mischief,23-657-OF,03/31/2023,2:54,03/31/2023 02:54,03/31/2023 02:54,03/31/2023 02:54,Yoseloff Hall,Open Investigation
Harassment,23-660-OF,03/31/2023,13:31,03/24/2023 18:12,03/24/2023 18:12,03/24/2023 18:12,Lakeside Apartments,Open Investigation
False Public Alarm,23-685-OF ,4/3/23,10:58,4/3/23 10:51,3/4/2023 10:51,4/3/23 10:51,Public Safety,Open Investigation
Fraud,23-661-OF,03/31/2023,14:59,03/25/2023 23:00,03/25/2023 23:00,3/1/23 15:32,Robertson Hall,Open Investigation
Theft,23-678-OF,4/2/23,12:35,4/1/23 20:45,1/4/2023 20:45,4/2/23 11:00,Mannion Hall,Open Investigation
Fraud,23-663-OF,03/31/2023,16:42,03/24/2023 08:00,03/24/2023 08:00,03/24/2023 11:00,Princeton Plasma Physics Laboratory,Open Investigation
Theft,23-682-OF,4/3/23,9:10,4/2/23 15:00,2/4/2023 15:00,4/2/23 15:30,Frist Campus Center,Open Investigation
Theft,23-686-OF,4/3/23,16:43,03/31/2023 18:00,03/31/2023 18:00,4/2/23 20:00,Frist Campus Center,Open Investigation
Criminal Mischief,23-681-OF,4/3/23,8:38,03/31/2023 17:00,03/31/2023 17:00,4/1/23 14:00,Little Hall,Open Investigation
Criminal Mischief,23-683-OF,4/3/23,12:41,4/3/23 5:25,3/4/2023 5:25,4/3/23 12:41,New South ,Open Investigation
Trespass,23-19-AR,4/5/23,6:02,4/5/23 6:02,5/4/2023 6:02,4/5/23 6:02,Chancellor Green,Arrest
Criminal Mischief,23-712-OF,4/7/23,7:16,4/6/23 14:00,6/4/2023 14:00,4/7/23 6:00,Yoseloff Hall,Open Investigation
Theft,23-696-OF,4/4/23,23:00,4/2/23 12:00,2/4/2023 12:00,4/2/23 13:00,Wendell Hall,Open Investigation
Theft,23-692-OF,4/4/23,14:14,4/3/23 14:00,3/4/2023 14:00,4/4/23 1:30,Woolworth Music Center,Open Investigation
Theft,23-701-OF,4/5/23,11:11,03/30/2023 12:00,03/30/2023 12:00,4/2/23 12:00,East Pyne Hall,Open Investigation
Fraud,23-693-OF,4/4/23,14:23,4/3/23 14:00,3/4/2023 14:00,4/4/23 14:23,Van Wyck Drive,Open Investigation
Harassment: Fraud,(23-23-AR) 23-721-OF,4/8/23,17:34,4/7/23 2:25,7/4/2023 2:25,4/8/23 9:00,Buyers Hall,Arrest
Theft: Criminal Mischief,23-726-OF,4/8/23,23:19,4/8/23 23:19,8/4/2023 23:19,4/8/23 23:19,Fisher Hall,Open Investigation
Disorderly Conduct,23-728-OF ,4/8/23,23:37,4/8/23 23:37,8/4/2023 23:37,4/8/23 23:37,Poe Field,Open Investigation
Aggravated Assault,23-20-AR,4/9/23,19:33,4/9/23 22:20,9/4/2023 22:20,4/9/23 22:20,McCosh Infirmary,Arrest
Theft,23-734-OF,4/9/23,16:08,11/19/2022 20:00,11/19/2022 20:00,4/9/23 16:00,Tiger Inn,Open Investigation
Criminal Mischief,23-737-OF,4/10/23,7:48,4/8/23 21:49,8/4/2023 21:49,4/10/23 7:48,Cannon Green,Open Investigation
Criminal Mischief,23-742-OF,4/11/23,1:27,4/11/23 1:27,11/4/2023 1:27,4/11/23 1:27,McCosh Infirmary,Open Investigation
Harassment,23-756-OF,04/13/2023,12:46,4/1/20 8:00,1/4/2020 8:00,04/13/2023 12:46,Lawrence Apartments,Open Investigation
Harassment,23-760-OF,04/13/2023,20:16,04/13/2023 20:00,04/13/2023 20:00,04/13/2023 20:00,Patton Hall,Open Investigation
Criminal Mischief,23-787-OF,04/17/2023,8:07,04/15/2023 13:30,04/15/2023 13:30,04/16/2023 05:30,Scully Hall,Open Investigation
Criminal Mischief,23-794-OF,04/17/2023,17:14,04/17/2023 14:39,04/17/2023 14:39,04/17/2023 17:14,Addy Hall,Open Investigation
Liquor Law Violation,23-793-OF,04/17/2023,16:00,4/10/23 0:01,10/4/2023 0:01,4/10/23 23:59,DeNunzio Pool,Closed
Theft,23-799-OF,04/18/2023,12:21,04/14/2023 12:00,04/14/2023 12:00,04/17/2023 12:00,Pyne Hall,Open Investigation
Criminal Mischief,23-804-OF,04/19/2023,8:10,04/13/2023 12:00,04/13/2023 12:00,04/13/2023 15:09,Roberts Stadium,Open Investigation
Harassment,22-808-OF,04/19/2023,13:09,11/3/23 0:00,3/11/2023 0:00,04/18/2023 22:15,Pyne Hall,Open Investigation
Attempted Extortion,22-809-OF,04/19/2023,14:40,04/18/2023 14:45,04/18/2023 14:45,04/19/2023 10:00,Wilf Hall,Open Investigation
Fraud,23-814-OF,04/20/2023,11:11,3/1/23 0:00,1/3/2023 0:00,03/28/2023 16:37,Neuro Psychology Building,Open Investigation
Attempted Extortion,23-839-OF,04/23/2023,4:11,04/23/2023 04:11,04/23/2023 04:11,04/23/2023 04:11,Wendell Hall,Open Investigation
Theft,23-841-OF,04/23/2023,16:06,04/17/2023 00:00,04/17/2023 00:00,04/22/2023 18:15,Lawrence Apartments,Open Investigation
Theft,23-847-OF,04/24/2023,15:05,12/12/22 10:00,12/12/2022 10:00,4/3/23 10:30,Lakeside Apartments,Open Investigation
Theft,23-856-OF,04/25/2023,15:47,04/23/2023 15:00,04/23/2023 15:00,04/25/2023 15:30,Frist Campus Center,Open Investigation
Fraud,23-862-OF,04/26/2023,7:09,04/25/2023 11:30,04/25/2023 11:30,04/25/2023 11:30,Princeton Plasma Physics Laboratory,Open Investigation
Theft,23-863-OF,04/26/2023,11:00,04/22/2023 15:00,04/22/2023 15:00,04/23/2023 11:00,Addy Hall,Open Investigation
Theft,23-874-OF,04/27/2023,14:49,04/25/2023 19:00,04/25/2023 19:00,04/26/2023 09:30,Mathey Dining Hall,Open Investigation
Theft,23-877-OF,04/27/2023,16:52,04/27/2023 14:45,04/27/2023 14:45,04/27/2023 15:00,Sayre Hall,Open Investigation
Theft,23-881-OF,04/28/2023,9:09,04/27/2023 09:10,04/27/2023 09:10,04/28/2023 00:30,Dillon Gym,Open Investigation
Theft,23-883-OF,04/28/2023,15:00,04/27/2023 15:00,04/27/2023 15:00,04/28/2023 15:00,Class of 1901 Laughlin,Open Investigation
Fraud,23-886-OF,04/28/2023,23:06,04/28/2023 23:06,04/28/2023 23:06,04/28/2023 23:06,Class of 1976 Hall,Open Investigation
Fraud,23-903-OF,04/30/2023,9:44,2/12/23 11:00,12/2/2023 11:00,03/31/2023 00:00,Carl Icahn Laboratory,Open Investigation
Theft,23-917-OF,5/1/23,12:24,04/29/2023 17:00,04/29/2023 17:00,04/29/2023 23:00,Holder Archway East,Open Investigation
Theft,23-919-OF,5/1/23,15:44,1/10/23 16:00,10/1/2023 16:00,02/20/2023 16:00,Bedford Field,Open Investigation
Theft,23-923-OF,5/2/23,16:36,5/2/23 16:00,2/5/2023 16:00,5/2/23 16:15,Campus Club,Open Investigation
Theft,23-945-OF,5/5/23,8:46,5/4/23 10:46,4/5/2023 10:46,5/5/23 0:00,Lawrence Apartments,Open Investigation
Fraud,23-947-OF,5/5/23,10:29,03/27/2023 00:00,03/27/2023 00:00,5/2/23 0:00,Parking Lot 40,Open Investigation
Theft,23-960-OF,5/6/23,14:51,5/6/23 6:00,6/5/2023 6:00,5/6/23 14:30,Theater Drive Garage,Open Investigation
Theft,23-969-OF,5/8/23,0:16,5/8/23 0:16,8/5/2023 0:16,5/8/23 0:16,Holder Hall,Unfounded
Harassment,23-968-OF,5/7/23,19:03,5/7/23 18:45,7/5/2023 18:45,5/7/23 19:00,Little Hall,Open Investigation
Harassment,23-896-OF,04/29/2023,23:26,04/29/2023 23:26,04/29/2023 23:26,04/29/2023 23:26,Lakeside Apartments,Open Investigation
Criminal Mischief,23-912-OF,04/30/2023,22:23,04/30/2023 22:23,04/30/2023 22:23,04/30/2023 22:23,Lockhart Hall,Open Investigation
Harassment: Bias Incident,23-936-OF,5/3/23,21:25,5/3/23 14:26,3/5/2023 14:26,5/3/23 14:26,Stanhope Hall,Open Investigation
Criminal Mischief,23-941-OF,5/4/23,8:18,5/3/23 9:00,3/5/2023 9:00,5/4/23 7:50,Henry Hall,Open Investigation
Harassment,23-950-OF,5/5/23,17:38,5/4/23 15:13,4/5/2023 15:13,5/4/23 15:13,Bogle Hall,Open Investigation
Criminal Mischief,23-956-OF ,5/5/23,21:52,5/4/23 0:00,4/5/2023 0:00,5/5/23 21:52,Kwanza Marion Jones Hall,Open Investigation
Disorderly Conduct,23-959-OF,5/6/23,11:45,5/5/23 11:28,5/5/2023 11:28,5/6/23 11:02,Wawa,Open Investigation
Criminal Mischief,23-971-OF,5/8/23,7:51,5/5/23 15:30,5/5/2023 15:30,5/8/23 7:20,Henry Hall,Open Investigation
Harassment,23-974-OF,5/9/23,2:33,5/7/23 18:00,7/5/2023 18:00,5/7/23 19:00,Frist Campus Center,Open Investigation
Harassment,23-977-OF,5/9/23,12:13,5/2/23 13:08,2/5/2023 13:08,5/9/23 0:00,701 Carnegie Center,Open Investigation
Harassment: Bias Incident,23-978-OF,5/9/23,13:04,5/9/23 15:38,9/5/2023 15:38,5/9/23 9:00,Frist Campus Center,Open Investigation
Defiant Trespass: Aggravated Assault,23-22-AR,5/10/23,9:35,5/10/23 9:35,10/5/2023 9:35,5/10/23 9:35,Wawa,Arrest
Criminal Mischief,23-1019-OF,05/15/2023,7:49,5/12/23 15:00,12/5/2023 15:00,05/15/2023 07:00,Eno Hall,Open Investigation
Defiant Trespass,23-1018-OF,05/15/2023,7:49,05/15/2023 07:49,05/15/2023 07:49,05/15/2023 07:49,Frist Campus Center,Open Investigation
Criminal Mischief,23-1025-OF,05/16/2023,10:25,05/16/2023 10:15,05/16/2023 10:15,05/16/2023 11:17,Fine Hall,Open Investigation
Criminal Mischief,23-1039-OF,05/18/2023,9:14,5/17/2023 17:00,5/17/2023 17:00,05/18/2023 07:00,East Pyne Hall,Open Investigation
Trespassing,23-1047-OF,05/19/2023,20:56,05/19/2023 20:56,05/19/2023 20:56,05/19/2023 20:57,Lewis Library,Open Investigation
Criminal Mischief,23-1058-OF,05/22/2023,3:11,05/22/2023 03:11,05/22/2023 03:11,05/22/2023 03:11,Wright Hall,Open Investigation
Criminal Mischief,23-1059-OF,05/22/2023,9:59,05/18/2023 10:00,05/18/2023 10:00,05/22/2023 04:30,Woolworth Music Center,Open Investigation
Trespassing,23-1104-OF,05/27/2023,1:10,05/27/2023 00:40,05/27/2023 00:40,05/27/2023 00:45,Little Hall,Open Investigation
Harassment: Trespassing,23-1126-OF,05/27/2023,23:05,05/27/2023 22:50,05/27/2023 22:50,05/28/2023 23:00,New South,Open Investigation
Assault,"23-25-AR, 23-26-AR 23-27-AR, 23-28-AR (23-1125-OF)",05/27/2023,21:51,05/27/2023 21:51,05/27/2023 21:51,05/27/2023 21:51,Powers Field,Arrest
Harassment,23-1154-OF,05/27/2023,23:30,05/29/2023 12:49,05/29/2023 12:49,05/29/2023 12:49,Little Hall,Open Investigation
Criminal Mischief,23-1076-OF,05/25/2023,13:14,5/8/23 8:00,8/5/2023 8:00,05/25/2023 13:14,Bloomberg Hall,Open Investigation
Attempted Fraud,23-1071-OF,05/24/2023,16:27,05/23/2023 12:11,05/23/2023 12:11,05/23/2023 12:11,200 Elm Drive,Open Investigation
Criminal Mischief,23-1065-OF,05/23/2023,7:27,8/1/22 8:00,1/8/2022 8:00,05/23/2023 07:27,Fu Hall,Open Investigation
Criminal Mischief,23-1066-OF,05/23/2023,9:18,05/22/2023 20:30,05/22/2023 20:30,05/23/2023 09:11,Lakeside Building,Open Investigation
Criminal Mischief,23-1069-OF,05/23/2023,22:52,05/23/2023 22:42,05/23/2023 22:42,05/23/2023 22:52,Little Hall,Open Investigation
Criminal Mischief,23-1087-OF,05/26/2023,9:55,05/25/2023 15:30,05/25/2023 15:30,05/26/2023 09:55,Wendell Hall,Open Investigation
Criminal Mischief,23-1088-OF,05/26/2023,10:02,05/25/2023 15:00,05/25/2023 15:00,05/26/2023 09:45,1901 Hall,Open Investigation
Criminal Mischief,23-1089-OF,05/26/2023,10:34,05/26/2023 06:45,05/26/2023 06:45,05/26/2023 10:30,Parking Lot 20,Open Investigation
Criminal Mischief,23-1114-OF,05/27/2023,15:40,05/27/2023 15:40,05/27/2023 15:40,05/27/2023 15:40,Wendell Hall,Open Investigation
Criminal Mischief,23-1115-OF,05/27/2023,15:54,05/26/2023 14:00,05/26/2023 14:00,05/27/202 07:30,Wendell Hall,Open Investigation
Criminal Mischief,23-1141-OF,05/28/2023,4:10,05/28/2023 04:10,05/28/2023 04:10,05/28/2023 04:10,Carl Icahn Laboratory,Open Investigation
Fraud,23-1000-OF,5/11/23,14:55,5/11/23 2:30,11/5/2023 2:30,5/11/23 14:55,200 Elm Drive,Open Investigation
Theft,23-1024-OF,05/16/2023,8:29,5/12/23 12:00,12/5/2023 12:00,05/14/2023 18:00,East Pyne Hall,Open Investigation
Theft,23-1040-OF,05/18/2023,10:48,05/15/2023 19:00,05/15/2023 19:00,05/16/2023 07:00,Grousbeck Hall,Open Investigation
Theft,23-1055-OF,05/21/2023,9:31,05/19/2023 15:10,05/19/2023 15:10,05/21/2023 08:00,University Place,Open Investigation
Theft,23-1061-OF,05/22/2023,12:19,05/19/2023 17:00,05/19/2023 17:00,05/22/2023 09:00,Hoyt Chemical Laboratory,Open Investigation
Theft,23-1067-OF,05/23/2023,20:13,05/23/2023 19:00,05/23/2023 19:00,05/23/2023 19:30,New Grad College,Open Investigation
Theft,23-1082-OF,05/26/2023,1:24,05/25/2023 20:30,05/25/2023 20:30,05/26/2023 01:24,Dillon Gym,Open Investigation
Theft,23-1104-OF,05/27/2023,1:10,05/27/2023 00:40,05/27/2023 00:40,05/27/2023 00:45,Little Hall,Open Investigation
Theft,23-1136-OF,05/28/2023,2:26,05/28/2023 02:15,05/28/2023 02:15,05/28/2023 02:20,Yoseloff Hall,Open Investigation
Theft,23-1149-OF,05/28/2023,22:08,05/28/2023 16:00,05/28/2023 16:00,05/28/2023 22:08,Dod Hall,Open Investigation
Theft,23-1156-OF,05/29/2023,15:09,05/29/2023 13:50,05/29/2023 13:50,05/29/2023 14:15,Olden House,Open Investigation
Rape,23-1160-OF,05/29/2023,23:22,5/1/22 0:00,1/5/2022 0:00,05/31/2022 23:59,New Grad College,Open Investigation
Harassment,23-1172-OF,05/31/2023,13:59,05/30/2023 15:00,05/30/2023 15:00,05/30/2023 16:00,Lawrence Apartments,Open Investigation
Harassment: Bias Incident,23-1173-OF,05/31/2023,13:31,05/29/2023 09:00,05/29/2023 09:00,05/31/2023 08:30,Frist Campus Center,Open Investigation
Harassment,23-1209-OF,6/12/23,15:05,6/11/23 18:00,11/6/2023 18:00,6/12/23 15:05,Lawrence Apartments,Open Investigation
Trespassing,23-24-AR,06/13/2023,9:18,06/13/2023 09:55,06/13/2023 09:55,06/13/2023 09:55,Lakeside Apartments,Arrest
Harassment,23-1230-OF,06/19/2023,10:09,06/17/2023 18:33,06/17/2023 18:33,06/19/2023 09:02,200 Elm Drive,Open Investigation
Terroristic Threats,23-1237-OF,06/20/2023,12:28,06/16/2023 09:15,06/16/2023 09:15,06/16/2023 09:15,Helm Building,Open Investigation
Harassment: Domestic Violence,23-1239-OF,06/20/2023,22:05,06/20/2023 22:05,06/20/2023 22:05,06/20/2023 22:05,Lakeside Apartments,Open Investigation
Trespassing,23-1247-OF,06/23/2023,10:55,06/20/2023 11:00,06/20/2023 11:00,06/23/2023 11:39,Lewis Center for the Arts,Open Investigation
Harassment: Bias Incident,23-1256-OF,06/28/2023,9:36,06/28/2023 08:16,06/28/2023 08:16,06/28/2023 08:16,Nassau Hall,Open Investigation
Harassment,23-1264-OF,06/30/2023,10:23,6/10/23 10:23,10/6/2023 10:23,06/30/2023 11:33,Frist Campus Center,Open Investigation
Harassment,23-1266-OF,7/1/23,13:43,7/1/23 13:43,1/7/2023 13:43,7/1/23 13:43,Princeton Station & Platform,Open Investigation
Shoplifting,23-1269-OF,7/2/23,1:55,7/2/23 1:55,2/7/2023 1:55,7/2/23 1:55,152 Alexander Street,Open Investigation
Harassment,23-1273-OF,7/2/23,17:10,7/2/23 16:00,2/7/2023 16:00,7/2/23 16:00,Nassau Hall,Open Investigation
Service of Warrant,23-31-AR,7/2/23,11:49,7/2/23 11:49,2/7/2023 11:49,7/2/23 11:49,200 Elm Drive,Arrest
Trespassing,23-1285-OF,7/6/23,15:49,7/6/23 15:49,6/7/2023 15:49,7/6/23 15:49,Wawa,Open Investigation
Trespassing,23-1289-OF,7/7/23,9:04,7/7/23 8:45,7/7/2023 8:45,7/7/23 9:00,4 Mercer Street,Open Investigation
Assault,23-1312-OF,07/14/2023,15:28,07/14/2023 15:15,07/14/2023 15:15,07/14/2023 15:20,West Sailing Pavilion,Open Investigation
Shoplifting,23-1355-OF,07/28/2023,23:39,07/28/2023 23:39,07/28/2023 23:39,07/29/2023 00:08,Wawa,Closed
Theft,23-1551-OF 23-35-AR,9/6/23,22:20,9/3/23 19:50,3/9/2023 19:50,9/6/23 20:00,Bloomberg Hall,Arrest
Harassment: Bias Incident,23-1564-OF,9/8/23,17:39,08/28/2023 00:01,08/28/2023 00:01,9/8/23 17:00,Morrison Hall,Open Investigation
Assault,23-1579-OF,9/10/23,1:00,9/10/23 0:36,10/9/2023 0:36,9/10/23 0:50,Old Graduate College,Open Investigation
Defiant Trespass,23-33-AR,9/9/23,17:46,9/9/23 17:46,9/9/2023 17:46,9/9/23 17:46,Lewis Center for the Arts,Arrest
Shoplifting,23-34-AR (23-1615-OF),09/13/2023,15:33,09/13/2023 09:30,09/13/2023 09:30,09/13/2023 12:20,Art Museum Store,Arrest
Trespassing,23-40-AR (23-1861-OF),10/15/2023,18:02,10/15/2023 18:02,10/15/2023 18:02,10/15/2023 18:10,Bendheim Center for Finance,Arrest
Defiant Trespass,23-40-AR,10/16/2023,12:21,10/16/2023 12:55,10/16/2023 12:55,10/16/2023 12:55,Witherspoon St,Arrest
Defiant Trespass,23-1862-OF,10/16/2023,16:29,10/16/2023 16:29,10/16/2023 16:29,10/16/2023 16:29,Sherrerd Hall,Open Investigation
Bias Intimidation,23-1871-OF,10/17/2023,23:05,10/17/2023 21:50,10/17/2023 21:50,10/17/2023 22:10,1981 Hall,Open Investigation
Shoplifting,23-1881-OF,10/20/2023,12:12,09/21/2023 11:48,09/21/2023 11:48,09/21/2023 12:10,University Store,Open Investigation
Terroristic Threats,23-1900-OF,10/23/2023,9:57,10/23/2023 09:57,10/23/2023 09:57,10/23/2023 10:00,Princeton Plasma Physics Laboratory,Open Investigation
False Public Alarm,23-1922-OF,10/25/2023,9:41,10/25/2023 09:41,10/25/2023 09:41,10/25/2023 09:41,Frit Campus Center,Open Investigation
Theft,23-1896-OF,10/22/2023,23:11,10/13/2023 01:00,10/13/2023 01:00,10/22/2023 20:00,Kwanza Marion Jones Hall,Open Investigation
Theft,23-1877-OF,10/19/2023,16:30,10/18/2023 16:00,10/18/2023 16:00,10/18/2023 16:50,Bowen Hall,Open Investigation
Theft,23-1875-OF,10/18/2023,19:53,10/16/2023 09:00,10/16/2023 09:00,10/18/2023 19:30,Train Station,Open Investigation
Theft,23-1175-OF,6/1/23,11:39,05/31/2023 14:40,05/31/2023 14:40,05/31/2023 17:40,1903 Hall,Open Investigation
Theft,23-1181-OF,6/2/23,17:15,6/2/23 15:30,2/6/2023 15:30,6/2/23 17:00,Thomas Laboratory,Open Investigation
Theft,23-1183-OF,6/3/23,12:27,6/2/23 22:30,2/6/2023 22:30,6/3/23 11:15,Pyne Hall,Open Investigation
Theft,23-1186-OF,6/4/23,18:57,6/4/23 18:57,4/6/2023 18:57,6/4/23 18:57,Princeton Stadium,Open Investigation
Theft,23-1193-OF,6/8/23,7:12,6/7/23 9:00,7/6/2023 9:00,6/07/2023 12:00 L,ake Campus Construction,Open Investigation
Theft,23-1197-OF,6/9/23,7:42,6/9/23 7:42,9/6/2023 7:42,6/9/23 7:42,University Store,Open Investigation
Theft,23-1211-OF,6/12/23,22:41,6/12/23 16:00,12/6/2023 16:00,6/12/23 20:00,Theater Garage,Open Investigation
Theft,23-1216-OF,06/14/2023,12:14,05/24/2023 10:00,05/24/2023 10:00,05/24/2023 12:00,Shea Rowing Center,Open Investigation
Fraud,23-1223-OF,06/16/2023,20:43,06/14/2023 19:22,06/14/2023 19:22,06/16/2023 20:44,Jose E. Feliciano Hall,Open Investigation
Theft,23-1245-OF,06/22/2023,15:10,06/22/2023 15:06,06/22/2023 15:06,03/22/2023 15:08,36 University Place,Open Investigation
Theft,23-1255-OF,06/27/2023,8:56,05/29/2023 00:01,05/29/2023 00:01,06/26/2023 23:59,Firestone Library,Open Investigation
Theft,23-1263-OF,06/29/2023,16:17,06/28/2023 18:30,06/28/2023 18:30,06/29/2023 14:45,Engineering Quad,Open Investigation
Theft,23-1272-OF,7/2/23,15:07,7/2/23 13:40,2/7/2023 13:40,7/2/23 13:43,Springdale Club House,Open Investigation
Theft,23-1277-OF,7/3/23,16:49,7/3/23 16:34,3/7/2023 16:34,7/3/23 16:49,Frick Chemistry Lab,Open Investigation
Theft,23-1306-OF,7/12/23,15:04,7/12/23 0:30,12/7/2023 0:30,7/12/23 10:00,Dinky Bar & Kitchen,Open Investigation
Theft,23-1307-OF,07/13/2023,0:25,7/8/23 18:00,8/7/2023 18:00,07/13/2023 10:00,Wendell Hall,Open Investigation
Fraud,23-1308-OF,07/13/2023,16:22,7/10/23 14:00,10/7/2023 14:00,7/12/23 8:00,Aliya Kanji Hall,Open Investigation
Fraud,23-1310-OF,07/14/2023,13:35,07/13/2023 21:00,07/13/2023 21:00,07/14/2023 00:00,Woodlands Way,Open Investigation
Theft,23-1326-OF,07/17/2023,18:43,07/17/2023 14:45,07/17/2023 14:45,07/17/2023 17:30,Springdale Golf Club Parking Lot,Open Investigation
Theft,23-1328-OF,07/19/2023,9:28,07/17/2023 13:00,07/17/2023 13:00,07/17/2023 13:45,Yeh College,Open Investigation
Fraud,23-1352-OF,07/27/2023,15:41,07/24/2023 12:11,07/24/2023 12:11,07/27/2023 15:00,30 Elm Drive,Open Investigation
Theft,23-1365-OF,8/1/23,10:50,07/27/2023 17:30,07/27/2023 17:30,07/29/2023 08:40,New South,Open Investigation
Theft,23-1424-OF,08/18/2023,22:39,08/17/2023 12:00,08/17/2023 12:00,08/18/2023 22:39,Lawrence Apartments,Open Investigation
Theft,23-1431-OF,08/21/2023,17:44,08/21/2023 17:32,08/21/2023 17:32,08/21/2023 17:32,Dinky Bar & Kitchen,Open Investigation
Theft,23-1461-OF,08/27/2023,13:23,08/26/2023 22:30,08/26/2023 22:30,08/27/2023 13:00,Neuro Psychology Building,Open Investigation
Theft,23-1465-OF,08/28/2023,11:04,12/20/2023 13:54,12/20/2023 13:54,6/2/23 23:00,Dod Hall,Open Investigation
Theft,23-1469-OF,08/28/2023,22:05,08/22/2023 12:06,08/22/2023 12:06,08/28/2023 22:05,New Grad College,Open Investigation
Fraud,23-1472-OF,08/29/2023,11:23,08/15/2023 08:00,08/15/2023 08:00,08/28/2023 15:21,Princeton Childcare Center,Open Investigation
Theft,23-1481-OF,08/30/2023,7:26,08/29/2023 11:00,08/29/2023 11:00,08/29/2023 14:00,Wawa,Open Investigation
Theft,23-1495-OF,9/1/23,12:39,08/30/2023 17:15,08/30/2023 17:15,08/30/2023 17:15,Dillon Gym,Open Investigation
Theft,23-1514-OF,9/3/23,12:48,08/31/2023 20:00,08/31/2023 20:00,9/3/23 12:00,Lakeside Apartments,Open Investigation
Theft,23-1516-OF,9/3/23,15:58,9/3/23 0:00,3/9/2023 0:00,9/3/23 15:58,Whitman College,Open Investigation
Theft,23-1526-OF,9/4/23,10:23,8/1/23 9:00,1/8/2023 9:00,9/4/23 10:00,East Pyne Hall,Open Investigation
Theft,23-1527-OF,9/4/23,11:39,08/25/2023 09:00,08/25/2023 09:00,08/25/2023 16:00,Engineering Quadrangle,Open Investigation
Fraud,23-1549-OF,9/6/23,19:51,9/5/23 16:26,5/9/2023 16:26,9/6/23 19:51,300 Bunn Drive,Open Investigation
Theft,23-1550-OF,9/6/23,22:21,9/6/23 21:15,6/9/2023 21:15,9/6/23 22:00,Whitman College,Open Investigation
Theft,23-1560-OF,9/7/23,22:49,9/6/23 20:30,6/9/2023 20:30,9/6/23 21:00,Old Graduate College,Open Investigation
Theft,23-1571-OF,9/9/23,11:49,8/10/23 12:00,10/8/2023 12:00,9/9/23 10:00,Lawrence Apartments,Open Investigation
Theft,23-1616-OF,09/13/2023,15:29,08/23/2023 10:15,08/23/2023 10:15,9/12/23 12:00,Forbes College,Open Investigation
Theft,23-1620-OF,09/13/2023,20:30,09/13/2023 12:30,09/13/2023 12:30,09/13/2023 19:00,Wilcox Hall,Open Investigation
Theft,23-1622-OF,09/14/2023,11:44,05/19/2023 10:00,05/19/2023 10:00,9/1/23 7:00,Class of 1967 Hall,Open Investigation
Theft,23-1624-OF,09/14/2023,14:28,05/20/2023 00:01,05/20/2023 00:01,05/29/2023 23:59,Grousbeck Hall,Open Investigation
Theft,23-1635-OF,09/15/2023,22:40,09/15/2023 21:50,09/15/2023 21:50,09/15/2023 22:40,New College West,Unfounded
Theft,23-1655-OF,09/18/2023,10:43,09/14/2023 18:00,09/14/2023 18:00,09/15/2023 10:00,Engineering Quad,Open Investigation
Theft,23-1659-OF,09/19/2023,10:38,09/18/2023 21:00,09/18/2023 21:00,09/19/2023 08:50,Blair Hall,Open Investigation
Theft,23-1659-OF,09/19/2023,10:38,09/18/2023 21:00,09/18/2023 21:00,09/19/2023 08:50,Blair Hall,Open Investigation
Theft,23-1667-OF,09/20/2023,7:57,09/19/2023 18:10,09/19/2023 18:10,09/20/2023 08:00,Lawrence Apartments,Open Investigation
Theft,23-1669-OF,09/20/2023,13:12,09/20/2023 10:50,09/20/2023 10:50,09/20/2023 13:15,East Pyne Hall,Open Investigation
Theft,23-1670-OF,09/20/2023,14:46,09/19/2023 20:00,09/19/2023 20:00,09/20/2023 08:00,Pyne Hall,Open Investigation
Theft,23-1679-OF,09/21/2023,13:34,09/20/2023 21:00,09/20/2023 21:00,09/21/2023 00:15,Holder Hall,Open Investigation
Theft,23-1692-OF,09/22/2023,12:01,09/15/2023 12:00,09/15/2023 12:00,09/16/2023 9:00,755 Alexander Rd,Open Investigation
Theft,23-1698-OF,09/22/2023,23:54,09/22/2023 23:30,09/22/2023 23:30,09/22/2023 23:50,Baker Hall,Open Investigation
Theft,23-1720-OF,09/25/2023,9:59,09/25/2023 08:00,09/25/2023 08:00,09/25/2023 09:15,Jadwin Gym,Open Investigation
Theft,23-1788-OF,10/4/23,17:39,09/25/2023 18:00,09/25/2023 18:00,10/1/23 14:00,Holder Hall,Open Investigation
Theft,23-1801-OF,10/6/23,14:21,10/6/23 13:30,6/10/2023 13:30,10/6/23 14:21,Fine Hall,Open Investigation
Theft,23-1803-OF,10/6/23,16:23,10/5/23 19:20,5/10/2023 19:20,10/5/23 20:30,Aliya Kanji Hall,Open Investigation
Theft,23-1804-OF,10/6/23,23:16,10/6/23 21:00,6/10/2023 21:00,10/6/23 23:00,Carl Icahn Laboratory,Open Investigation
Theft,23-1817-OF,10/8/23,19:06,10/7/23 8:00,7/10/2023 8:00,10/7/23 9:00,Holder Hall,Open Investigation
Theft,23-1822-OF,10/9/23,12:03,10/9/23 10:55,9/10/2023 10:55,10/9/23 11:50,McCosh Hall,Open Investigation
Theft,23-1837-OF,10/11/23,17:36,10/7/23 8:00,7/10/2023 8:00,10/9/23 0:00,Lawrence Apartments Building #11,Open Investigation
Theft,23-1846-OF,10/12/23,15:38,10/12/23 11:00,12/10/2023 11:00,10/12/23 15:44,Holder Hall,Open Investigation
Theft,23-1864-OF,10/16/2023,17:53,10/13/2023 17:53,10/13/2023 17:53,10/16/2023 18:19,S Harrison St,Open Investigation
Theft,23-1902-OF,10/23/2023,12:47,10/21/2023 14:30,10/21/2023 14:30,1023/2023 10:30,Stadium Drive Parking Garage,Open Investigation
Theft,23-1904-OF,10/23/2023,14:35,10/19/2023 19:00,10/19/2023 19:00,10/23/2023 13:00,Lockhart Hall,Open Investigation
Theft,23-1905-OF,10/23/2023,15:00,09/20/2023 15:00,09/20/2023 15:00,10/10/23 15:00,Jadwin Gymnasium,Open Investigation
Criminal Mischief,23-1177-OF,6/1/23,13:40,6/1/23 9:15,1/6/2023 9:15,6/1/23 13:30,West Garage,Open Investigation
Criminal Mischief,23-1178-OF,6/1/23,15:15,05/31/2023 20:00,05/31/2023 20:00,6/1/23 7:10,Little Hall,Open Investigation
Criminal Mischief,23-1179-OF,6/1/23,19:46,6/1/23 19:46,1/6/2023 19:46,6/1/23 19:47,Baker Hall,Open Investigation
Criminal Mischief,23-1182-OF,6/2/23,21:47,6/2/23 21:47,2/6/2023 21:47,6/2/23 21:49,Theater Garage,Open Investigation
Criminal Mischief,23-1217-OF,06/14/2023,17:37,06/14/2023 08:30,06/14/2023 08:30,06/14/2023 17:30,Lawrence Apartments,Open Investigation
Criminal Mischief,23-1231-OF,06/19/2023,10:22,06/16/2023 15:30,06/16/2023 15:30,06/19/2023 09:30,Frist Campus Center,Open Investigation
Criminal Mischief,23-1243-OF,06/21/2023,11:24,06/17/2023 14:30,06/17/2023 14:30,06/21/2023 11:24,Scudders Plaza,Open Investigation
Criminal Mischief,23-1329-OF,07/19/2023,14:48,07/19/2023 14:48,07/19/2023 14:48,07/19/2023 14:48,Scudders Plaza,Open Investigation
Criminal Mischief,23-1346-OF,07/24/2023,10:38,07/24/2023 10:38,07/24/2023 10:38,07/24/2023 10:38,Firestone Library,Open Investigation
Criminal Mischief,23-1418-OF,08/17/2023,8:00,8/1/22 8:00,1/8/2022 8:00,09/15/2022 08:00,Princeton Stadium,Open Investigation
Criminal Mischief,23-1420-OF,08/18/2023,6:41,08/17/2023 13:30,08/17/2023 13:30,08/18/2023 08:10,Whig Hall,Open Investigation
Criminal Mischief,23-1439-OF,08/22/2023,15:24,08/20/2022 00:00,08/20/2022 00:00,08/31/2022 17:00,220 Alexander Street,Open Investigation
Criminal Mischief,23-1485-OF,08/31/2023,9:28,08/30/2023 15:45,08/30/2023 15:45,08/31/2023 09:28,Firestone Library,Open Investigation
Criminal Mischief,23-1501-OF,9/2/23,18:01,9/1/23 0:00,1/9/2023 0:00,9/2/23 18:01,Fu Hall,Open Investigation
Criminal Mischief,23-1543-OF,9/6/23,10:45,9/6/23 9:58,6/9/2023 9:58,9/6/23 10:45,Frist Campus Center,Open Investigation
Criminal Mischief,23-1597-OF,9/11/23,15:08,9/9/23 22:00,9/9/2023 22:00,9/11/23 15:05,Old Graduate College,Open Investigation
Criminal Mischief,23-1623-OF,09/14/2023,13:56,09/14/2023 11:45,09/14/2023 11:45,09/14/2023 13:26,Firestone Library,Open Investigation
Criminal Mischief,23-1641-OF,09/16/2023,10:09,09/14/2023 06:18,09/14/2023 06:18,09/16/2023 10:06,Princeton Stadium,Open Investigation
Criminal Mischief,23-1768-OF,10/1/23,22:16,09/30/2023 00:00,09/30/2023 00:00,09/30/2023 09:45,Dean Mathey Apartment Complex,Open Investigation
Criminal Mischief,23-1783-OF,10/3/23,12:34,10/3/23 8:00,3/10/2023 8:00,10/3/23 12:59,North Guard Post,Open Investigation
Criminal Mischief,23-1812-OF,10/7/23,23:26,10/7/23 23:26,7/10/2023 23:26,10/8/23 23:26,Henry Hall Courtyard,Open Investigation
Criminal Mischief,23-1813-OF,10/8/23,0:11,10/6/23 18:32,6/10/2023 18:32,10/7/23 23:26,Class of 1901 Laughlin,Open Investigation
Criminal Mischief,23-1819-OF,10/9/23,8:22,10/7/23 23:30,7/10/2023 23:30,10/8/23 7:45,Class of 1901 Laughlin,Open Investigation
Criminal Mischief,23-1860-OF,10/16/2023,9:23,10/13/2023 10:00,10/13/2023 10:00,10/16/2023 09:23,Art Museum,Open Investigation
Criminal Mischief,23-1932-OF,10/26/2023,14:40,10/26/2023 13:00,10/26/2023 13:00,10/25/2023 15:30,Neuro Psychology Building,Open Investigation
Harassment,23-1280-OF,7/4/23,19:21,7/4/23 12:00,4/7/2023 12:00,7/4/23 19:20,Spelman Halls,Open Investigation
Trespassing,23-1294-OF,7/8/23,21:16,7/1/23 15:00,1/7/2023 15:00,7/8/23 21:10,Addy Hall,Open Investigation
Harassment,23-1301-OF,7/11/23,22:51,7/11/23 22:00,11/7/2023 22:00,7/11/23 22:45,Dinky Bar & Kitchen,Open Investigation
Trespassing,23-32-AR,7/12/23,12:53,7/12/23 14:15,12/7/2023 14:15,7/12/23 14:15,New College West,Open Investigation
Harassment,23-1309-OF,07/13/2023,23:33,07/13/2023 23:13,07/13/2023 23:13,07/13/2023 23:13,Lawrence Apartments,Open Investigation
Trespassing,23-1311-OF,07/14/2023,14:25,07/14/2023 09:00,07/14/2023 09:00,07/14/2023 14:25,Lewis Center for the Arts,Closed
Trespassing,23-1331-OF,07/20/2023,8:00,07/20/2023 08:00,07/20/2023 08:00,07/20/2023 08:00,Frist Campus Center,Closed
Harassment,23-1334-OF,07/20/2023,13:04,07/19/2023 06:00,07/19/2023 06:00,07/20/2023 10:31,171 Broadmead Street,Open Investigation
Harassment,23-1336-OF,07/20/2023,14:52,07/20/2023 10:30,07/20/2023 10:30,07/20/2023 14:43,New South Building,Open Investigation
Trespassing,23-1372-OF,8/5/23,19:57,8/5/23 19:00,5/8/2023 19:00,8/5/23 19:57,Firestone Library,Open Investigation
Harassment,23-1393-OF,8/12/23,22:55,8/12/23 22:06,12/8/2023 22:06,8/12/23 22:06,35-53 University Place,Open Investigation
Trespassing,23-1398-OF,08/13/2023,19:11,08/13/2023 19:11,08/13/2023 19:11,08/13/2023 19:11,Firestone Library,Open Investigation
Harassment,23-1410-OF,08/15/2023,15:04,8/7/23 13:23,7/8/2023 13:23,8/7/23 13:23,Green Hall,Open Investigation
Harassment,23-1545-OF,9/6/23,14:23,9/6/23 13:30,6/9/2023 13:30,9/6/23 14:00,Edwards Hall,Open Investigation
Harassment,23-1604-OF,9/12/23,11:59,9/12/23 7:12,12/9/2023 7:12,9/12/23 7:12,Nassau Hall,Closed
Trespassing,23-1632-OF,09/15/2023,15:12,09/14/2023 19:00,09/14/2023 19:00,09/15/2023 15:12,Jadwin Gymnasium,Open Investigation
Harassment,23-1642-OF,09/16/2023,13:43,09/16/2023 13:43,09/16/2023 13:43,09/16/2023 13:43,Forbes College,Open Investigation
Harassment,23-1680-OF,09/21/2023,14:05,4/1/23 0:00,1/4/2023 0:00,09/21/2023 14:05,Scully Hall,Open Investigation
Trespassing,23-1691-OF,09/22/2023,11:33,09/22/2023 04:20,09/22/2023 04:20,09/22/2023 04:23,Foulke Hall,Open Investigation
Trespassing,23-1704-OF,09/23/2023,13:52,09/23/2023 13:42,09/23/2023 13:42,09/23/2023 13:42,Forbes College,Open Investigation
Harassment,23-1707-OF,09/23/2023,20:15,09/15/2023 1:30,09/15/2023 1:30,09/23/2023 19:45,Fu Hall,Open Investigation
Trespassing,23-1718-OF,09/25/2023,5:33,09/24/2023 12:00,09/24/2023 12:00,09/24/2023 13:30,Bendheim Center,Open Investigation
Trespassing,23-1741-OF,09/28/2023,13:33,09/28/2023 13:33,09/28/2023 13:33,09/28/2023 13:33,Lewis Center for the Arts,Open Investigation
Harassment,23-1754-OF,09/30/2023,14:44,09/30/2023 14:30,09/30/2023 14:30,09/30/2023 15:00,Old Graduate College,Open Investigation
Harassment,23-1766-OF,10/1/23,12:56,6/1/23 0:00,1/6/2023 0:00,9/9/23 0:00,27 Edwards Place,Open Investigation
Harassment,23-1780-OF,10/3/23,12:29,09/23/2023 16:30,09/23/2023 16:30,10/3/23 12:07,Clio Hall,Open Investigation
Harassment,23-1802-OF,10/6/23,16:10,10/6/23 15:00,6/10/2023 15:00,10/6/23 15:00,Morrison Hall,Open Investigation
Trespassing,23-36-AR,10/8/23,23:04,10/8/23 23:04,8/10/2023 23:04,10/8/23 23:04,Bendheim Center for Finance,Arrest
Trespassing,23-37-AR,10/9/23,7:51,10/9/23 9:45,9/10/2023 9:45,10/9/23 9:45,Bendheim Center for Finance,Arrest
Trespassing,23-38-AR,10/11/23,12:40,10/11/23 12:40,11/10/2023 12:40,10/11/23 12:40,Bendheim Center for Finance,Arrest
Harassment,23-1834-OF,10/11/23,12:54,10/11/23 4:59,11/10/2023 4:59,10/11/23 6:00,Nassau Hall,Open Investigation
Harassment,23-1839-OF,10/12/23,8:51,10/11/23 8:30,11/10/2023 8:30,10/12/23 8:35,North Garage,Open Investigation
Harassment,23-1844-OF,10/12/23,13:37,10/7/23 16:00,7/10/2023 16:00,10/12/23 13:57,10 Washington Road,Open Investigation
Trespassing,23-39-AR,10/14/2023,21:41,10/14/2023 21:41,10/14/2023 21:41,10/14/2023 21:41,Aliya Kanji Hall,Arrest
Trespassing,23-1903-OF,10/23/2023,13:18,10/23/2023 13:18,10/23/2023 13:18,10/23/2023 13:18,Lewis Center for the Arts,
Trespassing,23-41-AR,10/24/2023,9:34,10/24/2023 09:34,10/24/2023 09:34,10/24/2023 09:34,Robertson Hall,Arrest
Harassment,23-1923-OF,10/25/2023,11:40,10/25/2023 10:13,10/25/2023 10:13,10/25/2023 11:40,Dickinson Hall,Open Investigation
Trespassing,23-1933-OF,10/26/2023,16:35,10/26/2023 16:35,10/26/2023 16:35,10/26/2023 16:35,Sherrerd Hall,Open Investigation