"id","Date","Time","Crime","Location","Building"
1,"4/2/23","11:53","DAMAGED PROPERTIES","HALL","TEMASEK HALL (COMMUNAL HALL)"
2,"23/8/23","12:34","DAMAGED PROPERTIES","KV","KENT VALE APARTMENT BLK A,103"
3,"15/5/23","12:31","CASES OF EMERGENCY","FOS","LECTURE THEATRE 26"
4,"15/9/23","22:02","DAMAGED PROPERTIES","UTown","COLLEGE OF A&P TAN -TOWER"
5,"21/2/23","19:42","DAMAGED PROPERTIES","UTown","TEMBUSU COLLEGE- MPH"
6,"15/12/22","5:21","STOLEN ITEMS","FOS","MD BLK 1  (TAHIR FDN BLDG)"
7,"19/12/22","16:44","DAMAGED PROPERTIES","FOS","BRENNER CTR FOR MOLECULAR MED"
8,"26/10/22","9:17","CASES OF EMERGENCY","YIH","YUSOF ISHAK HOUSE"
9,"18/3/23","19:51","LOST AND FOUND","HALL","SHEARES HALL (BLOCK B)"
10,"26/5/23","12:52","DAMAGED PROPERTIES","UTown","UHALL CARPARK"
11,"17/9/23","18:12","DAMAGED PROPERTIES","PGP","PGP RESIDENCES (BLOCK 29)"
12,"19/12/22","4:21","LOST AND FOUND","HALL","KENT RIDGE (COMMUNAL HALL)"
13,"29/1/23","19:39","LOST AND FOUND","KV","KENT VALE APARTMENT BLK I, 119"
14,"3/3/23","12:37","LOST AND FOUND","PGP","KE VII HALL (BLOCK B)"
15,"23/2/23","20:15","LOST AND FOUND","UTown","ELECTRICAL SUB-STATION"
16,"26/1/23","16:28","DAMAGED PROPERTIES","FOS","BRENNER CTR FOR MOLECULAR MED"
17,"6/12/22","0:39","SEXUAL INCIDENT REPORTS","KR","2 KR BUNGALOW"
18,"3/8/23","11:53","LOST AND FOUND","BTC","18 EVANS BUNGALOW"
19,"6/1/23","14:15","CASES OF EMERGENCY","BTC","BTC-CAFE"
20,"19/2/23","2:33","DAMAGED PROPERTIES","FOS","BRENNER CTR FOR MOLECULAR MED"
21,"3/1/23","22:33","DAMAGED PROPERTIES","UCC","DECOM SUB-STATION 1 (NEAR LKCNHM)"
22,"2/1/23","16:10","LOST AND FOUND","BIZ","NUS ENTERPRISE-JTC BLK71"
23,"10/2/23","1:17","STOLEN ITEMS","UTown","UTOWN RESIDENCE SOUTH-TOWER"
24,"21/1/23","18:13","CASES OF EMERGENCY","FASS","ARTS & SOCIAL SCIENCES BLOCK 1"
25,"24/5/23","21:17","DAMAGED PROPERTIES","PGP","3 PGP BUNGALOW"
26,"12/5/23","17:24","LOST AND FOUND","FOS","SCIENCE BLOCK 12"
27,"18/4/23","14:32","LOST AND FOUND","PGP","PGP RESIDENCES (BLOCK 13)"
28,"11/5/23","13:24","CASES OF EMERGENCY","PGP","14 PGP BUNGALOW"
29,"19/1/23","18:19","LOST AND FOUND","UTown","YALE RESIDENTIAL COLLEGE 2"
30,"28/10/22","11:48","STOLEN ITEMS","PGP","KE VII HALL (BLOCK C)"
31,"5/2/23","1:11","LOST AND FOUND","FASS","FASS BLK7 (SHAW FDN BLDG)"
32,"16/5/23","16:30","DAMAGED PROPERTIES","CDE","ENGINEERING BLOCK 2A (EDIC)"
33,"15/9/23","5:12","LOST AND FOUND","PGP","PGP RESIDENCES (BLOCK 18)"
34,"4/10/23","11:56","DAMAGED PROPERTIES","UTown","YALE DINNING SERVICES"
35,"3/11/22","9:35","LOST AND FOUND","FASS","FASS BLK7 (SHAW FDN BLDG)"
36,"16/2/23","22:10","STOLEN ITEMS","PGP","SUB-STATION 4 (NEAR KEVII)"
37,"24/1/23","6:34","LOST AND FOUND","HALL","SHEARES HALL (BLOCK E)"
38,"13/4/23","15:55","DAMAGED PROPERTIES","PGP","14 PGP BUNGALOW"
39,"3/7/23","8:55","CASES OF EMERGENCY","UTown","YALE WEST CORE"
40,"10/8/23","8:08","DAMAGED PROPERTIES","FOS","LECTURE THEATRE 29"
41,"13/6/23","12:34","DAMAGED PROPERTIES","HALL","KENT RIDGE HALL (BLOCK D)"
42,"15/8/23","6:55","LOST AND FOUND","PGP","STORE 1 (NEAR KEVII HALL)"
43,"16/12/22","7:41","LOST AND FOUND","PGP","PGP RESIDENCES (BLOCK 17)"
44,"29/1/23","13:01","DAMAGED PROPERTIES","BIZ","NUS SOCIETY-GUILD HOUSE"
45,"3/10/23","1:20","CASES OF EMERGENCY","UCC","ALICE LEE PLAZA"
46,"25/4/23","7:48","DAMAGED PROPERTIES","UTown","DINNING HALL (C&T COLLEGE)"
47,"6/10/23","23:11","LOST AND FOUND","FASS","AS8 CARPARK"
48,"3/9/23","2:35","DAMAGED PROPERTIES","PGP","PGP RESIDENCES (BLOCK 6)"
49,"24/11/22","10:13","LOST AND FOUND","CDE","TLL CARPARK"
50,"2/4/23","12:43","DAMAGED PROPERTIES","BTC","16 EVANS BUNGALOW"
51,"7/3/23","6:11","STOLEN ITEMS","KR","6 KR BUNGALOW"
52,"3/10/23","21:38","DAMAGED PROPERTIES","CDE","CTR FOR ENGLISH LANGUAGE COMMUNICATION"
53,"15/3/23","19:38","LOST AND FOUND","CDE","LECTURE THEATRE 4"
54,"12/11/22","8:16","SEXUAL INCIDENT REPORTS","FOS","SCIENCE BLOCK 6"
55,"20/12/22","21:11","STOLEN ITEMS","YIH","RAFFLES HALL (BLOCK E)"
56,"29/12/22","6:56","STOLEN ITEMS","FOS","LECTURE THEATRE 26"
57,"8/5/23","23:22","DAMAGED PROPERTIES","UCC","UNIVERSITY CULTURAL CENTRE"
58,"15/7/23","12:18","DAMAGED PROPERTIES","UTown","CREATE (INNOVATION)"
59,"6/5/23","15:19","LOST AND FOUND","HALL","TEMASEK HALL (BLOCK A)"
60,"27/6/23","0:20","DAMAGED PROPERTIES","SOC","LECTURE THEATRE 15"
61,"26/9/23","3:36","DAMAGED PROPERTIES","FOS","SCIENCE BLOCK 16"
62,"26/9/23","20:16","STOLEN ITEMS","PGP","PGP RESIDENCES (BLOCK 29)"
63,"16/7/23","8:09","LOST AND FOUND","YIH","NUS STAFF CLUB"
64,"30/9/23","22:31","CASES OF EMERGENCY","BTC","18 EVANS BUNGALOW"
65,"28/10/22","12:05","LOST AND FOUND","KR","9 KR BUNGALOW"
66,"1/6/23","16:04","STOLEN ITEMS","HALL","TEMASEK HALL (BLOCK B)"
67,"29/6/23","18:53","LOST AND FOUND","CDE","DESIGN & ENVIRONMENT BLOCK 4"
68,"25/6/23","4:35","LOST AND FOUND","YIH","SRC MINI GRAND STAND"
69,"31/10/22","20:51","CASES OF EMERGENCY","YIH","RAFFLES HALL (BLOCK C)"
70,"18/12/22","13:44","SEXUAL INCIDENT REPORTS","UTown","RESIDENT COLLEGE 4"
71,"7/1/23","21:05","DAMAGED PROPERTIES","YIH","RAFFLES HALL (BLOCK D)"
72,"10/3/23","4:51","LOST AND FOUND","CDE","DESIGN & ENVIRONMENT BLOCK 2"
73,"24/1/23","9:32","LOST AND FOUND","PGP","PGP RESIDENCES (BLOCK 27)"
74,"4/4/23","10:51","DAMAGED PROPERTIES","PGP","18 PGP BUNGALOW"
75,"5/7/23","19:34","LOST AND FOUND","HALL","SHEARES HALL (BLOCK E)"
76,"27/11/22","23:41","STOLEN ITEMS","UTown","CREATE (INNOVATION)"
77,"14/12/22","18:42","DAMAGED PROPERTIES","HALL","SHEARES HALL (BLOCK C)"
78,"16/7/23","8:09","STOLEN ITEMS","FOS","LECTURE THEATRE 34"
79,"21/9/23","10:53","DAMAGED PROPERTIES","FASS","LECTURE THEATRE 9"
80,"27/11/22","10:23","LOST AND FOUND","FOS","NATIONAL UNIVERSITY CENTRE FOR ORAL HEALTH SINGAPORE"
81,"23/3/23","11:19","CASES OF EMERGENCY","UTown","CINNAMON COLLEGE -MAIN BLK"
82,"10/9/23","8:09","LOST AND FOUND","UTown","CINNAMON UNI SCH PROG (USP)"
83,"26/8/23","16:07","LOST AND FOUND","UTown","CREATE (UTOWN PLAZA)"
84,"2/3/23","2:47","DAMAGED PROPERTIES","FOS","SCIENCE BLOCK 9"
85,"5/8/23","18:26","SEXUAL INCIDENT REPORTS","BTC","BTC-BLOCK B"
86,"4/3/23","4:25","STOLEN ITEMS","PGP","TEMASEK LIFE SCIENCE LAB"
87,"28/1/23","19:46","STOLEN ITEMS","UTown","CINNAMON COLLEGE -MPH"
88,"18/10/22","23:40","LOST AND FOUND","PGP","4 PGP BUNGALOW"
89,"17/5/23","11:42","LOST AND FOUND","HALL","EUSOFF HALL (BLOCK B)"
90,"17/8/23","14:06","LOST AND FOUND","KR","SEA-TO-SPACE (18KR BUNGALOW)"
91,"22/4/23","11:40","LOST AND FOUND","PGP","PGP RESIDENCES (BLOCK 25)"
92,"2/1/23","5:57","DAMAGED PROPERTIES","HALL","KENT RIDGE HALL (BLOCK A)"
93,"29/10/22","21:43","STOLEN ITEMS","UCC","NATIONAL SINGAPORE WIND TUNNEL"
94,"29/6/23","22:15","CASES OF EMERGENCY","PGP","PGP RESIDENCES RESTAURANT"
95,"8/11/22","2:15","DAMAGED PROPERTIES","FOS","LECTURE THEATRE 21"
96,"8/2/23","10:21","DAMAGED PROPERTIES","PGP","PGP RESIDENCES (BLOCK 11)"
97,"27/11/22","2:17","CASES OF EMERGENCY","SOC","LECTURE THEATRE 16"
98,"11/2/23","9:58","LOST AND FOUND","CDE","LECTURE THEATRE 7"
99,"16/6/23","1:39","LOST AND FOUND","BTC","BTC-FEDERAL"
100,"26/2/23","1:35","LOST AND FOUND","UTown","YALE DINNING SERVICES"
101,"5/2/23","11:30","DAMAGED PROPERTIES","FOS","SCIENCE BLOCK 7"
102,"26/1/23","18:38","DAMAGED PROPERTIES","FOS","SUB-STATION 3 (NEAR S13)"
103,"7/3/23","13:13","LOST AND FOUND","FOS","LECTURE THEATRE 34"
104,"2/10/23","17:27","DAMAGED PROPERTIES","HALL","EUSOFF HALL (COMMUNAL HALL)"
105,"30/11/22","7:11","DAMAGED PROPERTIES","FOS","LECTURE THEATRE 35 (PETER AND MARY FU)"
106,"28/2/23","12:34","STOLEN ITEMS","HMKT","HENG MUI KENG TERRACE BLOCK B"
107,"7/12/22","5:47","DAMAGED PROPERTIES","PGP","PGP RESIDENCES (BLOCK 1)"
108,"16/11/22","11:32","LOST AND FOUND","YIH","RAFFLES HALL (BLOCK B)"
109,"27/6/23","12:47","LOST AND FOUND","KR","1 KR BUNGALOW"
110,"5/12/22","11:55","STOLEN ITEMS","HALL","TEMASEK HALL (COMMUNAL HALL)"
111,"16/3/23","22:05","DAMAGED PROPERTIES","FOS","SCIENCE BLOCK 13"
112,"21/4/23","23:03","CASES OF EMERGENCY","UTown","YALE SPORTS HALL"
113,"1/2/23","14:04","DAMAGED PROPERTIES","UTown","YALE RESIDENTIAL COLLEGE 1"
114,"24/4/23","14:48","LOST AND FOUND","HALL","KENT RIDGE HALL (BLOCK C)"
115,"17/8/23","9:42","STOLEN ITEMS","CDE","ENGINEERING BLOCK 8"
116,"30/4/23","1:57","LOST AND FOUND","UTown","YALE SPORTS HALL"
117,"10/3/23","5:07","LOST AND FOUND","CDE","INFORMATION TECHNOLOGY"
118,"12/3/23","17:47","DAMAGED PROPERTIES","UTown","RESIDENT COLLEGE 4 -MPH"
119,"1/12/22","20:01","CASES OF EMERGENCY","BTC","20 EVANS BUNGALOW"
120,"15/8/23","20:58","LOST AND FOUND","FASS","FASS BLK7 (SHAW FDN BLDG)"
121,"9/3/23","11:10","DAMAGED PROPERTIES","FOS","LECTURE THEATRE 20"
122,"18/4/23","18:22","STOLEN ITEMS","YIH","SRC MINI GRAND STAND"
123,"14/8/23","2:46","STOLEN ITEMS","PGP","PGP RESIDENCES LECTURE THEATRE"
124,"23/11/22","13:26","CASES OF EMERGENCY","FOS","SCIENCE BLOCK 5"
125,"27/11/22","0:24","LOST AND FOUND","UCC","YSTCM CARPARK"
126,"6/9/23","17:37","SEXUAL INCIDENT REPORTS","PGP","18A PGP BUNGALOW"
127,"17/1/23","1:41","DAMAGED PROPERTIES","CDE","ENGINEERING BLOCK 7"
128,"14/10/23","22:43","DAMAGED PROPERTIES","YIH","RIDGE VIEW RESIDENCE (BLOCK A)"
129,"28/12/22","15:21","LOST AND FOUND","PGP","PGP RESIDENCES (BLOCK 22)"
130,"8/4/23","15:47","STOLEN ITEMS","YIH","RAFFLES HALL (BLOCK B)"
131,"28/12/22","2:23","DAMAGED PROPERTIES","CDE","DESIGN & ENVIRONMENT BLOCK 2"
132,"16/2/23","23:06","SEXUAL INCIDENT REPORTS","CDE","ENGINEERING BLOCK 2"
133,"28/5/23","20:33","LOST AND FOUND","BIZ","HON SUI SEN MEMORIAL LIBRARY"
134,"15/7/23","5:53","DAMAGED PROPERTIES","CDE","LECTURE THEATRE 1"
135,"18/9/23","11:55","DAMAGED PROPERTIES","HALL","INSTITUTE OF SYSTEMS SCIENCE"
136,"19/10/22","12:13","DAMAGED PROPERTIES","HALL","TEMASEK HALL (COMMUNAL HALL)"
137,"19/3/23","11:41","STOLEN ITEMS","BTC","BTC-TOWER BLOCK"
138,"26/5/23","22:27","STOLEN ITEMS","HALL","TEMASEK HALL (BLOCK C)"
139,"13/6/23","22:56","DAMAGED PROPERTIES","HALL","SHEARES HALL (BLOCK C)"
140,"15/7/23","21:51","CASES OF EMERGENCY","CDE","LECTURE THEATRE 7A"
141,"18/11/22","23:55","DAMAGED PROPERTIES","DNMS","TAN CHENG LOCK BABA HSE MUSEUM"
142,"17/10/22","19:17","LOST AND FOUND","PGP","7 PGP BUNGALOW"
143,"12/11/22","3:55","LOST AND FOUND","HALL","TEMASEK HALL (BLOCK D)"
144,"22/8/23","19:55","LOST AND FOUND","CDE","CANTEEN 1 (TECHNO EDGE)"
145,"19/12/22","15:52","DAMAGED PROPERTIES","CDE","LECTURE THEATRE 3"
146,"16/12/22","0:31","DAMAGED PROPERTIES","CDE","LECTURE THEATRE 6"
147,"18/1/23","9:49","DAMAGED PROPERTIES","CDE","E6 CARPARK"
148,"5/11/22","12:24","LOST AND FOUND","BIZ","NUS SOCIETY-GUILD HOUSE"
149,"1/4/23","10:17","DAMAGED PROPERTIES","BTC","BTC-MOOT COURT"
150,"24/11/22","8:26","SEXUAL INCIDENT REPORTS","UTown","YALE FITNESS CENTER"
151,"10/4/23","13:07","LOST AND FOUND","PGP","KE VII HALL (BLOCK H)"
152,"28/6/23","21:55","LOST AND FOUND","HALL","TEMASEK HALL (BLOCK A)"
153,"17/5/23","12:24","LOST AND FOUND","FASS","ARTS & SOCIAL SCIENCES BLOCK 1"
154,"5/10/23","4:54","SEXUAL INCIDENT REPORTS","FOS","SCIENCE BLOCK 2"
155,"26/3/23","6:05","LOST AND FOUND","FOS","CANTEEN 4 (FRONTIER)"
156,"6/2/23","10:29","STOLEN ITEMS","UTown","YALE EAST CORE"
157,"1/1/23","16:48","STOLEN ITEMS","FOS","LECTURE THEATRE 31"
158,"10/9/23","0:24","LOST AND FOUND","KR","12 KR BUNGALOW"
159,"1/3/23","17:40","SEXUAL INCIDENT REPORTS","FOS","SUB-STATION 3 (NEAR S13)"
160,"7/7/23","1:08","DAMAGED PROPERTIES","FOS","NUHS-MAIN BUILDING"
161,"18/7/23","14:29","DAMAGED PROPERTIES","UTown","YALE EAST CORE"
162,"11/6/23","8:29","SEXUAL INCIDENT REPORTS","YIH","RAFFLES HALL (BLOCK B)"
163,"8/1/23","5:25","LOST AND FOUND","UTown","TEMBUSU LEARN LOBE"
164,"29/9/23","23:20","LOST AND FOUND","FOS","SCIENCE BLOCK 3"
165,"12/6/23","22:19","DAMAGED PROPERTIES","PGP","SUB-STATION 4 (NEAR KEVII)"
166,"18/1/23","20:32","LOST AND FOUND","YIH","RIDGE VIEW RESIDENCE (BLOCK A)"
167,"10/3/23","19:32","SEXUAL INCIDENT REPORTS","HALL","SHEARES HALL (BLOCK E)"
168,"19/8/23","15:32","DAMAGED PROPERTIES","KV","COMMUNAL BLK B"
169,"16/2/23","6:08","LOST AND FOUND","PGP","PGP RESIDENCES (BLOCK 3)"
170,"16/10/23","1:54","DAMAGED PROPERTIES","PGP","PGP RESIDENCES (BLOCK 16)"
171,"12/4/23","5:55","LOST AND FOUND","FASS","CENTRAL LIBRARY"
172,"5/11/22","22:30","DAMAGED PROPERTIES","PGP","PGP RESIDENCES (BLOCK 19)"
173,"31/12/22","13:28","LOST AND FOUND","YIH","RIDGE VIEW TOWER BLK (RVF)"
174,"17/4/23","10:40","DAMAGED PROPERTIES","FOS","LECTURE THEATRE 32"
175,"1/10/23","16:31","STOLEN ITEMS","HALL","TEMASEK HALL (BLOCK B)"
176,"9/10/23","6:06","CASES OF EMERGENCY","UTown","YALE ADMINISTRATION BLOCK"
177,"12/3/23","10:31","CASES OF EMERGENCY","UTown","DINING HALL (RC4 & CAPT)"
178,"28/6/23","19:27","DAMAGED PROPERTIES","CDE","ENGINEERING BLOCK 5"
179,"3/10/23","6:43","DAMAGED PROPERTIES","PGP","5 PGP BUNGALOW"
180,"16/4/23","22:51","STOLEN ITEMS","PGP","KE VII HALL (BLOCK C)"
181,"2/3/23","22:10","LOST AND FOUND","PGP","PGP RESIDENCES (BLOCK 29)"
182,"21/10/22","10:45","DAMAGED PROPERTIES","PGP","PGP RESIDENCES (BLOCK 22)"
183,"31/1/23","14:23","DAMAGED PROPERTIES","FOS","LECTURE THEATRE 31"
184,"27/7/23","22:02","LOST AND FOUND","FOS","MEDICINE BLOCK 9"
185,"9/2/23","19:08","DAMAGED PROPERTIES","FOS","LT 27 (LIM SENG TJOE LECTURE)"
186,"5/9/23","8:13","CASES OF EMERGENCY","UTown","UTOWN RESIDENCE SOUTH-TOWER"
187,"2/8/23","18:03","LOST AND FOUND","FOS","NUHS-MAIN BUILDING"
188,"9/12/22","2:32","SEXUAL INCIDENT REPORTS","BIZ","BIZ1 CARPARK"
189,"6/12/22","4:02","SEXUAL INCIDENT REPORTS","UTown","RESIDENT COLLEGE 4 -MPH"
190,"15/5/23","0:21","LOST AND FOUND","UTown","DINNING HALL (C&T COLLEGE)"
191,"10/7/23","6:47","CASES OF EMERGENCY","UTown","RESIDENT COLLEGE 4"
192,"28/6/23","21:26","SEXUAL INCIDENT REPORTS","SOC","DATA-CENTRE-NUS HIGH SCHOOL"
193,"15/7/23","12:46","SEXUAL INCIDENT REPORTS","UTown","YALE RESIDENTIAL COLLEGE 2"
194,"4/3/23","0:05","DAMAGED PROPERTIES","KV","SUB-STATION/BIN CENTRE"
195,"21/12/22","18:24","STOLEN ITEMS","SOC","I3"
196,"28/3/23","7:30","LOST AND FOUND","YIH","UNIVERSITY HALL"
197,"14/4/23","20:47","DAMAGED PROPERTIES","PGP","18A PGP BUNGALOW"
198,"18/5/23","16:34","STOLEN ITEMS","KR","5 KR BUNGALOW"
199,"23/4/23","21:08","STOLEN ITEMS","KV","COMMUNAL BLK B"
200,"18/1/23","14:13","LOST AND FOUND","HALL","TEMASEK HALL (BLOCK D)"
201,"21/10/22","14:57","DAMAGED PROPERTIES","YIH","RIDGE VIEW RESIDENCE (BLOCK G)"
202,"16/11/22","22:27","LOST AND FOUND","KR","12 KR BUNGALOW"
203,"8/12/22","20:12","LOST AND FOUND","HMKT","HENG MUI KENG TERRACE BLOCK B"
204,"7/6/23","2:42","STOLEN ITEMS","HALL","SHEARES HALL (COMMUNAL HALL)"
205,"14/2/23","10:33","LOST AND FOUND","PGP","PGP RESIDENCES (BLOCK 15)"
206,"17/4/23","12:00","LOST AND FOUND","FOS","SCIENCE BLOCK 9"
207,"21/1/23","19:18","DAMAGED PROPERTIES","BTC","BTC-CAFE"
208,"18/4/23","2:10","DAMAGED PROPERTIES","HALL","KENT RIDGE HALL (BLOCK C)"
209,"19/6/23","18:10","SEXUAL INCIDENT REPORTS","PGP","PGP RESIDENCES (BLOCK 11)"
210,"19/4/23","6:16","DAMAGED PROPERTIES","FASS","LECTURE THEATRE 13"
211,"17/11/22","6:39","LOST AND FOUND","HALL","VENTUS (UNI CAMPUS INFRA)"
212,"11/1/23","3:54","LOST AND FOUND","BTC","20 EVANS BUNGALOW"
213,"8/1/23","11:55","LOST AND FOUND","UTown","DISTRICT COOLING PLANT"
214,"11/9/23","3:51","STOLEN ITEMS","FOS","SCIENCE BLOCK 5"
215,"14/1/23","19:41","LOST AND FOUND","BIZ","HON SUI SEN MEMORIAL LIBRARY"
216,"16/8/23","20:40","LOST AND FOUND","FOS","MEDICINE BLOCK 9"
217,"21/6/23","6:33","STOLEN ITEMS","BTC","BTC-EU TONG SEN"
218,"10/5/23","17:41","CASES OF EMERGENCY","FOS","MEDICINE + SCIENCE LIBRARY"
219,"20/6/23","4:04","DAMAGED PROPERTIES","SOC","LECTURE THEATRE 17"
220,"10/9/23","18:19","DAMAGED PROPERTIES","PGP","6 PGP BUNGALOW"
221,"24/2/23","7:12","CASES OF EMERGENCY","FASS","LECTURE THEATRE 8"
222,"21/7/23","21:37","LOST AND FOUND","FOS","SUB-STATION 3 (NEAR S13)"
223,"18/1/23","11:18","DAMAGED PROPERTIES","PGP","PGP RESIDENCES (BLOCK 14)"
224,"6/4/23","6:16","CASES OF EMERGENCY","FOS","LECTURE THEATRE 32"
225,"28/10/22","2:44","DAMAGED PROPERTIES","HALL","HOUSE 5"
226,"13/12/22","16:37","LOST AND FOUND","HALL","EUSOFF HALL (BLOCK D)"
227,"21/12/22","12:27","SEXUAL INCIDENT REPORTS","PGP","PGP RESIDENCES (BLOCK 19)"
228,"1/5/23","11:45","LOST AND FOUND","UTown","RESIDENT COLLEGE 4 -MPH"
229,"27/12/22","9:21","STOLEN ITEMS","PGP","KE VII HALL (BLOCK H)"
230,"28/4/23","22:39","DAMAGED PROPERTIES","SOC","LECTURE THEATRE 15"
231,"5/6/23","4:56","SEXUAL INCIDENT REPORTS","PGP","PGP RESIDENCES (BLOCK 12)"
232,"25/11/22","17:10","STOLEN ITEMS","FASS","CENTRAL LIBRARY"
233,"9/10/23","7:25","LOST AND FOUND","HALL","EUSOFF HALL (BLOCK B)"
234,"26/6/23","23:49","DAMAGED PROPERTIES","HALL","EUSOFF HALL (BLOCK A)"
235,"7/5/23","9:06","SEXUAL INCIDENT REPORTS","HALL","EUSOFF HALL (BLOCK C)"
236,"25/12/22","11:30","LOST AND FOUND","CDE","SPORE POWER GRID-CON SWITCH RM"
237,"28/3/23","23:30","CASES OF EMERGENCY","UTown","CINNAMON COLLEGE -MAIN BLK"
238,"26/4/23","12:15","LOST AND FOUND","CDE","CTR FOR ENGLISH LANGUAGE COMMUNICATION"
239,"26/12/22","11:32","DAMAGED PROPERTIES","FASS","ARTS & SOCIAL SCIENCES BLOCK 3"
240,"2/10/23","20:49","STOLEN ITEMS","PGP","17 PGP BUNGALOW"
241,"9/12/22","5:10","DAMAGED PROPERTIES","CDE","ENGINEERING BLOCK 8"
242,"18/1/23","5:20","STOLEN ITEMS","HALL","SHEARES HALL (BLOCK B)"
243,"14/5/23","18:24","DAMAGED PROPERTIES","DNMS","DNMS CARPARK"
244,"14/6/23","11:27","CASES OF EMERGENCY","YIH","MULTI-PURPOSE HALL 1 - 4"
245,"8/5/23","19:18","LOST AND FOUND","PGP","PGP RESIDENCES (BLOCK 5)"
246,"24/1/23","6:23","LOST AND FOUND","PGP","PGP RESIDENCES (BLOCK 4)"
247,"16/1/23","0:11","LOST AND FOUND","PGP","SUB-STATION 4 (NEAR KEVII)"
248,"3/11/22","15:04","LOST AND FOUND","HALL","SHEARES HALL (BLOCK A)"
249,"18/10/22","3:17","DAMAGED PROPERTIES","CDE","ENGINEERING BLOCK 4"
250,"17/3/23","20:50","LOST AND FOUND","UTown","CINNAMON COLLEGE -MPH"
251,"19/7/23","18:41","DAMAGED PROPERTIES","FOS","MEDICINE + SCIENCE LIBRARY"
252,"19/11/22","10:39","DAMAGED PROPERTIES","KV","KENT VALE APARTMENT BLK B, 105"
253,"24/11/22","21:03","DAMAGED PROPERTIES","KR","12 KR BUNGALOW"
254,"14/11/22","11:16","DAMAGED PROPERTIES","UTown","TEMBUSU COLLEGE- MAIN BLK"
255,"19/4/23","20:15","CASES OF EMERGENCY","FOS","SCIENCE BLOCK 12"
256,"11/8/23","8:01","LOST AND FOUND","CDE","CTR FOR ENGLISH LANGUAGE COMMUNICATION"
257,"25/4/23","4:26","DAMAGED PROPERTIES","YIH","RAFFLES HALL (BLOCK D)"
258,"29/4/23","1:16","LOST AND FOUND","CDE","ENGINEERING BLOCK 6"
259,"25/7/23","21:07","SEXUAL INCIDENT REPORTS","FOS","FOS - SHED B-NEXT TO S3&S4"
260,"21/1/23","19:07","LOST AND FOUND","UTown","DINNING HALL (C&T COLLEGE)"
261,"4/7/23","0:18","DAMAGED PROPERTIES","PGP","PGP RESIDENCES (BLOCK 6)"
262,"20/2/23","0:52","LOST AND FOUND","SOC","LECTURE THEATRE 14"
263,"3/2/23","19:22","DAMAGED PROPERTIES","FOS","LECTURE THEATRE 37"
264,"5/2/23","11:15","LOST AND FOUND","KV","KENT VALE APARTMENT BLK D, 113"
265,"8/4/23","14:14","LOST AND FOUND","YIH","RAFFLES HALL (BLOCK A)"
266,"8/5/23","4:21","DAMAGED PROPERTIES","BIZ","BIZ1 CARPARK"
267,"15/6/23","17:56","STOLEN ITEMS","UTown","YALE WEST CORE"
268,"30/4/23","3:06","LOST AND FOUND","DNMS","DNMS CARPARK"
269,"1/5/23","3:52","LOST AND FOUND","UTown","TEMBUSU COLLEGE- MAIN BLK"
270,"19/9/23","17:03","DAMAGED PROPERTIES","SOC","LECTURE THEATRE 15"
271,"5/4/23","12:58","DAMAGED PROPERTIES","PGP","PGP RESIDENCES (BLOCK 20)"
272,"25/2/23","13:59","CASES OF EMERGENCY","UTown","CINNAMON COLLEGE -MPH"
273,"22/9/23","2:11","LOST AND FOUND","PGP","PGP RESIDENCES RESTAURANT"
274,"9/5/23","22:01","LOST AND FOUND","PGP","PGP RESIDENCES (BLOCK 29)"
275,"23/10/22","4:45","DAMAGED PROPERTIES","FOS","MEDICINE BLOCK 4"
276,"31/3/23","8:28","LOST AND FOUND","CDE","LECTURE THEATRE 7"
277,"17/2/23","22:25","LOST AND FOUND","UCC","UNIVERSITY CULTURAL CENTRE"
278,"13/4/23","0:55","DAMAGED PROPERTIES","PGP","PGP RESIDENCES (BLOCK 7)"
279,"23/7/23","10:36","LOST AND FOUND","CDE","ENGINEERING BLOCK 2"
280,"20/4/23","5:11","LOST AND FOUND","FOS","MEDICINE BLOCK 11"
281,"17/3/23","18:57","LOST AND FOUND","FOS","MEDICINE BLOCK 4"
282,"27/8/23","18:36","LOST AND FOUND","FOS","SCIENCE BLOCK 11"
283,"23/12/22","10:33","LOST AND FOUND","YIH","UNIVERSITY HEALTH CENTRE"
284,"19/12/22","22:15","LOST AND FOUND","CDE","LECTURE THEATRE 1"
285,"29/10/22","15:43","DAMAGED PROPERTIES","BTC","BTC-LI KA SHING BUILDING"
286,"3/9/23","23:52","CASES OF EMERGENCY","CDE","LECTURE THEATRE 2"
287,"23/1/23","7:03","DAMAGED PROPERTIES","BTC","BTC-OEI TIONG HAM"
288,"24/4/23","23:10","LOST AND FOUND","FASS","LECTURE THEATRE 13"
289,"10/6/23","20:24","CASES OF EMERGENCY","YIH","NUS STAFF CLUB"
290,"25/9/23","2:13","CASES OF EMERGENCY","COM","S'PORE SYNCHROTRON LIGHTSOURCE"
291,"10/7/23","18:24","DAMAGED PROPERTIES","YIH","UNIVERSITY HALL"
292,"4/2/23","16:13","DAMAGED PROPERTIES","FOS","SCIENCE BLOCK 1A (LEE WEE KENG)"
293,"22/6/23","12:58","STOLEN ITEMS","PGP","PGP RESIDENCES (BLOCK 11)"
294,"15/11/22","12:37","LOST AND FOUND","FOS","MEDICINE BLOCK 9"
295,"8/3/23","4:19","LOST AND FOUND","PGP","14A PGP BUNGALOW"
296,"23/11/22","17:17","DAMAGED PROPERTIES","COM","S'PORE SYNCHROTRON LIGHTSOURCE"
297,"11/4/23","22:02","DAMAGED PROPERTIES","PGP","PGP RESIDENCES (BLOCK 9)"
298,"11/1/23","13:52","DAMAGED PROPERTIES","UTown","TEMBUSU COLLEGE- MPH"
299,"21/2/23","16:26","DAMAGED PROPERTIES","BTC","BTC-CJ KOH LIBRARY"
300,"26/4/23","17:22","STOLEN ITEMS","HALL","EUSOFF HALL (BLOCK C)"
301,"6/5/23","20:24","DAMAGED PROPERTIES","PGP","PGP RESIDENCES (BLOCK 21)"
302,"4/11/22","12:02","LOST AND FOUND","CDE","ENGINEERING BLOCK 4A"
303,"21/2/23","9:20","DAMAGED PROPERTIES","HALL","TEMASEK HALL (BLOCK C)"
304,"18/12/22","16:55","LOST AND FOUND","UTown","EDUCATION RESOURCE CENTRE"
305,"25/11/22","18:57","CASES OF EMERGENCY","KV","KENT VALE APARTMENT BLK F, 107"
306,"28/9/23","3:45","SEXUAL INCIDENT REPORTS","BTC","BTC-MOOT COURT"
307,"29/12/22","8:51","DAMAGED PROPERTIES","FASS","ARTS & SOCIAL SCIENCES BLOCK 6"
308,"27/12/22","13:53","STOLEN ITEMS","CDE","ENGINEERING BLOCK 4A"
309,"13/3/23","6:52","DAMAGED PROPERTIES","PGP","PGP RESIDENCES (BLOCK 7)"
310,"10/11/22","15:06","LOST AND FOUND","PGP","PGP RESIDENCES MPH"
311,"29/9/23","18:35","DAMAGED PROPERTIES","PGP","4 PGP BUNGALOW"
312,"18/9/23","14:05","SEXUAL INCIDENT REPORTS","CDE","ENGINEERING AUDITORIUM"
313,"9/7/23","11:14","DAMAGED PROPERTIES","PGP","KE VII HALL (BLOCK C)"
314,"15/7/23","5:12","DAMAGED PROPERTIES","UTown","CREATE (UTOWN PLAZA)"
315,"18/12/22","10:00","CASES OF EMERGENCY","PGP","PGP RESIDENCES LECTURE THEATRE"
316,"17/2/23","4:01","LOST AND FOUND","KV","KENT VALE APARTMENT BLK E, 109"
317,"18/12/22","5:59","LOST AND FOUND","SOC","COMPUTING BLOCK 1"
318,"26/8/23","10:11","CASES OF EMERGENCY","CDE","ENGINEERING BLOCK 7"
319,"12/9/23","12:39","LOST AND FOUND","HALL","KENT RIDGE HALL (BLOCK E)"
320,"6/5/23","22:18","STOLEN ITEMS","CDE","DESIGN & ENVIRONMENT BLOCK 3"
321,"10/7/23","17:45","SEXUAL INCIDENT REPORTS","BTC","BTC-BIN CENTRE"
322,"16/2/23","15:59","LOST AND FOUND","PGP","PGP RESIDENCES (BLOCK 4)"
323,"29/8/23","20:02","DAMAGED PROPERTIES","CDE","ENGINEERING BLOCK 1A"
324,"4/7/23","5:34","LOST AND FOUND","PGP","8 PGP BUNGALOW"
325,"21/12/22","8:09","LOST AND FOUND","PGP","PGP RESIDENCES (BLOCK 13)"
326,"30/10/22","8:49","LOST AND FOUND","FOS","LECTURE THEATRE 35 (PETER AND MARY FU)"
327,"7/5/23","21:42","LOST AND FOUND","BTC","BTC-OEI TIONG HAM"
328,"5/11/22","3:42","DAMAGED PROPERTIES","BIZ","SHAW FOUNDATION ALUMNI HOUSE"
329,"13/3/23","0:49","DAMAGED PROPERTIES","PGP","PGP RESIDENCES (BLOCK 3)"
330,"31/5/23","7:11","LOST AND FOUND","CDE","ENGINEERING WORKSHOP 1"
331,"14/11/22","15:08","DAMAGED PROPERTIES","YIH","RAFFLES HALL (BLOCK D)"
332,"20/4/23","3:28","CASES OF EMERGENCY","FOS","LECTURE THEATRE 33"
333,"28/11/22","7:41","LOST AND FOUND","KR","11 KR BUNGALOW"
334,"23/3/23","3:15","SEXUAL INCIDENT REPORTS","CDE","TEMASEK LAB"
335,"18/7/23","22:28","STOLEN ITEMS","BTC","BTC-SUB-STATION"
336,"20/9/23","3:26","CASES OF EMERGENCY","BTC","18 EVANS BUNGALOW"
337,"3/7/23","3:20","DAMAGED PROPERTIES","COM","S'PORE SYNCHROTRON LIGHTSOURCE"
338,"11/6/23","7:28","CASES OF EMERGENCY","YIH","RAFFLES HALL (BLOCK B)"
339,"4/3/23","7:36","STOLEN ITEMS","FOS","LECTURE THEATRE 20"
340,"5/2/23","20:54","LOST AND FOUND","FOS","MEDICINE BLOCK 3"
341,"7/7/23","21:59","STOLEN ITEMS","FOS","MEDICINE BLOCK 9"
342,"9/11/22","13:03","DAMAGED PROPERTIES","UCC","DECOM SUB-STATION 1 (NEAR LKCNHM)"
343,"14/8/23","11:28","STOLEN ITEMS","KR","6 KR BUNGALOW"
344,"29/7/23","20:08","LOST AND FOUND","FOS","SCIENCE BLOCK 5"
345,"19/6/23","12:57","DAMAGED PROPERTIES","BIZ","BUSINESS BLOCK 1-MOCHTAR RIADY"
346,"31/5/23","9:39","LOST AND FOUND","PGP","STORE 1 (NEAR KEVII HALL)"
347,"2/8/23","3:15","DAMAGED PROPERTIES","PGP","PGP RESIDENCES LECTURE THEATRE"
348,"7/3/23","6:28","LOST AND FOUND","FOS","LECTURE THEATRE 26"
349,"17/9/23","15:37","DAMAGED PROPERTIES","HALL","SHEARES HALL (BLOCK C)"
350,"4/5/23","12:12","LOST AND FOUND","PGP","TECH CTR FOR OFFSHORE & MARINE"
351,"24/8/23","5:16","STOLEN ITEMS","PGP","KE VII HALL (BLOCK C)"
352,"28/10/22","9:50","DAMAGED PROPERTIES","YIH","RIDGE VIEW RESIDENCE (BLOCK G)"
353,"12/3/23","0:57","DAMAGED PROPERTIES","CDE","ENGINEERING WORKSHOP 1"
354,"24/1/23","9:57","LOST AND FOUND","YIH","UNIVERSITY HALL"
355,"15/6/23","2:49","LOST AND FOUND","HALL","VENTUS (UNI CAMPUS INFRA)"
356,"28/3/23","6:48","LOST AND FOUND","FOS","SCIENCE BLOCK 16"
357,"2/1/23","10:05","DAMAGED PROPERTIES","SOC","COMPUTING BLOCK 3"
358,"21/9/23","8:24","CASES OF EMERGENCY","KV","KENT VALE APARTMENT BLK B, 105"
359,"22/8/23","0:29","DAMAGED PROPERTIES","FOS","MEDICINE BLOCK 3"
360,"16/4/23","22:02","DAMAGED PROPERTIES","BTC","BTC-MOOT COURT"
361,"2/5/23","11:53","DAMAGED PROPERTIES","PGP","PGP RESIDENCES (BLOCK 2)"
362,"8/7/23","20:25","DAMAGED PROPERTIES","SOC","COMPUTING BLOCK 3"
363,"10/12/22","9:50","LOST AND FOUND","HALL","EUSOFF HALL (BLOCK B)"
364,"6/6/23","2:21","LOST AND FOUND","PGP","PGP RESIDENCES (BLOCK 23)"
365,"16/5/23","21:05","DAMAGED PROPERTIES","PGP","KE VII HALL (BLOCK D)"
366,"3/9/23","14:25","LOST AND FOUND","YIH","RAFFLES HALL (BLOCK A)"
367,"27/9/23","22:47","DAMAGED PROPERTIES","UTown","YALE ADMINISTRATION BLOCK"
368,"22/1/23","14:11","DAMAGED PROPERTIES","HALL","EUSOFF HALL (COMMUNAL HALL)"
369,"25/12/22","14:50","LOST AND FOUND","FOS","LECTURE THEATRE 28"
370,"25/5/23","11:16","STOLEN ITEMS","PGP","PGP RESIDENCES (BLOCK 29)"
371,"27/12/22","10:39","STOLEN ITEMS","YIH","RIDGE VIEW RESIDENCE (BLOCK G)"
372,"25/1/23","0:42","LOST AND FOUND","PGP","PGP RESIDENCES (BLOCK 11)"
373,"20/2/23","15:47","DAMAGED PROPERTIES","HALL","SHEARES HALL (BLOCK C)"
374,"24/7/23","16:15","LOST AND FOUND","KV","KENT VALE APARTMENT BLK B, 105"
375,"12/9/23","21:02","DAMAGED PROPERTIES","CDE","LECTURE THEATRE 7A"
376,"17/1/23","20:00","STOLEN ITEMS","PGP","14A PGP BUNGALOW"
377,"2/12/22","10:42","CASES OF EMERGENCY","KR","14 KR BUNGALOW"
378,"13/9/23","0:28","LOST AND FOUND","BTC","BTC-SUB-STATION"
379,"9/3/23","13:55","LOST AND FOUND","FOS","BRENNER CTR FOR MOLECULAR MED"
380,"6/11/22","15:19","DAMAGED PROPERTIES","BTC","BTC-LECTURE THEATRE"
381,"10/7/23","12:35","LOST AND FOUND","PGP","KE VII HALL (BLOCK B)"
382,"19/11/22","4:56","LOST AND FOUND","CDE","LECTURE THEATRE 2"
383,"20/6/23","10:08","LOST AND FOUND","PGP","KE VII HALL (BLOCK H)"
384,"24/8/23","18:18","SEXUAL INCIDENT REPORTS","FOS","FOS - SHED B-NEXT TO S3&S4"
385,"9/1/23","22:06","LOST AND FOUND","FASS","LECTURE THEATRE 10"
386,"6/6/23","23:52","LOST AND FOUND","BTC","BTC-TOWER BLOCK"
387,"24/2/23","12:12","LOST AND FOUND","FOS","NATIONAL UNIVERSITY CENTRE FOR ORAL HEALTH SINGAPORE"
388,"14/11/22","9:41","LOST AND FOUND","PGP","PGP RESIDENCES (BLOCK 27)"
389,"27/3/23","11:00","STOLEN ITEMS","PGP","PGP RESIDENCES (BLOCK 26)"
390,"5/12/22","10:51","LOST AND FOUND","FOS","SCIENCE BLOCK 3"
391,"16/6/23","13:17","DAMAGED PROPERTIES","PGP","PGP RESIDENCES (BLOCK 8)"
392,"25/2/23","18:45","LOST AND FOUND","PGP","PGP RESIDENCES (BLOCK 9)"
393,"26/8/23","14:55","CASES OF EMERGENCY","CDE","DESIGN & ENVIRONMENT BLOCK 2"
394,"16/2/23","13:10","STOLEN ITEMS","SOC","COMPUTING BLOCK 1"
395,"24/2/23","17:22","DAMAGED PROPERTIES","HALL","KENT RIDGE HALL (BLOCK E)"
396,"29/9/23","12:55","DAMAGED PROPERTIES","CDE","ENGINEERING BLOCK 7"
397,"28/3/23","23:16","LOST AND FOUND","BTC","BTC-TOWER BLOCK"
398,"4/2/23","23:05","LOST AND FOUND","FASS","LECTURE THEATRE 9"
399,"5/1/23","22:48","LOST AND FOUND","PGP","PGPR CARPARK"
400,"17/3/23","13:10","CASES OF EMERGENCY","FOS","MEDICINE + SCIENCE LIBRARY"
401,"26/3/23","2:21","LOST AND FOUND","KV","KENT VALE APARTMENT BLK E, 109"
402,"29/6/23","23:31","LOST AND FOUND","UTown","YALE FITNESS CENTER"
403,"18/10/22","4:49","LOST AND FOUND","BTC","BTC-OEI TIONG HAM"
404,"26/4/23","15:30","STOLEN ITEMS","FOS","MEDICINE BLOCK 10"
405,"11/10/23","14:34","DAMAGED PROPERTIES","HALL","TEMASEK HALL (COMMUNAL HALL)"
406,"8/5/23","8:14","CASES OF EMERGENCY","CDE","DESIGN & ENVIRONMENT BLOCK 4"
407,"23/12/22","8:20","LOST AND FOUND","FOS","SCIENCE BLOCK 12"
408,"7/8/23","3:04","STOLEN ITEMS","FASS","CENTRAL STORAGE LIBRARY ANNEX"
409,"3/6/23","19:24","DAMAGED PROPERTIES","UTown","CINNAMON LEARN LOBE"
410,"23/12/22","4:25","DAMAGED PROPERTIES","BIZ","BUSINESS BLOCK 2"
411,"1/2/23","6:31","CASES OF EMERGENCY","FOS","MEDICINE BLOCK 3"
412,"6/3/23","20:26","LOST AND FOUND","FOS","BRENNER CTR FOR MOLECULAR MED"
413,"7/1/23","6:04","LOST AND FOUND","CDE","ENGINEERING BLOCK 4A"
414,"12/5/23","7:09","CASES OF EMERGENCY","KR","SEA-TO-SPACE (18KR BUNGALOW)"
415,"10/7/23","5:59","SEXUAL INCIDENT REPORTS","FASS","ARTS & SOCIAL SCIENCES BLOCK 1"
416,"30/9/23","15:33","CASES OF EMERGENCY","BTC","BTC-CJ KOH LIBRARY"
417,"30/10/22","16:32","DAMAGED PROPERTIES","YIH","YUSOF ISHAK HOUSE"
418,"10/5/23","4:16","DAMAGED PROPERTIES","PGP","PGP RESIDENCES RESTAURANT"
419,"23/11/22","6:06","DAMAGED PROPERTIES","UTown","YALE SCIENCE BLOCK"
420,"14/5/23","19:45","STOLEN ITEMS","YIH","UNIVERSITY HALL"
421,"20/6/23","21:03","DAMAGED PROPERTIES","UTown","SRC CARPARK"
422,"27/4/23","9:04","DAMAGED PROPERTIES","UTown","CINNAMON COLLEGE -MAIN BLK"
423,"29/12/22","15:03","LOST AND FOUND","PGP","KE VII HALL (BLOCK H)"
424,"4/12/22","20:44","DAMAGED PROPERTIES","PGP","PGP RESIDENCES (BLOCK 19)"
425,"1/4/23","1:19","LOST AND FOUND","SOC","LECTURE THEATRE 14"
426,"6/2/23","16:54","LOST AND FOUND","CDE","ENGINEERING BLOCK 4A"
427,"13/8/23","8:26","STOLEN ITEMS","BTC","BTC-MOOT COURT"
428,"12/11/22","10:01","DAMAGED PROPERTIES","UTown","RESIDENT COLLEGE 4"
429,"26/2/23","11:13","STOLEN ITEMS","YIH","UNIVERSITY HALL"
430,"30/12/22","1:45","STOLEN ITEMS","PGP","PGP RESIDENCES (BLOCK 25)"
431,"6/4/23","14:20","DAMAGED PROPERTIES","YIH","RIDGE VIEW RESIDENCE (BLOCK B)"
432,"26/10/22","10:46","LOST AND FOUND","FOS","SCIENCE BLOCK 8"
433,"21/7/23","23:08","LOST AND FOUND","BTC","BTC-CAFE"
434,"7/1/23","19:43","LOST AND FOUND","SOC","ISS CARPARK"
435,"5/1/23","9:13","LOST AND FOUND","FOS","SCIENCE BLOCK 15"
436,"7/10/23","15:24","STOLEN ITEMS","CDE","ENGINEERING AUDITORIUM"
437,"30/5/23","2:56","DAMAGED PROPERTIES","FASS","FASS BLK7 (SHAW FDN BLDG)"
438,"6/6/23","12:27","LOST AND FOUND","SOC","DATA-CENTRE-NUS HIGH SCHOOL"
439,"8/8/23","7:49","DAMAGED PROPERTIES","HALL","EUSOFF HALL (BLOCK B)"
440,"28/1/23","4:37","DAMAGED PROPERTIES","UTown","YALE RESIDENTIAL COLLEGE 3"
441,"10/12/22","14:41","DAMAGED PROPERTIES","FOS","MD BLK 6 (CTR FOR TRANS  MED)"
442,"13/6/23","23:17","DAMAGED PROPERTIES","BTC","BTC-LI KA SHING BUILDING"
443,"19/4/23","10:54","LOST AND FOUND","SOC","LECTURE THEATRE 17"
444,"3/4/23","5:10","DAMAGED PROPERTIES","HALL","SHEARES HALL (BLOCK A)"
445,"5/10/23","5:54","LOST AND FOUND","HALL","INSTITUTE OF SYSTEMS SCIENCE"
446,"12/4/23","0:18","DAMAGED PROPERTIES","KV","KENT VALE APARTMENT BLK I, 119"
447,"5/5/23","12:16","STOLEN ITEMS","YIH","UNIVERSITY HALL"
448,"28/2/23","0:32","DAMAGED PROPERTIES","FASS","ARTS & SOCIAL SCIENCES BLOCK 1"
449,"29/10/22","18:50","LOST AND FOUND","FOS","SCIENCE BLOCK 17"
450,"29/3/23","7:00","LOST AND FOUND","CDE","EL SERVICE RESERVOIRS 1&2"
451,"31/10/22","2:08","DAMAGED PROPERTIES","BIZ","BUSINESS BLOCK 2"
452,"2/4/23","0:08","DAMAGED PROPERTIES","FASS","AS8 CARPARK"
453,"7/2/23","14:04","DAMAGED PROPERTIES","FOS","SCIENCE BLOCK 16"
454,"10/10/23","20:06","LOST AND FOUND","FOS","MD BLK 6 (CTR FOR TRANS  MED)"
455,"18/10/22","5:40","LOST AND FOUND","PGP","18A PGP BUNGALOW"
456,"6/7/23","22:43","SEXUAL INCIDENT REPORTS","KR","4 KR BUNGALOW"
457,"20/11/22","5:06","DAMAGED PROPERTIES","FOS","DSO BUILDING"
458,"18/8/23","23:51","LOST AND FOUND","KR","4 KR BUNGALOW"
459,"9/6/23","6:27","LOST AND FOUND","CDE","DESIGN & ENVIRONMENT BLOCK 2"
460,"25/7/23","5:15","DAMAGED PROPERTIES","HALL","TEMASEK HALL (BLOCK C)"
461,"13/11/22","22:24","CASES OF EMERGENCY","PGP","SUB-STATION 4 (NEAR KEVII)"
462,"18/1/23","20:07","STOLEN ITEMS","FASS","LECTURE THEATRE 11"
463,"18/4/23","22:24","DAMAGED PROPERTIES","BTC","BTC- MULTIPURPOSE AUDITORIUM"
464,"11/7/23","21:43","STOLEN ITEMS","CDE","CTR FOR ENGLISH LANGUAGE COMMUNICATION"
465,"22/3/23","15:00","LOST AND FOUND","PGP","14 PGP BUNGALOW"
466,"10/4/23","20:24","DAMAGED PROPERTIES","KV","KENT VALE APARTMENT BLK D, 113"
467,"31/8/23","9:10","LOST AND FOUND","PGP","8 PGP BUNGALOW"
468,"19/10/22","14:38","LOST AND FOUND","KR","12A KR BUNGALOW"
469,"21/2/23","2:37","STOLEN ITEMS","UTown","UTOWN RESIDENCE-NORTH TOWER"
470,"29/7/23","22:03","STOLEN ITEMS","FOS","SCIENCE BLOCK 14"
471,"17/5/23","13:43","STOLEN ITEMS","PGP","PGP RESIDENCES (BLOCK 6)"
472,"19/10/22","23:53","LOST AND FOUND","YIH","RIDGE VIEW RESIDENCE (BLOCK E)"
473,"14/6/23","19:39","DAMAGED PROPERTIES","YIH","RAFFLES HALL (BLOCK A)"
474,"27/11/22","0:04","CASES OF EMERGENCY","BTC","BTC-LOUNGE"
475,"26/9/23","21:38","LOST AND FOUND","SOC","ISS CARPARK"
476,"6/9/23","16:22","LOST AND FOUND","PGP","14 PGP BUNGALOW"
477,"5/1/23","15:25","DAMAGED PROPERTIES","UTown","DINNING HALL (C&T COLLEGE)"
478,"29/12/22","0:41","LOST AND FOUND","FASS","LECTURE THEATRE 12"
479,"10/2/23","22:32","STOLEN ITEMS","UTown","CREATE CARPARK"
480,"14/10/23","13:06","DAMAGED PROPERTIES","CDE","SPORE POWER GRID-CON SWITCH RM"
481,"14/4/23","22:48","STOLEN ITEMS","HALL","SHEARES HALL (BLOCK D)"
482,"31/10/22","12:56","LOST AND FOUND","FOS","SCIENCE BLOCK 17"
483,"12/7/23","2:39","LOST AND FOUND","UTown","UTOWN RESIDENCE-NORTH TOWER"
484,"4/8/23","1:50","DAMAGED PROPERTIES","FOS","MEDICINE BLOCK 3"
485,"26/2/23","13:07","CASES OF EMERGENCY","BIZ","NUS SOCIETY-GUILD HOUSE"
486,"15/12/22","15:57","STOLEN ITEMS","SOC","LECTURE THEATRE 19"
487,"6/1/23","7:48","CASES OF EMERGENCY","FOS","MEDICINE BLOCK 11"
488,"10/2/23","12:49","STOLEN ITEMS","PGP","PGP RESIDENCES (BLOCK 19)"
489,"14/6/23","15:27","LOST AND FOUND","FOS","MEDICINE BLOCK 4"
490,"6/2/23","7:12","DAMAGED PROPERTIES","UCC","YST CONSERVATORY OF MUSIC"
491,"19/6/23","4:45","STOLEN ITEMS","BIZ","HON SUI SEN MEMORIAL LIBRARY"
492,"27/1/23","14:14","DAMAGED PROPERTIES","UTown","RESIDENT COLLEGE 4"
493,"3/11/22","4:38","LOST AND FOUND","KR","10 KR BUNGALOW"
494,"8/7/23","20:31","STOLEN ITEMS","FOS","MD11 CARPARK"
495,"10/11/22","1:30","LOST AND FOUND","KR","14 KR BUNGALOW"
496,"28/4/23","6:35","SEXUAL INCIDENT REPORTS","CDE","ENGINEERING BLOCK 3"
497,"24/7/23","10:04","SEXUAL INCIDENT REPORTS","BTC","BTC-LECTURE THEATRE"
498,"10/1/23","5:24","CASES OF EMERGENCY","CDE","ENGINEERING BLOCK A"
499,"18/12/22","23:00","LOST AND FOUND","FOS","LECTURE THEATRE 26"
500,"27/12/22","15:07","LOST AND FOUND","FOS","SCIENCE BLOCK 3"
501,"7/4/23","23:19","STOLEN ITEMS","CDE","T-LAB CARPARK"
502,"14/8/23","10:20","LOST AND FOUND","PGP","PGP RESIDENCES MPH"
503,"15/4/23","2:10","STOLEN ITEMS","CDE","LECTURE THEATRE 1"
504,"18/9/23","16:56","LOST AND FOUND","PGP","PGP RESIDENCES (BLOCK 29)"
505,"8/4/23","11:49","LOST AND FOUND","CDE","EL SERVICE RESERVOIRS 1&2"
506,"16/12/22","20:14","STOLEN ITEMS","FOS","MEDICINE BLOCK 4"
507,"31/1/23","5:45","LOST AND FOUND","CDE","ENGINEERING BLOCK 5"
508,"30/1/23","11:19","DAMAGED PROPERTIES","FOS","SCIENCE BLOCK 2"
509,"22/5/23","9:15","DAMAGED PROPERTIES","PGP","KE VII HALL (BLOCK D)"
510,"19/11/22","19:17","CASES OF EMERGENCY","FASS","ARTS & SOCIAL SCIENCES BLOCK 8"
511,"4/8/23","23:56","LOST AND FOUND","BIZ","NUS SOCIETY-GUILD HOUSE"
512,"9/4/23","21:42","LOST AND FOUND","CDE","DESIGN & ENVIRONMENT BLOCK 3"
513,"19/1/23","7:10","LOST AND FOUND","FOS","MEDICINE BLOCK 2"
514,"19/3/23","15:36","DAMAGED PROPERTIES","CDE","LECTURE THEATRE 6"
515,"29/7/23","16:44","STOLEN ITEMS","CDE","ENGINEERING BLOCK 2A (EDIC)"
516,"2/8/23","3:17","STOLEN ITEMS","PGP","STORE 1 (NEAR KEVII HALL)"
517,"13/1/23","18:28","LOST AND FOUND","CDE","INFORMATION TECHNOLOGY"
518,"10/2/23","2:54","DAMAGED PROPERTIES","PGP","PGP RESIDENCES (BLOCK 12)"
519,"28/2/23","21:43","DAMAGED PROPERTIES","PGP","7 PGP BUNGALOW"
520,"3/1/23","15:41","LOST AND FOUND","YIH","RAFFLES HALL (COMMUNAL HALL)"
521,"20/9/23","7:36","LOST AND FOUND","BTC","BTC-EU TONG SEN"
522,"3/8/23","15:05","LOST AND FOUND","KR","2 KR BUNGALOW"
523,"8/2/23","8:21","STOLEN ITEMS","PGP","KE VII HALL (BLOCK G)"
524,"4/7/23","0:57","DAMAGED PROPERTIES","HALL","SHEARS HALL/KENT RIDGE HALL SHARED SPACE"
525,"10/7/23","11:31","CASES OF EMERGENCY","FOS","LECTURE THEATRE 29"
526,"30/1/23","15:42","LOST AND FOUND","YIH","RAFFLES HALL (BLOCK A)"
527,"7/8/23","22:22","DAMAGED PROPERTIES","BTC","BTC-FEDERAL"
528,"28/3/23","8:56","LOST AND FOUND","HALL","TEMASEK HALL (BLOCK A)"
529,"31/5/23","3:21","STOLEN ITEMS","HALL","EUSOFF HALL (BLOCK A)"
530,"21/8/23","9:40","STOLEN ITEMS","PGP","PGP RESIDENCES (BLOCK 22)"
531,"5/5/23","1:14","DAMAGED PROPERTIES","BTC","BTC-FEDERAL"
532,"3/3/23","15:12","DAMAGED PROPERTIES","COM","S'PORE SYNCHROTRON LIGHTSOURCE"
533,"21/8/23","16:04","LOST AND FOUND","PGP","PGP RESIDENCES (BLOCK 25)"
534,"11/4/23","18:03","STOLEN ITEMS","YIH","RIDGE VIEW TOWER BLK (RVF)"
535,"10/6/23","22:21","STOLEN ITEMS","HALL","TEMASEK HALL (COMMUNAL HALL)"
536,"4/9/23","4:08","DAMAGED PROPERTIES","PGP","PGP RESIDENCES (BLOCK 12)"
537,"13/5/23","9:19","LOST AND FOUND","CDE","INFORMATION TECHNOLOGY"
538,"16/6/23","5:17","SEXUAL INCIDENT REPORTS","FASS","ARTS & SOCIAL SCIENCES BLOCK 3"
539,"23/3/23","14:25","LOST AND FOUND","CDE","ENGINEERING BLOCK 5"
540,"24/9/23","11:26","DAMAGED PROPERTIES","UTown","YALE DINNING SERVICES"
541,"14/5/23","20:09","STOLEN ITEMS","CDE","INFORMATION TECHNOLOGY"
542,"10/9/23","17:16","DAMAGED PROPERTIES","KR","2 KR BUNGALOW"
543,"6/7/23","10:16","LOST AND FOUND","FOS","SCIENCE BLOCK 2"
544,"21/9/23","17:19","DAMAGED PROPERTIES","FOS","SCIENCE BLOCK 6"
545,"14/7/23","21:52","CASES OF EMERGENCY","FOS","SCIENCE BLOCK 8"
546,"11/4/23","5:08","DAMAGED PROPERTIES","PGP","PGP RESIDENCES (BLOCK 2)"
547,"10/12/22","15:47","LOST AND FOUND","CDE","TEMASEK LAB"
548,"19/7/23","11:22","CASES OF EMERGENCY","CDE","DESIGN & ENVIRONMENT BLOCK 1"
549,"19/9/23","8:55","DAMAGED PROPERTIES","UTown","EDUCATION RESOURCE CENTRE"
550,"14/5/23","20:05","LOST AND FOUND","PGP","PGP RESIDENCES (BLOCK 19)"
551,"18/4/23","6:31","DAMAGED PROPERTIES","CDE","EXPERIMENTAL HOUSE"
552,"28/11/22","9:54","STOLEN ITEMS","FASS","ARTS & SOCIAL SCIENCES BLOCK 2"
553,"2/7/23","9:53","CASES OF EMERGENCY","FASS","ARTS & SOCIAL SCIENCES BLOCK 1"
554,"4/12/22","4:25","LOST AND FOUND","PGP","PGP RESIDENCES (BLOCK 3)"
555,"25/11/22","6:33","LOST AND FOUND","FOS","SCIENCE BLOCK 3"
556,"29/4/23","1:55","LOST AND FOUND","PGP","PGP RESIDENCES (BLOCK 10)"
557,"22/7/23","23:23","DAMAGED PROPERTIES","PGP","KE VII HALL (BLOCK C)"
558,"22/7/23","10:34","CASES OF EMERGENCY","PGP","2 PGP BUNGALOW"
559,"17/12/22","17:47","LOST AND FOUND","UTown","YALE FITNESS CENTER"
560,"27/8/23","2:19","STOLEN ITEMS","SOC","LECTURE THEATRE 15"
561,"18/12/22","1:28","LOST AND FOUND","KV","KENT VALE APARTMENT BLK G, 115"
562,"29/12/22","5:48","STOLEN ITEMS","HALL","KENT RIDGE HALL (BLOCK C)"
563,"18/6/23","3:16","DAMAGED PROPERTIES","FOS","CELS CARPARK"
564,"26/6/23","20:30","DAMAGED PROPERTIES","HALL","HOUSE 5 ANNEX"
565,"9/3/23","19:48","LOST AND FOUND","FOS","CANTEEN 4 (FRONTIER)"
566,"17/10/22","3:31","LOST AND FOUND","BTC","BTC-BIN CENTRE"
567,"2/3/23","21:36","LOST AND FOUND","DNMS","DNMS CARPARK"
568,"2/11/22","10:51","STOLEN ITEMS","YIH","UNIVERSITY HALL"
569,"1/7/23","10:52","DAMAGED PROPERTIES","UTown","CINNAMON LEARN LOBE"
570,"21/4/23","11:27","LOST AND FOUND","FASS","TMSI-ST JOHN'S ISLAND"
571,"10/4/23","10:47","LOST AND FOUND","PGP","PGPR CARPARK"
572,"28/8/23","22:27","STOLEN ITEMS","PGP","PGP RESIDENCES RESTAURANT"
573,"7/11/22","6:35","LOST AND FOUND","UCC","NATIONAL SINGAPORE WIND TUNNEL"
574,"14/5/23","10:18","LOST AND FOUND","CDE","ENGINEERING BLOCK 4"
575,"9/6/23","15:29","DAMAGED PROPERTIES","UTown","CREATE CARPARK"
576,"14/1/23","22:56","STOLEN ITEMS","PGP","INNOVATION 4.0"
577,"28/1/23","6:32","STOLEN ITEMS","UTown","YALE RESIDENTIAL COLLEGE 3"
578,"7/1/23","19:24","LOST AND FOUND","UCC","DECOM SUB-STATION 1 (NEAR LKCNHM)"
579,"13/3/23","0:54","LOST AND FOUND","FOS","LECTURE THEATRE 32"
580,"14/6/23","3:31","STOLEN ITEMS","UCC","DECOM SUB-STATION 1 (NEAR LKCNHM)"
581,"14/1/23","16:31","LOST AND FOUND","HALL","KENT RIDGE HALL (BLOCK B)"
582,"12/2/23","9:15","STOLEN ITEMS","KV","COMMUNAL BLK B"
583,"27/10/22","6:11","LOST AND FOUND","HALL","KENT VALE GUARDHOUSE"
584,"30/10/22","1:24","LOST AND FOUND","PGP","PGP RESIDENCES (BLOCK 11)"
585,"23/6/23","2:32","DAMAGED PROPERTIES","UTown","RESIDENT COLLEGE 4 -MPH"
586,"23/7/23","9:04","STOLEN ITEMS","PGP","PGP RESIDENCES (BLOCK 9)"
587,"3/5/23","16:32","DAMAGED PROPERTIES","PGP","PGP RESIDENCES (BLOCK 25)"
588,"18/6/23","13:07","LOST AND FOUND","FASS","ARTS & SOCIAL SCIENCES BLOCK 8"
589,"1/6/23","12:35","CASES OF EMERGENCY","YIH","RAFFLES HALL (BLOCK B)"
590,"8/4/23","19:25","STOLEN ITEMS","FOS","SCIENCE BLOCK 16"
591,"27/12/22","13:19","LOST AND FOUND","UTown","DINING HALL (RC4 & CAPT)"
592,"10/3/23","0:26","LOST AND FOUND","KR","12A KR BUNGALOW"
593,"12/2/23","18:51","DAMAGED PROPERTIES","PGP","2 PGP BUNGALOW"
594,"27/9/23","20:57","STOLEN ITEMS","FASS","LECTURE THEATRE 13"
595,"6/8/23","6:46","LOST AND FOUND","YIH","KUOK FOUNDATION HOUSE"
596,"12/10/23","13:44","LOST AND FOUND","FOS","NUHS-MAIN BUILDING"
597,"7/5/23","6:12","LOST AND FOUND","FOS","DSO CARPARK"
598,"5/5/23","20:15","LOST AND FOUND","BTC","16 EVANS BUNGALOW"
599,"16/10/23","0:13","LOST AND FOUND","UTown","CTR FOR THE ARTS"
600,"10/2/23","10:17","LOST AND FOUND","HALL","KENT RIDGE (COMMUNAL HALL)"
601,"26/6/23","9:23","STOLEN ITEMS","FOS","SCIENCE BLOCK 17"
602,"16/11/22","17:12","CASES OF EMERGENCY","FOS","LECTURE THEATRE 32"
603,"4/12/22","20:49","STOLEN ITEMS","PGP","PGP RESIDENCES (BLOCK 4)"
604,"26/7/23","3:35","LOST AND FOUND","FOS","LECTURE THEATRE 28"
605,"16/10/23","0:47","LOST AND FOUND","YIH","UNIVERSITY HALL"
606,"3/7/23","12:26","LOST AND FOUND","BIZ","NUS ENTERPRISE-JTC BLK71"
607,"30/6/23","13:49","LOST AND FOUND","FOS","LECTURE THEATRE 29"
608,"10/1/23","12:11","LOST AND FOUND","FASS","CANTEEN 2 (THE DECK)"
609,"2/8/23","13:16","DAMAGED PROPERTIES","CDE","ENGINEERING BLOCK 7"
610,"27/6/23","2:51","LOST AND FOUND","BTC","BTC-BIN CENTRE"
611,"4/2/23","20:45","LOST AND FOUND","PGP","PGP RESIDENCES (BLOCK 22)"
612,"16/3/23","17:46","STOLEN ITEMS","UTown","CREATE (ENTERPRISE)"
613,"22/3/23","20:37","STOLEN ITEMS","YIH","UNIVERSITY SPORT CENTRE"
614,"15/1/23","22:51","LOST AND FOUND","PGP","PGP RESIDENCES (BLOCK 23)"
615,"1/11/22","21:32","CASES OF EMERGENCY","UTown","CINNAMON COLLEGE -MPH"
616,"22/10/22","17:20","LOST AND FOUND","UTown","YALE RESIDENTIAL COLLEGE 1"
617,"27/4/23","13:57","LOST AND FOUND","KR","1 KR BUNGALOW"
618,"6/7/23","4:55","DAMAGED PROPERTIES","BIZ","SHAW FOUNDATION ALUMNI HOUSE"
619,"24/5/23","5:16","LOST AND FOUND","UTown","UHALL CARPARK"
620,"12/5/23","7:24","LOST AND FOUND","UCC","BOOSTER PUMP HSE(NEXT LKCNHM)"
621,"15/10/23","4:59","DAMAGED PROPERTIES","CDE","DESIGN & ENVIRONMENT BLOCK 1"
622,"9/1/23","11:24","DAMAGED PROPERTIES","UTown","TEMBUSU COLLEGE- MPH"
623,"19/3/23","21:35","LOST AND FOUND","FOS","LECTURE THEATRE 35 (PETER AND MARY FU)"
624,"6/3/23","18:32","DAMAGED PROPERTIES","UTown","TEMBUSU LEARN LOBE"
625,"22/3/23","14:23","DAMAGED PROPERTIES","PGP","PGP RESIDENCES (BLOCK 29)"
626,"27/3/23","7:08","LOST AND FOUND","KV","KENT VALE CHILD CARE CENTRE"
627,"26/4/23","3:42","DAMAGED PROPERTIES","SOC","LECTURE THEATRE 17"
628,"17/1/23","21:27","CASES OF EMERGENCY","UCC","NATIONAL SINGAPORE WIND TUNNEL"
629,"1/12/22","17:39","CASES OF EMERGENCY","FOS","MD11 CARPARK"
630,"7/1/23","2:50","STOLEN ITEMS","CDE","LECTURE THEATRE 7"
631,"9/8/23","22:52","LOST AND FOUND","KV","KENT VALE APARTMENT BLK I, 119"
632,"9/7/23","21:14","LOST AND FOUND","SOC","LECTURE THEATRE 16"
633,"12/7/23","15:01","DAMAGED PROPERTIES","UCC","ALICE LEE PLAZA"
634,"20/7/23","13:32","CASES OF EMERGENCY","FOS","CANTEEN 4 (FRONTIER)"
635,"18/2/23","7:21","DAMAGED PROPERTIES","BTC","BTC-CAFE"
636,"31/5/23","21:43","CASES OF EMERGENCY","SOC","LECTURE THEATRE 14"
637,"12/1/23","12:01","LOST AND FOUND","BTC","BTC-BLOCK B"
638,"15/5/23","18:07","LOST AND FOUND","PGP","PGP RESIDENCES (BLOCK 26)"
639,"26/4/23","2:50","LOST AND FOUND","PGP","PGP RESIDENCES (BLOCK 30)"
640,"24/9/23","15:21","LOST AND FOUND","HALL","SHEARES HALL (BLOCK E)"
641,"28/5/23","22:34","LOST AND FOUND","CDE","DESIGN & ENVIRONMENT BLOCK 2"
642,"15/8/23","12:18","LOST AND FOUND","FOS","SCIENCE BLOCK 3"
643,"5/7/23","17:36","STOLEN ITEMS","FOS","CTR FOR LIFE SCIENCES"
644,"26/9/23","12:59","LOST AND FOUND","CDE","ENGINEERING BLOCK 1"
645,"26/7/23","5:46","LOST AND FOUND","HALL","EUSOFF HALL (COMMUNAL HALL)"
646,"30/9/23","1:09","DAMAGED PROPERTIES","YIH","UNIVERSITY HEALTH CENTRE"
647,"11/4/23","17:36","LOST AND FOUND","HALL","KENT VALE GUARDHOUSE"
648,"10/1/23","4:47","LOST AND FOUND","KV","SUB-STATION/BIN CENTRE"
649,"18/2/23","20:39","CASES OF EMERGENCY","PGP","PGP RESIDENCES (BLOCK 17)"
650,"18/11/22","10:18","LOST AND FOUND","FASS","ARTS & SOCIAL SCIENCES BLOCK 8"
651,"24/6/23","18:50","DAMAGED PROPERTIES","CDE","ENGINEERING BLOCK 8"
652,"21/7/23","14:38","DAMAGED PROPERTIES","HALL","TEMASEK HALL (BLOCK D)"
653,"11/5/23","16:54","CASES OF EMERGENCY","PGP","PGP RESIDENCES (BLOCK 12)"
654,"7/11/22","3:43","LOST AND FOUND","PGP","STORE 2 (NEAR KEVII HALL)"
655,"3/8/23","8:50","DAMAGED PROPERTIES","BTC","BTC-LOUNGE"
656,"16/9/23","22:05","CASES OF EMERGENCY","CDE","ENGINEERING BLOCK 4"
657,"17/11/22","12:59","SEXUAL INCIDENT REPORTS","UTown","RESIDENT COLLEGE 4"
658,"2/2/23","17:24","LOST AND FOUND","PGP","PGP RESIDENCES (BLOCK 1)"
659,"18/12/22","8:10","LOST AND FOUND","FOS","MEDICINE BLOCK 2"
660,"9/3/23","2:54","DAMAGED PROPERTIES","HALL","EUSOFF HALL (BLOCK A)"
661,"7/5/23","20:34","DAMAGED PROPERTIES","BTC","BTC-MOOT COURT"
662,"19/10/22","2:20","LOST AND FOUND","SOC","LECTURE THEATRE 14"
663,"1/4/23","0:25","STOLEN ITEMS","UCC","NATIONAL SINGAPORE WIND TUNNEL"
664,"18/10/22","21:40","STOLEN ITEMS","KR","SEA-TO-SPACE (18KR BUNGALOW)"
665,"29/8/23","23:13","DAMAGED PROPERTIES","FOS","LECTURE THEATRE 36 (ALICE AND PETER TAN)"
666,"25/8/23","21:37","STOLEN ITEMS","UTown","YALE EAST CORE"
667,"1/12/22","18:04","CASES OF EMERGENCY","BTC","BTC-LECTURE THEATRE"
668,"17/10/22","23:55","DAMAGED PROPERTIES","FOS","SCIENCE BLOCK 1A (LEE WEE KENG)"
669,"16/2/23","22:03","STOLEN ITEMS","FOS","CELS CARPARK"
670,"13/12/22","12:27","STOLEN ITEMS","PGP","3 PGP BUNGALOW"
671,"31/12/22","23:10","STOLEN ITEMS","UTown","DINNING HALL (C&T COLLEGE)"
672,"14/5/23","9:11","DAMAGED PROPERTIES","PGP","14A PGP BUNGALOW"
673,"26/5/23","11:24","CASES OF EMERGENCY","CDE","ENGINEERING WORKSHOP 1"
674,"28/2/23","17:40","LOST AND FOUND","HALL","TEMASEK HALL (COMMUNAL HALL)"
675,"26/4/23","16:57","LOST AND FOUND","HALL","SHEARES HALL (BLOCK A)"
676,"2/9/23","11:22","LOST AND FOUND","HALL","TEMASEK HALL (BLOCK A)"
677,"15/1/23","22:37","DAMAGED PROPERTIES","UTown","YALE FITNESS CENTER"
678,"18/1/23","8:44","LOST AND FOUND","FOS","SCIENCE BLOCK 2"
679,"12/6/23","16:28","CASES OF EMERGENCY","BTC","BTC-LOUNGE"
680,"15/4/23","16:34","CASES OF EMERGENCY","CDE","ENGINEERING BLOCK 5"
681,"28/10/22","4:08","LOST AND FOUND","HALL","SHEARES HALL (BLOCK C)"
682,"9/6/23","0:58","LOST AND FOUND","UTown","YALE SCIENCE BLOCK"
683,"29/1/23","3:43","LOST AND FOUND","PGP","KE VII HALL (BLOCK C)"
684,"24/5/23","4:08","DAMAGED PROPERTIES","KR","12A KR BUNGALOW"
685,"8/2/23","20:33","DAMAGED PROPERTIES","FOS","FOS - SHED B-NEXT TO S3&S4"
686,"10/2/23","10:09","LOST AND FOUND","FOS","MEDICINE BLOCK 11"
687,"17/6/23","17:50","DAMAGED PROPERTIES","CDE","ENGINEERING BLOCK 6"
688,"8/5/23","2:08","LOST AND FOUND","UTown","UTOWN RESIDENCE-NORTH TOWER"
689,"24/1/23","9:24","CASES OF EMERGENCY","BTC","BTC-EU TONG SEN"
690,"6/2/23","7:18","LOST AND FOUND","PGP","PGP RESIDENCES (BLOCK 18)"
691,"16/12/22","21:00","SEXUAL INCIDENT REPORTS","DNMS","DNMS CARPARK"
692,"22/4/23","11:19","LOST AND FOUND","YIH","RAFFLES HALL (COMMUNAL HALL)"
693,"2/7/23","4:32","STOLEN ITEMS","PGP","PGP RESIDENCES RESTAURANT"
694,"18/7/23","4:43","LOST AND FOUND","HALL","EUSOFF HALL (BLOCK B)"
695,"27/11/22","11:16","CASES OF EMERGENCY","CDE","INFORMATION TECHNOLOGY"
696,"28/2/23","23:30","STOLEN ITEMS","BTC","BTC-BLOCK B"
697,"2/1/23","1:40","DAMAGED PROPERTIES","SOC","COMPUTING BLOCK 1"
698,"2/6/23","7:24","LOST AND FOUND","FASS","ARTS & SOCIAL SCIENCES BLOCK 6"
699,"30/9/23","19:21","LOST AND FOUND","KV","KENT VALE APARTMENT BLK H, 117"
700,"9/4/23","10:24","DAMAGED PROPERTIES","PGP","KE VII HALL (BLOCK F)"
701,"28/6/23","5:50","LOST AND FOUND","PGP","3 PGP BUNGALOW"
702,"28/5/23","4:30","LOST AND FOUND","PGP","18 PGP BUNGALOW"
703,"26/8/23","17:35","DAMAGED PROPERTIES","YIH","UNIVERSITY HALL"
704,"3/10/23","10:01","CASES OF EMERGENCY","BIZ","BUSINESS BLOCK 2"
705,"3/3/23","22:55","STOLEN ITEMS","BTC","BTC-TOWER BLOCK"
706,"8/12/22","8:12","DAMAGED PROPERTIES","KR","11 KR BUNGALOW"
707,"28/8/23","6:24","LOST AND FOUND","UTown","COLLEGE OF A&P TAN -TOWER"
708,"15/6/23","14:52","LOST AND FOUND","BTC","BTC-SUB-STATION"
709,"16/2/23","1:07","STOLEN ITEMS","PGP","PGP RESIDENCES (BLOCK 24)"
710,"26/8/23","21:41","DAMAGED PROPERTIES","FOS","MEDICINE BLOCK 7"
711,"13/9/23","17:07","STOLEN ITEMS","BTC","BTC-MOOT COURT"
712,"23/1/23","4:06","LOST AND FOUND","UTown","YALE RESIDENTIAL COLLEGE 2"
713,"13/2/23","22:05","DAMAGED PROPERTIES","PGP","TECH CTR FOR OFFSHORE & MARINE"
714,"29/7/23","13:45","STOLEN ITEMS","HALL","TEMASEK HALL (BLOCK E)"
715,"2/2/23","8:59","LOST AND FOUND","SOC","COMPUTING BLOCK 3"
716,"25/8/23","0:54","CASES OF EMERGENCY","UTown","CREATE (UTOWN PLAZA)"
717,"27/12/22","8:07","STOLEN ITEMS","FOS","MEDICINE BLOCK 11"
718,"24/8/23","0:30","SEXUAL INCIDENT REPORTS","CDE","DESIGN & ENVIRONMENT BLOCK 2"
719,"13/5/23","23:16","LOST AND FOUND","CDE","ENGINEERING AUDITORIUM"
720,"20/9/23","4:12","CASES OF EMERGENCY","PGP","PGP RESIDENCES (BLOCK 17)"
721,"7/7/23","4:03","STOLEN ITEMS","BTC","BTC-LI KA SHING BUILDING"
722,"23/3/23","3:18","STOLEN ITEMS","UTown","DINING HALL (RC4 & CAPT)"
723,"7/10/23","12:28","STOLEN ITEMS","SOC","LECTURE THEATRE 19"
724,"12/2/23","2:47","LOST AND FOUND","UTown","DINNING HALL (C&T COLLEGE)"
725,"1/4/23","11:41","LOST AND FOUND","UCC","YST CONSERVATORY OF MUSIC"
726,"7/2/23","4:01","DAMAGED PROPERTIES","PGP","PGP RESIDENCES (BLOCK 1)"
727,"6/12/22","13:27","LOST AND FOUND","UTown","CINNAMON LEARN LOBE"
728,"23/6/23","1:47","LOST AND FOUND","PGP","PGP RESIDENCES CANTEEN 2"
729,"28/3/23","13:43","DAMAGED PROPERTIES","PGP","PGP RESIDENCES (BLOCK 27)"
730,"11/7/23","20:18","DAMAGED PROPERTIES","HALL","EUSOFF HALL (BLOCK A)"
731,"25/2/23","5:15","DAMAGED PROPERTIES","UTown","COLLEGE OF A&P TAN -MPH"
732,"30/4/23","1:33","DAMAGED PROPERTIES","DNMS","DNMS CARPARK"
733,"17/9/23","0:51","SEXUAL INCIDENT REPORTS","PGP","INNOVATION 4.0"
734,"15/3/23","5:51","STOLEN ITEMS","KR","5 KR BUNGALOW"
735,"30/6/23","12:55","LOST AND FOUND","HALL","TEMASEK HALL (COMMUNAL HALL)"
736,"12/9/23","19:17","DAMAGED PROPERTIES","FOS","FOS-RICE SHED C-NEXT TO S3&S4"
737,"11/9/23","20:04","LOST AND FOUND","UTown","UTOWN RESIDENCE-NORTH TOWER"
738,"13/5/23","21:32","DAMAGED PROPERTIES","FOS","MEDICINE BLOCK 10"
739,"1/11/22","3:45","DAMAGED PROPERTIES","FOS","LECTURE THEATRE 26"
740,"23/8/23","6:56","SEXUAL INCIDENT REPORTS","BTC","BTC-CJ KOH LIBRARY"
741,"1/6/23","19:46","DAMAGED PROPERTIES","PGP","PGP BUS-STOP (OFFICE)"
742,"8/2/23","0:53","CASES OF EMERGENCY","FOS","NATIONAL UNIVERSITY CENTRE FOR ORAL HEALTH SINGAPORE"
743,"13/4/23","12:06","DAMAGED PROPERTIES","UTown","CINNAMON UNI SCH PROG (USP)"
744,"19/7/23","10:05","LOST AND FOUND","PGP","PGP RESIDENCES (BLOCK 18)"
745,"25/10/22","10:40","LOST AND FOUND","BTC","BTC-LOUNGE"
746,"28/1/23","22:08","STOLEN ITEMS","UTown","CREATE (UTOWN PLAZA)"
747,"15/3/23","12:13","DAMAGED PROPERTIES","FASS","LECTURE THEATRE 12"
748,"7/7/23","1:13","LOST AND FOUND","KR","9 KR BUNGALOW"
749,"5/9/23","1:23","DAMAGED PROPERTIES","FOS","SCIENCE BLOCK 8"
750,"18/9/23","13:40","CASES OF EMERGENCY","YIH","RAFFLES HALL (BLOCK C)"
751,"28/2/23","1:41","DAMAGED PROPERTIES","FOS","LECTURE THEATRE 33"
752,"16/7/23","13:39","DAMAGED PROPERTIES","UTown","DINING HALL (RC4 & CAPT)"
753,"23/6/23","22:40","DAMAGED PROPERTIES","YIH","RIDGE VIEW RESIDENCE (BLOCK B)"
754,"4/2/23","18:01","DAMAGED PROPERTIES","CDE","ENGINEERING BLOCK A"
755,"8/12/22","2:24","LOST AND FOUND","BTC","BTC-LI KA SHING BUILDING"
756,"15/1/23","2:02","STOLEN ITEMS","FOS","LECTURE THEATRE 20"
757,"2/9/23","2:50","LOST AND FOUND","PGP","TEMASEK LIFE SCIENCE LAB"
758,"27/8/23","20:31","STOLEN ITEMS","PGP","PGP RESIDENCES (BLOCK 20)"
759,"25/4/23","20:13","LOST AND FOUND","CDE","EL SERVICE RESERVOIRS 1&2"
760,"9/1/23","7:07","DAMAGED PROPERTIES","FOS","LECTURE THEATRE 33"
761,"29/12/22","1:15","LOST AND FOUND","PGP","CRISP (NEAR KEVII HALL)"
762,"25/12/22","19:54","DAMAGED PROPERTIES","FOS","CANTEEN 4 (FRONTIER)"
763,"25/5/23","23:16","DAMAGED PROPERTIES","UTown","CREATE (INNOVATION)"
764,"22/12/22","20:52","STOLEN ITEMS","BTC","18 EVANS BUNGALOW"
765,"4/7/23","23:18","STOLEN ITEMS","CDE","ENGINEERING BLOCK 2A (EDIC)"
766,"5/4/23","9:01","DAMAGED PROPERTIES","PGP","PGP RESIDENCES (BLOCK 1)"
767,"24/3/23","23:57","STOLEN ITEMS","UCC","ALICE LEE PLAZA"
768,"3/6/23","0:44","LOST AND FOUND","SOC","DATA-CENTRE-NUS HIGH SCHOOL"
769,"25/3/23","8:37","DAMAGED PROPERTIES","FOS","SCIENCE BLOCK 8"
770,"30/12/22","19:18","STOLEN ITEMS","UTown","YALE EAST CORE"
771,"19/8/23","8:06","CASES OF EMERGENCY","PGP","3 PGP BUNGALOW"
772,"15/12/22","20:32","LOST AND FOUND","CDE","ENGINEERING BLOCK A"
773,"2/7/23","1:08","DAMAGED PROPERTIES","FOS","SCIENCE BLOCK 7"
774,"10/6/23","5:10","DAMAGED PROPERTIES","UTown","EDUCATION RESOURCE CENTRE"
775,"28/10/22","14:01","DAMAGED PROPERTIES","UTown","EDUCATION RESOURCE CENTRE"
776,"4/2/23","14:46","LOST AND FOUND","HALL","HOUSE 5 ANNEX"
777,"12/6/23","16:57","CASES OF EMERGENCY","KV","KENT VALE APARTMENT BLK G, 115"
778,"20/4/23","9:56","DAMAGED PROPERTIES","UTown","YALE WEST CORE"
779,"27/12/22","8:53","LOST AND FOUND","YIH","RAFFLES HALL (BLOCK D)"
780,"18/9/23","15:40","DAMAGED PROPERTIES","HALL","TEMASEK HALL (BLOCK D)"
781,"10/5/23","0:52","SEXUAL INCIDENT REPORTS","HALL","EUSOFF HALL (BLOCK A)"
782,"26/8/23","7:48","DAMAGED PROPERTIES","FOS","SCIENCE BLOCK 1A (LEE WEE KENG)"
783,"3/3/23","8:24","SEXUAL INCIDENT REPORTS","PGP","PGP RESIDENCES (BLOCK 7)"
784,"16/1/23","22:59","SEXUAL INCIDENT REPORTS","UTown","YALE DINNING SERVICES"
785,"18/10/22","12:24","DAMAGED PROPERTIES","KR","4 KR BUNGALOW"
786,"29/1/23","3:04","DAMAGED PROPERTIES","FOS","MEDICINE BLOCK 3"
787,"23/5/23","12:23","LOST AND FOUND","CDE","ENGINEERING BLOCK 1"
788,"10/9/23","20:19","DAMAGED PROPERTIES","PGP","18A PGP BUNGALOW"
789,"22/4/23","12:19","LOST AND FOUND","PGP","8 PGP BUNGALOW"
790,"23/11/22","3:59","LOST AND FOUND","FOS","MD BLK 6 (CTR FOR TRANS  MED)"
791,"4/7/23","13:13","SEXUAL INCIDENT REPORTS","UTown","YALE RESIDENTIAL COLLEGE 3"
792,"28/4/23","17:27","STOLEN ITEMS","BIZ","SHAW FOUNDATION ALUMNI HOUSE"
793,"21/12/22","9:28","LOST AND FOUND","YIH","RAFFLES HALL (BLOCK C)"
794,"21/3/23","16:06","SEXUAL INCIDENT REPORTS","FASS","ARTS & SOCIAL SCIENCES BLOCK 1"
795,"3/6/23","10:31","DAMAGED PROPERTIES","FOS","SUB-STATION 3 (NEAR S13)"
796,"16/4/23","20:08","STOLEN ITEMS","FOS","LECTURE THEATRE 34"
797,"26/5/23","23:53","DAMAGED PROPERTIES","FOS","LECTURE THEATRE 29"
798,"6/11/22","14:57","DAMAGED PROPERTIES","FASS","LECTURE THEATRE 11"
799,"6/10/23","20:18","LOST AND FOUND","FOS","MEDICINE BLOCK 10"
800,"5/2/23","21:29","LOST AND FOUND","PGP","18 PGP BUNGALOW"
801,"23/3/23","7:56","CASES OF EMERGENCY","FASS","ARTS & SOCIAL SCIENCES BLOCK 3"
802,"16/4/23","9:53","DAMAGED PROPERTIES","CDE","LECTURE THEATRE 7"
803,"12/1/23","22:04","LOST AND FOUND","UTown","CINNAMON COLLEGE -MAIN BLK"
804,"17/1/23","8:57","STOLEN ITEMS","PGP","3 PGP BUNGALOW"
805,"23/5/23","9:30","DAMAGED PROPERTIES","YIH","MULTI-PURPOSE HALL 5 & 6"
806,"23/5/23","5:00","LOST AND FOUND","SOC","LECTURE THEATRE 16"
807,"12/11/22","21:20","LOST AND FOUND","UTown","CREATE (INNOVATION)"
808,"15/7/23","1:47","DAMAGED PROPERTIES","UTown","CREATE (RESEARCH)"
809,"8/12/22","0:00","LOST AND FOUND","HALL","EUSOFF HALL (BLOCK E)"
810,"14/4/23","2:47","LOST AND FOUND","UTown","STEPHEN RIADY CENTRE"
811,"6/10/23","10:06","LOST AND FOUND","FOS","MEDICINE BLOCK 10"
812,"17/2/23","5:35","LOST AND FOUND","FOS","SCIENCE BLOCK 13"
813,"7/11/22","12:45","STOLEN ITEMS","PGP","PGP RESIDENCES (BLOCK 22)"
814,"24/5/23","10:03","DAMAGED PROPERTIES","FOS","LECTURE THEATRE 34"
815,"24/9/23","16:19","LOST AND FOUND","FOS","SCIENCE BLOCK 4A"
816,"13/5/23","16:38","DAMAGED PROPERTIES","BTC","BTC-LECTURE THEATRE"
817,"22/9/23","1:39","LOST AND FOUND","FOS","SUB-STATION 3 (NEAR S13)"
818,"5/9/23","16:24","CASES OF EMERGENCY","UTown","YALE RESIDENTIAL COLLEGE 3"
819,"20/8/23","21:32","DAMAGED PROPERTIES","SOC","LECTURE THEATRE 19"
820,"24/10/22","22:22","LOST AND FOUND","BIZ","NUS SOCIETY-GUILD HOUSE"
821,"25/3/23","18:41","DAMAGED PROPERTIES","FOS","MEDICINE + SCIENCE LIBRARY"
822,"12/12/22","15:13","LOST AND FOUND","BIZ","NUS ENTERPRISE-JTC BLK71"
823,"28/3/23","11:51","CASES OF EMERGENCY","UCC","UNIVERSITY CULTURAL CENTRE"
824,"11/6/23","6:40","LOST AND FOUND","BIZ","BUSINESS BLOCK 1-MOCHTAR RIADY"
825,"26/11/22","3:26","DAMAGED PROPERTIES","CDE","ENGINEERING BLOCK 5"
826,"6/11/22","20:57","DAMAGED PROPERTIES","UTown","YALE DINNING SERVICES"
827,"22/1/23","7:40","DAMAGED PROPERTIES","FOS","LECTURE THEATRE 36 (ALICE AND PETER TAN)"
828,"17/6/23","19:31","LOST AND FOUND","YIH","MULTI-PURPOSE HALL 1 - 4"
829,"25/1/23","17:17","LOST AND FOUND","YIH","RIDGE VIEW RESIDENCE (BLOCK E)"
830,"5/2/23","3:58","LOST AND FOUND","SOC","ISS CARPARK"
831,"16/9/23","13:43","LOST AND FOUND","BTC","18 EVANS BUNGALOW"
832,"26/4/23","15:00","CASES OF EMERGENCY","YIH","UNIVERSITY SPORT CENTRE"
833,"20/12/22","22:30","LOST AND FOUND","PGP","PGP RESIDENCES (BLOCK 30)"
834,"26/5/23","6:57","LOST AND FOUND","PGP","17 PGP BUNGALOW"
835,"14/12/22","23:23","LOST AND FOUND","PGP","PGP RESIDENCES (BLOCK 15)"
836,"10/9/23","14:42","LOST AND FOUND","CDE","TEMASEK LAB"
837,"3/5/23","20:05","LOST AND FOUND","PGP","PGP RESIDENCES (BLOCK 16)"
838,"24/10/22","12:13","LOST AND FOUND","CDE","LECTURE THEATRE 1"
839,"30/10/22","22:24","LOST AND FOUND","HALL","KENT RIDGE (COMMUNAL HALL)"
840,"21/11/22","12:13","STOLEN ITEMS","UCC","DECOM SUB-STATION 1 (NEAR LKCNHM)"
841,"18/7/23","4:29","LOST AND FOUND","FOS","FOS - SHED B-NEXT TO S3&S4"
842,"1/5/23","7:18","LOST AND FOUND","UTown","CREATE (INNOVATION)"
843,"30/5/23","5:25","DAMAGED PROPERTIES","UCC","ALICE LEE PLAZA"
844,"10/4/23","15:47","LOST AND FOUND","YIH","NUS STAFF CLUB"
845,"4/9/23","0:15","LOST AND FOUND","FOS","MEDICINE BLOCK 4"
846,"25/7/23","3:51","LOST AND FOUND","FASS","ARTS & SOCIAL SCIENCES BLOCK 1"
847,"5/2/23","18:03","LOST AND FOUND","FOS","LECTURE THEATRE 28"
848,"31/1/23","20:22","DAMAGED PROPERTIES","UCC","BOOSTER PUMP HSE(NEXT LKCNHM)"
849,"5/4/23","20:34","LOST AND FOUND","BTC","BTC-TOWER BLOCK"
850,"5/10/23","5:16","LOST AND FOUND","KV","KENT VALE APARTMENT BLK H, 117"
851,"1/9/23","5:56","LOST AND FOUND","UTown","UTOWN RESIDENCE SOUTH-TOWER"
852,"18/6/23","16:24","STOLEN ITEMS","CDE","DESIGN & ENVIRONMENT BLOCK 3"
853,"25/4/23","0:26","STOLEN ITEMS","BTC","BTC-LECTURE THEATRE"
854,"13/12/22","8:47","DAMAGED PROPERTIES","FOS","LECTURE THEATRE 33"
855,"5/7/23","23:02","SEXUAL INCIDENT REPORTS","CDE","INFORMATION TECHNOLOGY"
856,"8/4/23","0:29","LOST AND FOUND","HALL","TEMASEK HALL (BLOCK B)"
857,"21/6/23","0:12","CASES OF EMERGENCY","UCC","UNIVERSITY CULTURAL CENTRE"
858,"19/3/23","17:01","LOST AND FOUND","PGP","PGP BUS-STOP (OFFICE)"
859,"16/11/22","0:01","CASES OF EMERGENCY","CDE","TEMASEK LAB"
860,"26/6/23","6:03","LOST AND FOUND","PGP","7 PGP BUNGALOW"
861,"27/3/23","23:02","STOLEN ITEMS","YIH","RAFFLES HALL (BLOCK C)"
862,"3/12/22","1:16","LOST AND FOUND","PGP","CRISP (NEAR KEVII HALL)"
863,"7/8/23","6:21","DAMAGED PROPERTIES","BTC","BTC-TOWER BLOCK"
864,"11/8/23","7:36","DAMAGED PROPERTIES","UTown","COLLEGE OF A&P TAN -TOWER"
865,"28/1/23","12:32","SEXUAL INCIDENT REPORTS","CDE","ENGINEERING BLOCK 4A"
866,"21/6/23","15:11","DAMAGED PROPERTIES","PGP","PGP RESIDENCES (BLOCK 30)"
867,"7/2/23","8:22","LOST AND FOUND","HALL","EUSOFF HALL (BLOCK E)"
868,"15/11/22","17:23","STOLEN ITEMS","HALL","DECOM SUB-STATION 2 (NEAR TEM HALL)"
869,"5/1/23","1:38","LOST AND FOUND","FOS","NUHS-MAIN BUILDING"
870,"12/10/23","16:17","LOST AND FOUND","PGP","PGP RESIDENCES (BLOCK 9)"
871,"28/2/23","9:52","LOST AND FOUND","BIZ","SHAW FOUNDATION ALUMNI HOUSE"
872,"15/11/22","3:32","DAMAGED PROPERTIES","CDE","LECTURE THEATRE 1"
873,"10/7/23","20:43","LOST AND FOUND","FOS","DSO CARPARK"
874,"6/3/23","7:24","CASES OF EMERGENCY","PGP","PGP RESIDENCES (BLOCK 1)"
875,"9/7/23","7:46","LOST AND FOUND","FASS","ARTS & SOCIAL SCIENCES BLOCK 8"
876,"11/11/22","23:17","DAMAGED PROPERTIES","DNMS","DNMS CARPARK"
877,"15/2/23","14:51","CASES OF EMERGENCY","FOS","FOS-RICE SHED C-NEXT TO S3&S4"
878,"16/7/23","12:26","LOST AND FOUND","UTown","DINNING HALL (C&T COLLEGE)"
879,"7/3/23","19:31","DAMAGED PROPERTIES","UTown","RESIDENT COLLEGE 4 -MPH"
880,"18/5/23","18:39","LOST AND FOUND","FASS","AS8 CARPARK"
881,"12/12/22","14:14","DAMAGED PROPERTIES","FASS","CENTRAL LIBRARY"
882,"7/8/23","3:25","CASES OF EMERGENCY","HMKT","HENG MUI KENG TERRACE BLOCK B"
883,"13/8/23","17:22","LOST AND FOUND","KV","KENT VALE APARTMENT BLK G, 115"
884,"5/10/23","4:01","LOST AND FOUND","PGP","14A PGP BUNGALOW"
885,"23/1/23","9:14","STOLEN ITEMS","SOC","COMPUTING BLOCK 2"
886,"31/1/23","15:15","LOST AND FOUND","HALL","EUSOFF HALL (BLOCK E)"
887,"27/5/23","16:37","LOST AND FOUND","KR","1 KR BUNGALOW"
888,"30/12/22","23:43","LOST AND FOUND","FOS","MEDICINE BLOCK 2"
889,"9/5/23","19:41","SEXUAL INCIDENT REPORTS","UTown","RESIDENT COLLEGE 4 -MPH"
890,"20/2/23","21:05","LOST AND FOUND","UTown","UTOWN RESIDENCE-NORTH TOWER"
891,"21/5/23","4:36","LOST AND FOUND","HALL","SHEARES HALL (BLOCK C)"
892,"31/3/23","1:04","LOST AND FOUND","KR","9 KR BUNGALOW"
893,"3/3/23","15:33","LOST AND FOUND","HALL","TEMASEK HALL (COMMUNAL HALL)"
894,"26/8/23","6:41","DAMAGED PROPERTIES","CDE","ENGINEERING AUDITORIUM"
895,"7/11/22","7:27","LOST AND FOUND","CDE","ENGINEERING AUDITORIUM"
896,"6/7/23","13:30","DAMAGED PROPERTIES","FOS","SCIENCE BLOCK 8"
897,"12/1/23","17:13","STOLEN ITEMS","FOS","LECTURE THEATRE 20"
898,"15/3/23","13:53","DAMAGED PROPERTIES","PGP","PGP RESIDENCES LECTURE THEATRE"
899,"1/8/23","4:09","LOST AND FOUND","FOS","MEDICINE BLOCK 2"
900,"3/5/23","22:32","LOST AND FOUND","PGP","PGP RESIDENCES (BLOCK 24)"
901,"27/12/22","4:57","DAMAGED PROPERTIES","HALL","KENT RIDGE HALL (BLOCK B)"
902,"11/8/23","23:48","LOST AND FOUND","PGP","PGP BUS-STOP (OFFICE)"
903,"8/12/22","20:57","LOST AND FOUND","PGP","KE VII HALL (COMMUNAL HALL)"
904,"21/11/22","4:13","DAMAGED PROPERTIES","FOS","DSO CARPARK"
905,"26/3/23","14:56","LOST AND FOUND","PGP","PGP RESIDENCES (BLOCK 4)"
906,"21/2/23","20:45","DAMAGED PROPERTIES","UCC","YST CONSERVATORY OF MUSIC"
907,"30/4/23","16:39","LOST AND FOUND","HALL","KENT RIDGE (COMMUNAL HALL)"
908,"21/12/22","9:15","DAMAGED PROPERTIES","UTown","DINNING HALL (C&T COLLEGE)"
909,"31/5/23","3:15","LOST AND FOUND","PGP","PGP RESIDENCES (BLOCK 18)"
910,"3/9/23","17:50","STOLEN ITEMS","PGP","6 PGP BUNGALOW"
911,"25/2/23","18:09","LOST AND FOUND","CDE","EXPERIMENTAL HOUSE"
912,"20/7/23","20:45","DAMAGED PROPERTIES","FOS","SCIENCE BLOCK 17"
913,"28/8/23","19:12","STOLEN ITEMS","BTC","16 EVANS BUNGALOW"
914,"25/11/22","17:22","LOST AND FOUND","UTown","YALE WEST CORE"
915,"9/7/23","22:04","DAMAGED PROPERTIES","FOS","LECTURE THEATRE 33"
916,"18/9/23","16:35","DAMAGED PROPERTIES","HALL","SHEARES HALL (BLOCK C)"
917,"23/3/23","20:43","LOST AND FOUND","HALL","KENT RIDGE HALL (BLOCK C)"
918,"24/4/23","6:54","LOST AND FOUND","HALL","TEMASEK HALL (BLOCK E)"
919,"22/7/23","23:50","LOST AND FOUND","PGP","KE VII HALL (COMMUNAL HALL)"
920,"24/5/23","12:42","STOLEN ITEMS","FOS","CANTEEN 4 (FRONTIER)"
921,"26/10/22","11:35","STOLEN ITEMS","HALL","KENT RIDGE HALL (BLOCK B)"
922,"29/3/23","0:59","STOLEN ITEMS","UTown","YALE SPORTS HALL"
923,"19/2/23","6:02","DAMAGED PROPERTIES","SOC","I3"
924,"1/2/23","2:00","STOLEN ITEMS","FOS","LECTURE THEATRE 36 (ALICE AND PETER TAN)"
925,"17/10/22","9:50","STOLEN ITEMS","HALL","KENT RIDGE HALL (BLOCK B)"
926,"20/8/23","3:06","LOST AND FOUND","PGP","8 PGP BUNGALOW"
927,"7/11/22","21:03","SEXUAL INCIDENT REPORTS","HALL","INSTITUTE OF SYSTEMS SCIENCE"
928,"21/4/23","7:35","LOST AND FOUND","FOS","SCIENCE BLOCK 11"
929,"16/5/23","17:17","LOST AND FOUND","CDE","E6 CARPARK"
930,"22/12/22","9:11","DAMAGED PROPERTIES","BTC","16 EVANS BUNGALOW"
931,"8/10/23","8:21","LOST AND FOUND","PGP","PGP RESIDENCES RESTAURANT"
932,"20/7/23","7:28","LOST AND FOUND","UTown","CREATE (ENTERPRISE)"
933,"12/10/23","19:57","CASES OF EMERGENCY","UTown","UHALL CARPARK"
934,"5/10/23","5:53","LOST AND FOUND","PGP","8 PGP BUNGALOW"
935,"5/11/22","2:19","CASES OF EMERGENCY","FASS","ARTS & SOCIAL SCIENCES BLOCK 5"
936,"1/7/23","8:39","LOST AND FOUND","HALL","SHEARES HALL (BLOCK A)"
937,"5/5/23","10:24","STOLEN ITEMS","PGP","17 PGP BUNGALOW"
938,"14/6/23","4:26","CASES OF EMERGENCY","CDE","ENGINEERING BLOCK 8"
939,"21/7/23","11:36","LOST AND FOUND","KR","9 KR BUNGALOW"
940,"4/11/22","18:04","DAMAGED PROPERTIES","CDE","INFORMATION TECHNOLOGY"
941,"12/5/23","6:47","CASES OF EMERGENCY","FOS","FOS - SHED B-NEXT TO S3&S4"
942,"18/12/22","22:21","STOLEN ITEMS","UCC","BOOSTER PUMP HSE(NEXT LKCNHM)"
943,"13/2/23","3:48","DAMAGED PROPERTIES","PGP","PGP RESIDENCES (BLOCK 27)"
944,"17/12/22","18:15","DAMAGED PROPERTIES","PGP","PGP RESIDENCES (BLOCK 30)"
945,"15/1/23","8:43","CASES OF EMERGENCY","PGP","PGP RESIDENCES (BLOCK 5)"
946,"8/5/23","23:40","SEXUAL INCIDENT REPORTS","BTC","BTC- MULTIPURPOSE AUDITORIUM"
947,"27/8/23","9:08","STOLEN ITEMS","YIH","RAFFLES HALL (BLOCK B)"
948,"19/12/22","17:49","DAMAGED PROPERTIES","PGP","PGP RESIDENCES (BLOCK 8)"
949,"19/8/23","17:16","CASES OF EMERGENCY","FASS","ARTS & SOCIAL SCIENCES BLOCK 4"
950,"12/1/23","0:26","LOST AND FOUND","HALL","SHEARES HALL (BLOCK B)"
951,"12/1/23","7:08","DAMAGED PROPERTIES","UTown","CREATE (INNOVATION)"
952,"6/10/23","3:31","DAMAGED PROPERTIES","UTown","YALE ADMINISTRATION BLOCK"
953,"15/9/23","0:29","LOST AND FOUND","PGP","3 PGP BUNGALOW"
954,"29/8/23","2:47","LOST AND FOUND","PGP","PGP RESIDENCES (BLOCK 5)"
955,"18/12/22","22:35","STOLEN ITEMS","PGP","KE VII HALL (COMMUNAL HALL)"
956,"17/3/23","10:09","CASES OF EMERGENCY","DNMS","TAN CHENG LOCK BABA HSE MUSEUM"
957,"28/4/23","8:37","DAMAGED PROPERTIES","HALL","SHEARES HALL (BLOCK D)"
958,"31/1/23","7:46","STOLEN ITEMS","CDE","LECTURE THEATRE 6"
959,"18/5/23","18:08","LOST AND FOUND","YIH","RAFFLES HALL (BLOCK C)"
960,"18/5/23","7:55","CASES OF EMERGENCY","YIH","KUOK FOUNDATION HOUSE"
961,"1/3/23","0:01","LOST AND FOUND","PGP","PGP RESIDENCES RESTAURANT"
962,"17/4/23","13:45","DAMAGED PROPERTIES","FASS","LECTURE THEATRE 10"
963,"24/10/22","15:00","STOLEN ITEMS","FOS","MEDICINE BLOCK 3"
964,"7/12/22","16:31","LOST AND FOUND","BTC","BTC-OEI TIONG HAM"
965,"22/10/22","2:15","DAMAGED PROPERTIES","PGP","PGP RESIDENCES (BLOCK 7)"
966,"5/12/22","2:21","DAMAGED PROPERTIES","FOS","SCIENCE BLOCK 16"
967,"4/9/23","5:29","LOST AND FOUND","CDE","ENGINEERING BLOCK 3"
968,"3/3/23","0:42","SEXUAL INCIDENT REPORTS","FOS","LECTURE THEATRE 36 (ALICE AND PETER TAN)"
969,"8/12/22","16:40","DAMAGED PROPERTIES","FOS","DSO BUILDING"
970,"13/8/23","4:34","CASES OF EMERGENCY","UTown","SRC CARPARK"
971,"15/1/23","17:59","DAMAGED PROPERTIES","FASS","ARTS & SOCIAL SCIENCES BLOCK 4"
972,"17/5/23","12:11","STOLEN ITEMS","PGP","PGP RESIDENCES (BLOCK 8)"
973,"11/12/22","22:07","LOST AND FOUND","PGP","PGP RESIDENCES (BLOCK 30)"
974,"3/9/23","16:12","LOST AND FOUND","HALL","TEMASEK HALL (BLOCK D)"
975,"28/8/23","15:12","LOST AND FOUND","UTown","TEMBUSU LEARN LOBE"
976,"26/9/23","15:31","DAMAGED PROPERTIES","PGP","KE VII HALL (BLOCK G)"
977,"9/7/23","13:38","DAMAGED PROPERTIES","FASS","CENTRAL STORAGE LIBRARY ANNEX"
978,"6/9/23","1:21","DAMAGED PROPERTIES","KV","KENT VALE CHILD CARE CENTRE"
979,"1/8/23","20:04","STOLEN ITEMS","HALL","SHEARS HALL/KENT RIDGE HALL SHARED SPACE"
980,"5/7/23","22:21","CASES OF EMERGENCY","CDE","ENGINEERING BLOCK 1"
981,"9/3/23","21:21","LOST AND FOUND","PGP","KE VII HALL (BLOCK G)"
982,"23/8/23","21:20","LOST AND FOUND","FASS","LECTURE THEATRE 12"
983,"23/9/23","13:58","DAMAGED PROPERTIES","UTown","YALE RESIDENTIAL COLLEGE 1"
984,"13/3/23","11:07","STOLEN ITEMS","CDE","DESIGN & ENVIRONMENT BLOCK 2"
985,"29/4/23","10:27","SEXUAL INCIDENT REPORTS","KV","KENT VALE APARTMENT BLK H, 117"
986,"4/9/23","20:18","CASES OF EMERGENCY","FOS","FOS-RICE SHED C-NEXT TO S3&S4"
987,"25/3/23","2:52","SEXUAL INCIDENT REPORTS","BTC","BTC-BIN CENTRE"
988,"1/8/23","3:00","LOST AND FOUND","KR","4 KR BUNGALOW"
989,"17/7/23","16:58","LOST AND FOUND","CDE","ENGINEERING BLOCK 2"
990,"7/11/22","3:31","LOST AND FOUND","CDE","ENGINEERING BLOCK 2"
991,"4/5/23","7:28","DAMAGED PROPERTIES","PGP","2 PGP BUNGALOW"
992,"19/7/23","23:23","CASES OF EMERGENCY","KV","KENT VALE APARTMENT BLK B, 105"
993,"25/3/23","22:03","SEXUAL INCIDENT REPORTS","YIH","RIDGE VIEW RESIDENCE (BLOCK A)"
994,"2/11/22","17:37","LOST AND FOUND","UTown","COLLEGE OF A&P TAN -TOWER"
995,"15/10/23","16:53","LOST AND FOUND","FOS","LECTURE THEATRE 31"
996,"10/12/22","19:22","LOST AND FOUND","FOS","SCIENCE BLOCK 8"
997,"10/8/23","13:15","CASES OF EMERGENCY","PGP","KE VII HALL (BLOCK F)"
998,"10/2/23","21:16","LOST AND FOUND","PGP","8 PGP BUNGALOW"
999,"21/3/23","2:41","LOST AND FOUND","SOC","LECTURE THEATRE 19"
1000,"2/9/23","0:29","SEXUAL INCIDENT REPORTS","FASS","ARTS & SOCIAL SCIENCES BLOCK 1"
